ISO-10303-21;
HEADER;
FILE_DESCRIPTION (( 'STEP AP214' ),
    '1' );
FILE_NAME ('557.STEP',
    '2023-09-07T02:17:08',
    ( '' ),
    ( 'Keystone Electronics — https://www.keyelco.com/product.cfm/product_id/739' ),
    'SwSTEP 2.0',
    'SolidWorks 2021',
    '' );
FILE_SCHEMA (( 'AUTOMOTIVE_DESIGN' ));
ENDSEC;

DATA;
#1 = ADVANCED_FACE ( 'NONE', ( #1549 ), #106, .T. ) ;
#2 = DIRECTION ( 'NONE',  ( 0.9945218953682731788, -0.1045284632676560521, -6.938893903907229918E-18 ) ) ;
#3 = DIRECTION ( 'NONE',  ( 0.000000000000000000, 1.110223024625156294E-16, -1.000000000000000000 ) ) ;
#4 = AXIS2_PLACEMENT_3D ( 'NONE', #233, #1812, #223 ) ;
#5 = CARTESIAN_POINT ( 'NONE',  ( -0.1506421356237307163, 2.561107494060246767E-17, -0.04589999999999998248 ) ) ;
#6 = AXIS2_PLACEMENT_3D ( 'NONE', #741, #1636, #1114 ) ;
#7 = DIRECTION ( 'NONE',  ( -0.7071067811865440200, -0.7071067811865511255, -2.775557561562891351E-17 ) ) ;
#8 = CARTESIAN_POINT ( 'NONE',  ( -0.2033629072083007472, 0.3806617308452343584, 0.1250000000000000555 ) ) ;
#9 = ORIENTED_EDGE ( 'NONE', *, *, #1265, .F. ) ;
#10 = DIRECTION ( 'NONE',  ( -0.000000000000000000, 0.000000000000000000, 1.000000000000000000 ) ) ;
#11 = DIRECTION ( 'NONE',  ( 0.000000000000000000, -2.220446049250312588E-16, 1.000000000000000000 ) ) ;
#12 = ORIENTED_EDGE ( 'NONE', *, *, #435, .T. ) ;
#13 = AXIS2_PLACEMENT_3D ( 'NONE', #192, #719, #2080 ) ;
#14 = LINE ( 'NONE', #1236, #778 ) ;
#15 = VECTOR ( 'NONE', #2184, 39.37007874015748854 ) ;
#16 = CARTESIAN_POINT ( 'NONE',  ( -0.1364999999999999547, 0.01999999999999998307, 0.04590000000000005187 ) ) ;
#17 = DIRECTION ( 'NONE',  ( 0.000000000000000000, -2.220446049250312588E-16, 1.000000000000000000 ) ) ;
#18 = ORIENTED_EDGE ( 'NONE', *, *, #98, .F. ) ;
#19 = DIRECTION ( 'NONE',  ( -0.9945218953682732899, 0.1045284632676538317, 0.000000000000000000 ) ) ;
#20 = CYLINDRICAL_SURFACE ( 'NONE', #2206, 0.009999999999999995004 ) ;
#21 = ORIENTED_EDGE ( 'NONE', *, *, #933, .F. ) ;
#22 = VECTOR ( 'NONE', #182, 39.37007874015748143 ) ;
#23 = ADVANCED_FACE ( 'NONE', ( #2143 ), #20, .T. ) ;
#24 = DIRECTION ( 'NONE',  ( 0.000000000000000000, 1.000000000000000000, 0.000000000000000000 ) ) ;
#25 = DIRECTION ( 'NONE',  ( 0.9945218953682732899, -0.1045284632676542064, -6.938893903907231459E-18 ) ) ;
#26 = EDGE_CURVE ( 'NONE', #368, #1478, #905, .T. ) ;
#27 = CARTESIAN_POINT ( 'NONE',  ( -0.2220024528563770971, 0.2991056072701319679, 1.707404996040164512E-16 ) ) ;
#28 = ORIENTED_EDGE ( 'NONE', *, *, #116, .T. ) ;
#29 = DIRECTION ( 'NONE',  ( -0.9945218953682732899, 0.1045284632676538317, 0.000000000000000000 ) ) ;
#30 = PLANE ( 'NONE',  #1192 ) ;
#31 = VECTOR ( 'NONE', #1942, 39.37007874015748143 ) ;
#32 = EDGE_CURVE ( 'NONE', #159, #1991, #743, .T. ) ;
#33 = DIRECTION ( 'NONE',  ( -1.000000000000000000, 0.000000000000000000, 0.000000000000000000 ) ) ;
#34 = EDGE_CURVE ( 'NONE', #454, #1243, #480, .T. ) ;
#35 = ORIENTED_EDGE ( 'NONE', *, *, #1026, .F. ) ;
#36 = DIRECTION ( 'NONE',  ( 0.000000000000000000, -1.000000000000000000, 0.000000000000000000 ) ) ;
#37 = SURFACE_STYLE_FILL_AREA ( #1622 ) ;
#38 = EDGE_CURVE ( 'NONE', #1243, #653, #1448, .T. ) ;
#39 = DIRECTION ( 'NONE',  ( -0.4067366430758003193, 0.9135454576426007556, 5.551115123125780853E-17 ) ) ;
#40 = VECTOR ( 'NONE', #493, 39.37007874015748143 ) ;
#41 = ORIENTED_EDGE ( 'NONE', *, *, #32, .T. ) ;
#42 = CYLINDRICAL_SURFACE ( 'NONE', #1997, 0.02350000000000000699 ) ;
#43 = DIRECTION ( 'NONE',  ( 0.1045284632676545811, 0.9945218953682731788, 0.000000000000000000 ) ) ;
#44 = CARTESIAN_POINT ( 'NONE',  ( -0.1506421356237307163, 8.537024980200822558E-18, 0.04590000000000005187 ) ) ;
#45 = ORIENTED_EDGE ( 'NONE', *, *, #1003, .F. ) ;
#46 = DIRECTION ( 'NONE',  ( 0.000000000000000000, 2.220446049250312588E-16, -1.000000000000000000 ) ) ;
#47 = EDGE_CURVE ( 'NONE', #500, #790, #1038, .T. ) ;
#48 = ORIENTED_EDGE ( 'NONE', *, *, #2154, .F. ) ;
#49 = CARTESIAN_POINT ( 'NONE',  ( 0.1354999999999999538, 0.01000000000000005572, -0.1000000000000000611 ) ) ;
#50 = AXIS2_PLACEMENT_3D ( 'NONE', #637, #2057, #448 ) ;
#51 = LINE ( 'NONE', #2162, #770 ) ;
#52 = ORIENTED_EDGE ( 'NONE', *, *, #931, .T. ) ;
#53 = FACE_OUTER_BOUND ( 'NONE', #763, .T. ) ;
#54 = DIRECTION ( 'NONE',  ( -0.7071067811865509034, 0.7071067811865440200, 2.775557561562890735E-17 ) ) ;
#55 = DIRECTION ( 'NONE',  ( -1.000000000000000000, 0.000000000000000000, 0.000000000000000000 ) ) ;
#56 = ORIENTED_EDGE ( 'NONE', *, *, #1840, .F. ) ;
#57 = DIRECTION ( 'NONE',  ( 0.000000000000000000, -2.220446049250312588E-16, 1.000000000000000000 ) ) ;
#58 = AXIS2_PLACEMENT_3D ( 'NONE', #1561, #1063, #2279 ) ;
#59 = VECTOR ( 'NONE', #1133, 39.37007874015748143 ) ;
#60 = EDGE_LOOP ( 'NONE', ( #70, #662, #1695, #1033 ) ) ;
#61 = DIRECTION ( 'NONE',  ( 0.000000000000000000, -2.220446049250312588E-16, 1.000000000000000000 ) ) ;
#62 = DIRECTION ( 'NONE',  ( 0.000000000000000000, -2.220446049250312588E-16, 1.000000000000000000 ) ) ;
#63 = ORIENTED_EDGE ( 'NONE', *, *, #788, .T. ) ;
#64 = LINE ( 'NONE', #1285, #1371 ) ;
#65 = LINE ( 'NONE', #779, #707 ) ;
#66 = EDGE_CURVE ( 'NONE', #683, #927, #1874, .T. ) ;
#67 = ORIENTED_EDGE ( 'NONE', *, *, #520, .F. ) ;
#68 = CARTESIAN_POINT ( 'NONE',  ( -0.1956752993482153424, 0.02000000000000000736, 0.04600000000000006861 ) ) ;
#69 = CIRCLE ( 'NONE', #255, 0.2500000000000000555 ) ;
#70 = ORIENTED_EDGE ( 'NONE', *, *, #2257, .T. ) ;
#71 = CARTESIAN_POINT ( 'NONE',  ( -0.2239637387830283322, 0.08899018884816460584, -0.03099999999999995468 ) ) ;
#72 = FACE_BOUND ( 'NONE', #102, .T. ) ;
#73 = ORIENTED_EDGE ( 'NONE', *, *, #1029, .T. ) ;
#74 = CARTESIAN_POINT ( 'NONE',  ( -0.1956752993482153424, 0.01000000000000005572, -0.1250000000000000555 ) ) ;
#75 = FACE_OUTER_BOUND ( 'NONE', #2238, .T. ) ;
#76 = ORIENTED_EDGE ( 'NONE', *, *, #514, .F. ) ;
#77 = DIRECTION ( 'NONE',  ( -1.000000000000000000, 0.000000000000000000, 0.000000000000000000 ) ) ;
#78 = VECTOR ( 'NONE', #2098, 39.37007874015748854 ) ;
#79 = ORIENTED_EDGE ( 'NONE', *, *, #1275, .F. ) ;
#80 = VERTEX_POINT ( 'NONE', #1427 ) ;
#81 = DIRECTION ( 'NONE',  ( 0.1045284632676538039, 0.9945218953682732899, 2.208282213463415173E-16 ) ) ;
#82 = DIRECTION ( 'NONE',  ( 0.000000000000000000, 1.000000000000000000, 0.000000000000000000 ) ) ;
#83 = ADVANCED_FACE ( 'NONE', ( #1253 ), #1776, .T. ) ;
#84 = AXIS2_PLACEMENT_3D ( 'NONE', #998, #976, #1189 ) ;
#85 = VERTEX_POINT ( 'NONE', #916 ) ;
#86 = CARTESIAN_POINT ( 'NONE',  ( -0.2501108695431975559, -0.06411542030124130209, -0.04599999999999999922 ) ) ;
#87 = DIRECTION ( 'NONE',  ( 1.000000000000000000, 0.000000000000000000, 0.000000000000000000 ) ) ;
#88 = ORIENTED_EDGE ( 'NONE', *, *, #1515, .F. ) ;
#89 = CARTESIAN_POINT ( 'NONE',  ( 0.1425710678118655150, 0.01707106781186559438, -0.1000000000000000611 ) ) ;
#90 = ORIENTED_EDGE ( 'NONE', *, *, #453, .F. ) ;
#91 = APPLICATION_CONTEXT ( 'automotive_design' ) ;
#92 = ADVANCED_FACE ( 'NONE', ( #1769 ), #538, .F. ) ;
#93 = CIRCLE ( 'NONE', #1099, 0.04423037371823267810 ) ;
#94 = VERTEX_POINT ( 'NONE', #1743 ) ;
#95 = CIRCLE ( 'NONE', #1430, 0.02350000000000000699 ) ;
#96 = CARTESIAN_POINT ( 'NONE',  ( -0.2242555414392314317, 0.4521732889873764649, 0.1250000000000000555 ) ) ;
#97 = DIRECTION ( 'NONE',  ( 0.000000000000000000, -2.220446049250312588E-16, 1.000000000000000000 ) ) ;
#98 = EDGE_CURVE ( 'NONE', #1079, #1832, #326, .T. ) ;
#99 = ORIENTED_EDGE ( 'NONE', *, *, #1939, .F. ) ;
#100 = CYLINDRICAL_SURFACE ( 'NONE', #201, 0.01000000000000000021 ) ;
#101 = DIRECTION ( 'NONE',  ( 0.9945218953682732899, -0.1045284632676538317, 0.000000000000000000 ) ) ;
#102 = EDGE_LOOP ( 'NONE', ( #1131, #410 ) ) ;
#103 = CARTESIAN_POINT ( 'NONE',  ( -0.3064999999999999947, 2.561107494060246767E-17, -0.04589999999999998248 ) ) ;
#104 = ADVANCED_FACE ( 'NONE', ( #527 ), #2092, .T. ) ;
#105 = ORIENTED_EDGE ( 'NONE', *, *, #388, .T. ) ;
#106 = TOROIDAL_SURFACE ( 'NONE', #1765, 0.06634003316248800186, 0.02500000000000000139 ) ;
#107 = PLANE ( 'NONE',  #685 ) ;
#108 = ADVANCED_FACE ( 'NONE', ( #1918 ), #1791, .F. ) ;
#109 = FACE_OUTER_BOUND ( 'NONE', #1839, .T. ) ;
#110 = LINE ( 'NONE', #821, #1861 ) ;
#111 = EDGE_CURVE ( 'NONE', #790, #980, #849, .T. ) ;
#112 = DIRECTION ( 'NONE',  ( 0.000000000000000000, 2.220446049250312588E-16, -1.000000000000000000 ) ) ;
#113 = EDGE_LOOP ( 'NONE', ( #2229, #188, #1868, #749 ) ) ;
#114 = LINE ( 'NONE', #1518, #1731 ) ;
#115 = AXIS2_PLACEMENT_3D ( 'NONE', #1544, #2245, #668 ) ;
#116 = EDGE_CURVE ( 'NONE', #428, #383, #513, .T. ) ;
#117 = PLANE ( 'NONE',  #798 ) ;
#118 = DIRECTION ( 'NONE',  ( -0.1045284632676538039, -0.9945218953682732899, 0.000000000000000000 ) ) ;
#119 = CARTESIAN_POINT ( 'NONE',  ( -0.2595000000000000084, 0.01000000000000002970, -0.02439999999999994951 ) ) ;
#120 = EDGE_CURVE ( 'NONE', #1079, #1619, #14, .T. ) ;
#121 = LINE ( 'NONE', #1043, #1413 ) ;
#122 = CARTESIAN_POINT ( 'NONE',  ( -0.1956752993482153424, 0.01000000000000005572, -0.1250000000000000555 ) ) ;
#123 = VERTEX_POINT ( 'NONE', #1086 ) ;
#124 = CARTESIAN_POINT ( 'NONE',  ( 0.1354999999999999538, 0.01999999999999999001, 0.1250000000000000555 ) ) ;
#125 = VECTOR ( 'NONE', #1919, 39.37007874015748143 ) ;
#126 =( GEOMETRIC_REPRESENTATION_CONTEXT ( 3 ) GLOBAL_UNCERTAINTY_ASSIGNED_CONTEXT ( ( #1766 ) ) GLOBAL_UNIT_ASSIGNED_CONTEXT ( ( #2079, #325, #1201 ) ) REPRESENTATION_CONTEXT ( 'NONE', 'WORKASPACE' ) );
#127 = ORIENTED_EDGE ( 'NONE', *, *, #931, .F. ) ;
#128 = FACE_OUTER_BOUND ( 'NONE', #1785, .T. ) ;
#129 = EDGE_CURVE ( 'NONE', #1652, #1560, #549, .T. ) ;
#130 = VECTOR ( 'NONE', #689, 39.37007874015748143 ) ;
#131 = CARTESIAN_POINT ( 'NONE',  ( -0.2022730596578578288, 0.3782138931689899009, -0.1249999999999999306 ) ) ;
#132 = PLANE ( 'NONE',  #115 ) ;
#133 = CARTESIAN_POINT ( 'NONE',  ( 0.2915000000000000369, 0.01000000000000005572, -0.1000000000000000611 ) ) ;
#134 = ORIENTED_EDGE ( 'NONE', *, *, #212, .F. ) ;
#135 = DIRECTION ( 'NONE',  ( 1.394938722255049692E-16, -2.220446049250312588E-16, 1.000000000000000000 ) ) ;
#136 = ORIENTED_EDGE ( 'NONE', *, *, #342, .F. ) ;
#137 = VERTEX_POINT ( 'NONE', #190 ) ;
#138 = DIRECTION ( 'NONE',  ( -1.000000000000000000, 0.000000000000000000, 0.000000000000000000 ) ) ;
#139 = EDGE_CURVE ( 'NONE', #372, #917, #1431, .T. ) ;
#140 = PRESENTATION_STYLE_ASSIGNMENT (( #665 ) ) ;
#141 = VECTOR ( 'NONE', #895, 39.37007874015748143 ) ;
#142 = CARTESIAN_POINT ( 'NONE',  ( -0.1364999999999999547, 0.01000000000000003837, -0.04599999999999999922 ) ) ;
#143 = EDGE_CURVE ( 'NONE', #1035, #1721, #1779, .T. ) ;
#144 = CARTESIAN_POINT ( 'NONE',  ( 0.1354999999999999538, 0.01000000000000005572, -0.1250000000000000555 ) ) ;
#145 = DIRECTION ( 'NONE',  ( 1.000000000000000000, 0.000000000000000000, 0.000000000000000000 ) ) ;
#146 = VERTEX_POINT ( 'NONE', #2125 ) ;
#147 = CARTESIAN_POINT ( 'NONE',  ( -0.1956752993482153424, 0.05199999999999998374, 0.1250000000000000555 ) ) ;
#148 = EDGE_LOOP ( 'NONE', ( #1650, #1938, #2122, #1439 ) ) ;
#149 = ORIENTED_EDGE ( 'NONE', *, *, #1838, .T. ) ;
#150 = DIRECTION ( 'NONE',  ( -1.000000000000000000, 0.000000000000000000, 0.000000000000000000 ) ) ;
#151 = AXIS2_PLACEMENT_3D ( 'NONE', #835, #2250, #1374 ) ;
#152 = DIRECTION ( 'NONE',  ( -6.994405055138489360E-15, -1.000000000000000000, -5.551115123125781470E-17 ) ) ;
#153 = ADVANCED_FACE ( 'NONE', ( #889 ), #1256, .T. ) ;
#154 = LINE ( 'NONE', #169, #1119 ) ;
#155 = DIRECTION ( 'NONE',  ( 0.1045284632676542202, 0.9945218953682732899, 0.000000000000000000 ) ) ;
#156 = ORIENTED_EDGE ( 'NONE', *, *, #1907, .F. ) ;
#157 = LINE ( 'NONE', #1606, #189 ) ;
#158 = ORIENTED_EDGE ( 'NONE', *, *, #2249, .T. ) ;
#159 = VERTEX_POINT ( 'NONE', #351 ) ;
#160 = AXIS2_PLACEMENT_3D ( 'NONE', #49, #910, #2000 ) ;
#161 = LINE ( 'NONE', #874, #1831 ) ;
#162 = CARTESIAN_POINT ( 'NONE',  ( -0.1364999999999999547, 0.01000000000000000368, 0.04600000000000006861 ) ) ;
#163 = ADVANCED_FACE ( 'NONE', ( #878 ), #2134, .T. ) ;
#164 = PRODUCT_CONTEXT ( 'NONE', #91, 'mechanical' ) ;
#165 = DIRECTION ( 'NONE',  ( 0.4067366430758003748, -0.9135454576426008666, -5.551115123125782702E-17 ) ) ;
#166 = ADVANCED_FACE ( 'NONE', ( #1578 ), #559, .F. ) ;
#167 = DIRECTION ( 'NONE',  ( 0.000000000000000000, 2.845674993400271967E-16, -1.000000000000000000 ) ) ;
#168 = PRODUCT ( '557', '557', '', ( #164 ) ) ;
#169 = CARTESIAN_POINT ( 'NONE',  ( -0.2033629072083007472, 0.3806617308452343584, 0.1250000000000000555 ) ) ;
#170 = AXIS2_PLACEMENT_3D ( 'NONE', #1867, #2247, #145 ) ;
#171 = EDGE_CURVE ( 'NONE', #1474, #1546, #203, .T. ) ;
#172 = DIRECTION ( 'NONE',  ( 0.1045284632676537623, 0.9945218953682732899, 0.000000000000000000 ) ) ;
#173 = ORIENTED_EDGE ( 'NONE', *, *, #1768, .T. ) ;
#174 = CARTESIAN_POINT ( 'NONE',  ( -0.2914999999999999258, 3.414809992080329023E-17, -0.03090000000000000385 ) ) ;
#175 = VECTOR ( 'NONE', #1739, 39.37007874015748143 ) ;
#176 = EDGE_LOOP ( 'NONE', ( #1307, #1495, #1536, #1460 ) ) ;
#177 = ORIENTED_EDGE ( 'NONE', *, *, #698, .F. ) ;
#178 = CARTESIAN_POINT ( 'NONE',  ( -0.1987867201211349910, 0.2966655354348618490, 1.707404996040164512E-16 ) ) ;
#179 = CARTESIAN_POINT ( 'NONE',  ( 0.3064999999999999947, 0.009999999999999995004, 0.1000000000000000611 ) ) ;
#180 = DIRECTION ( 'NONE',  ( 0.000000000000000000, -1.000000000000000000, 0.000000000000000000 ) ) ;
#181 = EDGE_CURVE ( 'NONE', #137, #573, #908, .T. ) ;
#182 = DIRECTION ( 'NONE',  ( -1.000000000000000000, 4.930380657631323784E-32, -2.008711760047250336E-16 ) ) ;
#183 = VECTOR ( 'NONE', #1262, 39.37007874015748854 ) ;
#184 = CARTESIAN_POINT ( 'NONE',  ( -0.1364999999999999547, 0.02000000000000000042, -0.04589999999999998248 ) ) ;
#185 = ORIENTED_EDGE ( 'NONE', *, *, #1972, .F. ) ;
#186 = LINE ( 'NONE', #712, #971 ) ;
#187 = DIRECTION ( 'NONE',  ( 1.000000000000000000, 0.000000000000000000, 0.000000000000000000 ) ) ;
#188 = ORIENTED_EDGE ( 'NONE', *, *, #1976, .T. ) ;
#189 = VECTOR ( 'NONE', #369, 39.37007874015748143 ) ;
#190 = CARTESIAN_POINT ( 'NONE',  ( 0.1496421356237310485, 0.000000000000000000, 0.1000000000000000611 ) ) ;
#191 = VECTOR ( 'NONE', #320, 39.37007874015748854 ) ;
#192 = CARTESIAN_POINT ( 'NONE',  ( -0.1941161767143956274, 0.2294691889304216470, 1.365923996832131609E-16 ) ) ;
#193 = AXIS2_PLACEMENT_3D ( 'NONE', #1925, #1937, #2084 ) ;
#194 = LINE ( 'NONE', #1249, #1713 ) ;
#195 = ORIENTED_EDGE ( 'NONE', *, *, #2009, .F. ) ;
#196 = ADVANCED_FACE ( 'NONE', ( #736 ), #918, .T. ) ;
#197 = FACE_OUTER_BOUND ( 'NONE', #466, .T. ) ;
#198 = CARTESIAN_POINT ( 'NONE',  ( 0.1354999999999999538, 0.02000000000000006287, -0.1249999999999999306 ) ) ;
#199 = ORIENTED_EDGE ( 'NONE', *, *, #652, .T. ) ;
#200 = EDGE_CURVE ( 'NONE', #1735, #1889, #1671, .T. ) ;
#201 = AXIS2_PLACEMENT_3D ( 'NONE', #492, #814, #1350 ) ;
#202 = CIRCLE ( 'NONE', #756, 0.04600000000000000616 ) ;
#203 = LINE ( 'NONE', #1246, #31 ) ;
#204 = ADVANCED_FACE ( 'NONE', ( #75 ), #2056, .T. ) ;
#205 = DIRECTION ( 'NONE',  ( 0.000000000000000000, 2.220446049250312588E-16, -1.000000000000000000 ) ) ;
#206 = DIRECTION ( 'NONE',  ( -0.7071067811865509034, -0.7071067811865440200, -2.775557561562890735E-17 ) ) ;
#207 = EDGE_LOOP ( 'NONE', ( #1100, #969, #1492, #1251 ) ) ;
#208 = CARTESIAN_POINT ( 'NONE',  ( -0.1931376050814314904, 0.3822812595997476248, 0.1250000000000000555 ) ) ;
#209 = DIRECTION ( 'NONE',  ( 0.000000000000000000, -2.220446049250312588E-16, 1.000000000000000000 ) ) ;
#210 = ORIENTED_EDGE ( 'NONE', *, *, #558, .T. ) ;
#211 = AXIS2_PLACEMENT_3D ( 'NONE', #313, #567, #1551 ) ;
#212 = EDGE_CURVE ( 'NONE', #1356, #372, #792, .T. ) ;
#213 = DIRECTION ( 'NONE',  ( -1.000000000000000000, -3.081487911019577365E-32, 1.088504553360780300E-16 ) ) ;
#214 = FILL_AREA_STYLE_COLOUR ( '', #274 ) ;
#215 = PLANE ( 'NONE',  #584 ) ;
#216 = EDGE_CURVE ( 'NONE', #146, #790, #1075, .T. ) ;
#217 = EDGE_LOOP ( 'NONE', ( #935, #1279, #2179, #674, #2132, #439, #733, #810, #264, #987 ) ) ;
#218 = CARTESIAN_POINT ( 'NONE',  ( -0.1364999999999999547, 0.01000000000000000368, 0.04600000000000006861 ) ) ;
#219 = CARTESIAN_POINT ( 'NONE',  ( -0.2020995834253196677, 0.2970137313989882344, 1.365923996832131609E-16 ) ) ;
#220 = VECTOR ( 'NONE', #1076, 39.37007874015748854 ) ;
#221 = DIRECTION ( 'NONE',  ( -1.000000000000000000, 0.000000000000000000, 0.000000000000000000 ) ) ;
#222 = ORIENTED_EDGE ( 'NONE', *, *, #384, .F. ) ;
#223 = DIRECTION ( 'NONE',  ( 0.000000000000000000, 2.220446049250312588E-16, -1.000000000000000000 ) ) ;
#224 = ORIENTED_EDGE ( 'NONE', *, *, #388, .F. ) ;
#225 = CYLINDRICAL_SURFACE ( 'NONE', #1165, 0.009999999999999995004 ) ;
#226 = CARTESIAN_POINT ( 'NONE',  ( -0.1931376050814314904, 0.3822812595997477358, -0.1249999999999999306 ) ) ;
#227 = AXIS2_PLACEMENT_3D ( 'NONE', #1922, #1360, #1351 ) ;
#228 = ORIENTED_EDGE ( 'NONE', *, *, #1921, .F. ) ;
#229 = DIRECTION ( 'NONE',  ( 6.994405055138490938E-15, -1.000000000000000000, 0.000000000000000000 ) ) ;
#230 = CARTESIAN_POINT ( 'NONE',  ( -0.1931376050814314904, 0.3822812595997477358, -0.1249999999999999306 ) ) ;
#231 = CARTESIAN_POINT ( 'NONE',  ( 0.1354999999999999538, 0.02000000000000006287, -0.1249999999999999306 ) ) ;
#232 = EDGE_LOOP ( 'NONE', ( #310, #88, #975, #518 ) ) ;
#233 = CARTESIAN_POINT ( 'NONE',  ( 0.1425710678118655150, 0.01707106781186553540, 0.1000000000000000611 ) ) ;
#234 = ORIENTED_EDGE ( 'NONE', *, *, #1849, .F. ) ;
#235 = CYLINDRICAL_SURFACE ( 'NONE', #1130, 0.04199999999999998873 ) ;
#236 = VECTOR ( 'NONE', #693, 39.37007874015748143 ) ;
#237 = FACE_OUTER_BOUND ( 'NONE', #380, .T. ) ;
#238 = VECTOR ( 'NONE', #2197, 39.37007874015748143 ) ;
#239 = ORIENTED_EDGE ( 'NONE', *, *, #768, .T. ) ;
#240 = PLANE ( 'NONE',  #675 ) ;
#241 = CARTESIAN_POINT ( 'NONE',  ( -0.3064999999999999947, 0.01000000000000003837, -0.04589999999999998248 ) ) ;
#242 = ORIENTED_EDGE ( 'NONE', *, *, #1532, .F. ) ;
#243 = DIRECTION ( 'NONE',  ( 0.000000000000000000, 1.000000000000000000, 0.000000000000000000 ) ) ;
#244 = CIRCLE ( 'NONE', #1573, 0.06634003316248801574 ) ;
#245 = ORIENTED_EDGE ( 'NONE', *, *, #1916, .F. ) ;
#246 = CIRCLE ( 'NONE', #879, 0.02500000000000000486 ) ;
#247 = ORIENTED_EDGE ( 'NONE', *, *, #1590, .T. ) ;
#248 = CARTESIAN_POINT ( 'NONE',  ( -0.2595000000000000084, 2.561107494060246767E-17, -0.02439999999999994951 ) ) ;
#249 = CARTESIAN_POINT ( 'NONE',  ( -0.1364999999999999547, 0.01999999999999998307, 0.04590000000000005187 ) ) ;
#250 = ORIENTED_EDGE ( 'NONE', *, *, #1734, .T. ) ;
#251 = PLANE ( 'NONE',  #2256 ) ;
#252 = DIRECTION ( 'NONE',  ( 0.9945218953682734009, -0.1045284632676540537, 0.000000000000000000 ) ) ;
#253 = ORIENTED_EDGE ( 'NONE', *, *, #1567, .T. ) ;
#254 = CARTESIAN_POINT ( 'NONE',  ( 0.1354999999999999538, 0.009999999999999995004, 0.1000000000000000611 ) ) ;
#255 = AXIS2_PLACEMENT_3D ( 'NONE', #1137, #977, #450 ) ;
#256 = EDGE_CURVE ( 'NONE', #939, #159, #1471, .T. ) ;
#257 = ORIENTED_EDGE ( 'NONE', *, *, #1958, .F. ) ;
#258 = CARTESIAN_POINT ( 'NONE',  ( -0.2323410307876964120, 0.1049533019113652044, 0.04600000000000006861 ) ) ;
#259 = LINE ( 'NONE', #249, #59 ) ;
#260 = EDGE_LOOP ( 'NONE', ( #2277, #2264, #944 ) ) ;
#261 = CARTESIAN_POINT ( 'NONE',  ( -0.1364999999999999547, 0.01000000000000003837, -0.04599999999999999922 ) ) ;
#262 = CIRCLE ( 'NONE', #715, 0.01500000000000000291 ) ;
#263 = DIRECTION ( 'NONE',  ( 0.000000000000000000, -2.220446049250312588E-16, 1.000000000000000000 ) ) ;
#264 = ORIENTED_EDGE ( 'NONE', *, *, #499, .F. ) ;
#265 = DIRECTION ( 'NONE',  ( 1.000000000000000000, 0.000000000000000000, 0.000000000000000000 ) ) ;
#266 = VECTOR ( 'NONE', #392, 39.37007874015748143 ) ;
#267 = ORIENTED_EDGE ( 'NONE', *, *, #1182, .F. ) ;
#268 = EDGE_CURVE ( 'NONE', #2251, #431, #69, .T. ) ;
#269 = CARTESIAN_POINT ( 'NONE',  ( -0.2401656505895149174, -0.06516070493391769303, -0.04599999999999999922 ) ) ;
#270 = DIRECTION ( 'NONE',  ( -1.000000000000000000, 0.000000000000000000, 0.000000000000000000 ) ) ;
#271 = ORIENTED_EDGE ( 'NONE', *, *, #171, .T. ) ;
#272 = DIRECTION ( 'NONE',  ( -0.4067366430758003193, 0.9135454576426007556, 5.551115123125780853E-17 ) ) ;
#273 = ADVANCED_FACE ( 'NONE', ( #2190 ), #1834, .T. ) ;
#274 = COLOUR_RGB ( '',0.7921568627450980005, 0.8196078431372548767, 0.9333333333333333481 ) ;
#275 = DIRECTION ( 'NONE',  ( 0.000000000000000000, -1.000000000000000000, 0.000000000000000000 ) ) ;
#276 = ORIENTED_EDGE ( 'NONE', *, *, #1395, .T. ) ;
#277 = DIRECTION ( 'NONE',  ( 0.9945218953682734009, -0.1045284632676540537, 0.000000000000000000 ) ) ;
#278 = ORIENTED_EDGE ( 'NONE', *, *, #1804, .F. ) ;
#279 = EDGE_CURVE ( 'NONE', #745, #1619, #1222, .T. ) ;
#280 = AXIS2_PLACEMENT_3D ( 'NONE', #341, #882, #1069 ) ;
#281 = EDGE_CURVE ( 'NONE', #1662, #123, #705, .T. ) ;
#282 = VECTOR ( 'NONE', #1145, 39.37007874015748854 ) ;
#283 =( CONVERSION_BASED_UNIT ( 'INCH', #1315 ) LENGTH_UNIT ( ) NAMED_UNIT ( #984 ) );
#284 = FACE_OUTER_BOUND ( 'NONE', #1688, .T. ) ;
#285 = CARTESIAN_POINT ( 'NONE',  ( -0.2020995834253196677, 0.2970137313989882344, 1.365923996832131609E-16 ) ) ;
#286 = EDGE_CURVE ( 'NONE', #1619, #576, #1491, .T. ) ;
#287 = DIRECTION ( 'NONE',  ( -0.000000000000000000, 0.000000000000000000, 1.000000000000000000 ) ) ;
#288 = ORIENTED_EDGE ( 'NONE', *, *, #667, .F. ) ;
#289 = FACE_OUTER_BOUND ( 'NONE', #60, .T. ) ;
#290 = ORIENTED_EDGE ( 'NONE', *, *, #995, .F. ) ;
#291 = VECTOR ( 'NONE', #1406, 39.37007874015748143 ) ;
#292 = DIRECTION ( 'NONE',  ( -0.9945218953682734009, 0.1045284632676542619, 6.938893903907231459E-18 ) ) ;
#293 = CARTESIAN_POINT ( 'NONE',  ( -0.1956752993482153424, 0.05200000000000003925, -0.04599999999999999922 ) ) ;
#294 = PLANE ( 'NONE',  #1273 ) ;
#295 = CARTESIAN_POINT ( 'NONE',  ( -0.2339089577367113870, 0.09003547348084116331, 0.04600000000000006861 ) ) ;
#296 = CARTESIAN_POINT ( 'NONE',  ( -0.2595000000000000084, 0.01000000000000002970, -0.0008999999999999138897 ) ) ;
#297 = ORIENTED_EDGE ( 'NONE', *, *, #1040, .T. ) ;
#298 = LINE ( 'NONE', #1034, #1813 ) ;
#299 = VECTOR ( 'NONE', #57, 39.37007874015748143 ) ;
#300 = EDGE_LOOP ( 'NONE', ( #834, #1844, #2050, #1205 ) ) ;
#301 = VECTOR ( 'NONE', #1252, 39.37007874015748143 ) ;
#302 = ADVANCED_FACE ( 'NONE', ( #617 ), #1685, .F. ) ;
#303 = CARTESIAN_POINT ( 'NONE',  ( -0.1956752993482153424, 0.05200000000000008088, -0.1249999999999999306 ) ) ;
#304 = DIRECTION ( 'NONE',  ( 0.9945218953682730678, -0.1045284632676560382, -6.938893903907228378E-18 ) ) ;
#305 = DIRECTION ( 'NONE',  ( 0.000000000000000000, 2.220446049250312588E-16, -1.000000000000000000 ) ) ;
#306 = LINE ( 'NONE', #1021, #651 ) ;
#307 = ORIENTED_EDGE ( 'NONE', *, *, #757, .T. ) ;
#308 = PLANE ( 'NONE',  #1047 ) ;
#309 = CIRCLE ( 'NONE', #385, 0.01000000000000000021 ) ;
#310 = ORIENTED_EDGE ( 'NONE', *, *, #1414, .T. ) ;
#311 = VECTOR ( 'NONE', #1096, 39.37007874015748143 ) ;
#312 = ORIENTED_EDGE ( 'NONE', *, *, #2022, .T. ) ;
#313 = CARTESIAN_POINT ( 'NONE',  ( -0.1956752993482153424, 0.05200000000000001843, 0.04600000000000006861 ) ) ;
#314 = EDGE_CURVE ( 'NONE', #1035, #489, #1287, .T. ) ;
#315 = AXIS2_PLACEMENT_3D ( 'NONE', #855, #999, #639 ) ;
#316 = LINE ( 'NONE', #1565, #2147 ) ;
#317 = FACE_OUTER_BOUND ( 'NONE', #1912, .T. ) ;
#318 = LINE ( 'NONE', #1878, #580 ) ;
#319 = VERTEX_POINT ( 'NONE', #2153 ) ;
#320 = DIRECTION ( 'NONE',  ( -0.7071067811865509034, 0.7071067811865440200, 2.775557561562890735E-17 ) ) ;
#321 = ORIENTED_EDGE ( 'NONE', *, *, #1403, .F. ) ;
#322 = ORIENTED_EDGE ( 'NONE', *, *, #1554, .F. ) ;
#323 = FACE_OUTER_BOUND ( 'NONE', #1220, .T. ) ;
#324 = EDGE_CURVE ( 'NONE', #653, #415, #1124, .T. ) ;
#325 =( NAMED_UNIT ( * ) PLANE_ANGLE_UNIT ( ) SI_UNIT ( $, .RADIAN. ) );
#326 = CIRCLE ( 'NONE', #1475, 0.01500000000000001159 ) ;
#327 = CARTESIAN_POINT ( 'NONE',  ( 0.2285000000000000364, 0.01000000000000002102, 3.414809992080329023E-17 ) ) ;
#328 = DIRECTION ( 'NONE',  ( -1.000000000000000000, 0.000000000000000000, 0.000000000000000000 ) ) ;
#329 = CARTESIAN_POINT ( 'NONE',  ( -0.2595000000000000084, 1.707404996040164512E-17, 0.02260000000000005407 ) ) ;
#330 = EDGE_LOOP ( 'NONE', ( #2150, #436, #922, #12 ) ) ;
#331 = DIRECTION ( 'NONE',  ( 0.000000000000000000, -2.220446049250312588E-16, 1.000000000000000000 ) ) ;
#332 = EDGE_LOOP ( 'NONE', ( #1806, #686, #2276, #73 ) ) ;
#333 = EDGE_LOOP ( 'NONE', ( #893, #776, #158, #1197 ) ) ;
#334 = DIRECTION ( 'NONE',  ( 0.000000000000000000, 2.220446049250312834E-16, -1.000000000000000000 ) ) ;
#335 = DIRECTION ( 'NONE',  ( 0.9945218953682734009, -0.1045284632676540537, 0.000000000000000000 ) ) ;
#336 = CIRCLE ( 'NONE', #525, 0.04423037371823267810 ) ;
#337 = EDGE_CURVE ( 'NONE', #711, #906, #1002, .T. ) ;
#338 = CARTESIAN_POINT ( 'NONE',  ( 0.2915000000000000369, 4.268512490100411279E-17, -0.08499999999999995060 ) ) ;
#339 = DIRECTION ( 'NONE',  ( 0.000000000000000000, -2.220446049250312588E-16, 1.000000000000000000 ) ) ;
#340 = CARTESIAN_POINT ( 'NONE',  ( -0.1435710678118653771, 0.01707106781186550418, 0.04590000000000005187 ) ) ;
#341 = CARTESIAN_POINT ( 'NONE',  ( -0.1506421356237307163, 0.01000000000000003837, -0.04589999999999998248 ) ) ;
#342 = EDGE_CURVE ( 'NONE', #2214, #137, #1841, .T. ) ;
#343 = VERTEX_POINT ( 'NONE', #1649 ) ;
#344 = LINE ( 'NONE', #208, #1663 ) ;
#345 = ORIENTED_EDGE ( 'NONE', *, *, #958, .T. ) ;
#346 = ORIENTED_EDGE ( 'NONE', *, *, #1322, .F. ) ;
#347 = VECTOR ( 'NONE', #229, 39.37007874015748143 ) ;
#348 = FACE_OUTER_BOUND ( 'NONE', #1525, .T. ) ;
#349 = EDGE_CURVE ( 'NONE', #1365, #622, #1810, .T. ) ;
#350 = SHAPE_DEFINITION_REPRESENTATION ( #613, #1726 ) ;
#351 = CARTESIAN_POINT ( 'NONE',  ( 0.1354999999999999538, 0.02000000000000008715, -0.1000000000000000611 ) ) ;
#352 = EDGE_CURVE ( 'NONE', #1652, #1662, #65, .T. ) ;
#353 = DIRECTION ( 'NONE',  ( 0.9135454576426056406, 0.4067366430757893281, 0.000000000000000000 ) ) ;
#354 = CIRCLE ( 'NONE', #58, 0.03199999999999999373 ) ;
#355 = DIRECTION ( 'NONE',  ( 0.000000000000000000, 1.000000000000000000, 0.000000000000000000 ) ) ;
#356 = ORIENTED_EDGE ( 'NONE', *, *, #2216, .T. ) ;
#357 = FACE_OUTER_BOUND ( 'NONE', #673, .T. ) ;
#358 = CIRCLE ( 'NONE', #1247, 0.009999999999999995004 ) ;
#359 = EDGE_CURVE ( 'NONE', #1889, #1761, #1309, .T. ) ;
#360 = ORIENTED_EDGE ( 'NONE', *, *, #864, .T. ) ;
#361 = ORIENTED_EDGE ( 'NONE', *, *, #781, .T. ) ;
#362 = UNCERTAINTY_MEASURE_WITH_UNIT (LENGTH_MEASURE( 1.000000000000000082E-05 ), #283, 'distance_accuracy_value', 'NONE');
#363 = DIRECTION ( 'NONE',  ( 0.000000000000000000, 2.220446049250313081E-16, -1.000000000000000000 ) ) ;
#364 = EDGE_CURVE ( 'NONE', #1324, #1761, #1524, .T. ) ;
#365 = FACE_OUTER_BOUND ( 'NONE', #1714, .T. ) ;
#366 = LINE ( 'NONE', #1934, #877 ) ;
#367 = AXIS2_PLACEMENT_3D ( 'NONE', #2114, #387, #1095 ) ;
#368 = VERTEX_POINT ( 'NONE', #1911 ) ;
#369 = DIRECTION ( 'NONE',  ( 0.000000000000000000, 1.000000000000000000, 0.000000000000000000 ) ) ;
#370 = ADVANCED_FACE ( 'NONE', ( #1372 ), #1888, .T. ) ;
#371 = CARTESIAN_POINT ( 'NONE',  ( -0.2339089577367110540, 0.09003547348084119106, -0.03099999999999995468 ) ) ;
#372 = VERTEX_POINT ( 'NONE', #2070 ) ;
#373 = EDGE_CURVE ( 'NONE', #1669, #618, #306, .T. ) ;
#374 = EDGE_CURVE ( 'NONE', #711, #1669, #1044, .T. ) ;
#375 = DIRECTION ( 'NONE',  ( 0.000000000000000000, 2.220446049250311848E-16, -1.000000000000000000 ) ) ;
#376 = AXIS2_PLACEMENT_3D ( 'NONE', #904, #1242, #1596 ) ;
#377 = FACE_OUTER_BOUND ( 'NONE', #2211, .T. ) ;
#378 = VECTOR ( 'NONE', #426, 39.37007874015748854 ) ;
#379 = LINE ( 'NONE', #226, #807 ) ;
#380 = EDGE_LOOP ( 'NONE', ( #18, #1428, #1968, #2003 ) ) ;
#381 = CARTESIAN_POINT ( 'NONE',  ( -0.1987867201211349910, 0.2966655354348618490, 0.04423037371823284464 ) ) ;
#382 = CARTESIAN_POINT ( 'NONE',  ( 0.1354999999999999538, 0.02000000000000008715, -0.1000000000000000611 ) ) ;
#383 = VERTEX_POINT ( 'NONE', #648 ) ;
#384 = EDGE_CURVE ( 'NONE', #1478, #1231, #1516, .T. ) ;
#385 = AXIS2_PLACEMENT_3D ( 'NONE', #666, #831, #1533 ) ;
#386 =( GEOMETRIC_REPRESENTATION_CONTEXT ( 3 ) GLOBAL_UNCERTAINTY_ASSIGNED_CONTEXT ( ( #362 ) ) GLOBAL_UNIT_ASSIGNED_CONTEXT ( ( #283, #1883, #2230 ) ) REPRESENTATION_CONTEXT ( 'NONE', 'WORKASPACE' ) );
#387 = DIRECTION ( 'NONE',  ( 0.9135454576426007556, 0.4067366430758004858, 9.031367722029956520E-17 ) ) ;
#388 = EDGE_CURVE ( 'NONE', #1507, #1366, #691, .T. ) ;
#389 = DIRECTION ( 'NONE',  ( 0.000000000000000000, -1.000000000000000000, 0.000000000000000000 ) ) ;
#390 = SPHERICAL_SURFACE ( 'NONE', #1754, 0.05001250000000000140 ) ;
#391 = VERTEX_POINT ( 'NONE', #133 ) ;
#392 = DIRECTION ( 'NONE',  ( 0.000000000000000000, 1.000000000000000000, 0.000000000000000000 ) ) ;
#393 = LINE ( 'NONE', #579, #562 ) ;
#394 = CIRCLE ( 'NONE', #1319, 0.2500000000000000555 ) ;
#395 = PLANE ( 'NONE',  #1642 ) ;
#396 = ORIENTED_EDGE ( 'NONE', *, *, #1907, .T. ) ;
#397 = VECTOR ( 'NONE', #702, 39.37007874015748143 ) ;
#398 = DIRECTION ( 'NONE',  ( 0.000000000000000000, -2.220446049250312588E-16, 1.000000000000000000 ) ) ;
#399 = ORIENTED_EDGE ( 'NONE', *, *, #694, .T. ) ;
#400 =( LENGTH_UNIT ( ) NAMED_UNIT ( * ) SI_UNIT ( $, .METRE. ) );
#401 = CARTESIAN_POINT ( 'NONE',  ( 0.1496421356237310485, 0.01000000000000005572, -0.1000000000000000611 ) ) ;
#402 = ORIENTED_EDGE ( 'NONE', *, *, #2249, .F. ) ;
#403 = FACE_BOUND ( 'NONE', #2174, .T. ) ;
#404 = CARTESIAN_POINT ( 'NONE',  ( -0.3064999999999999947, 2.561107494060246767E-17, -0.04589999999999998248 ) ) ;
#405 = AXIS2_PLACEMENT_3D ( 'NONE', #1601, #3, #1053 ) ;
#406 = DIRECTION ( 'NONE',  ( 1.000000000000000000, 0.000000000000000000, 0.000000000000000000 ) ) ;
#407 = EDGE_LOOP ( 'NONE', ( #1024, #535, #1022, #1290 ) ) ;
#408 = VECTOR ( 'NONE', #55, 39.37007874015748143 ) ;
#409 = DIRECTION ( 'NONE',  ( 0.000000000000000000, -1.000000000000000000, 0.000000000000000000 ) ) ;
#410 = ORIENTED_EDGE ( 'NONE', *, *, #1965, .F. ) ;
#411 = CARTESIAN_POINT ( 'NONE',  ( 0.1496421356237310485, 0.009999999999999995004, 0.1000000000000000611 ) ) ;
#412 = ADVANCED_FACE ( 'NONE', ( #1733 ), #1341, .T. ) ;
#413 = LINE ( 'NONE', #1989, #282 ) ;
#414 = VECTOR ( 'NONE', #794, 39.37007874015748143 ) ;
#415 = VERTEX_POINT ( 'NONE', #843 ) ;
#416 = DIRECTION ( 'NONE',  ( 0.000000000000000000, -1.000000000000000000, 0.000000000000000000 ) ) ;
#417 = DIRECTION ( 'NONE',  ( 0.000000000000000000, 2.220446049250312588E-16, -1.000000000000000000 ) ) ;
#418 = VERTEX_POINT ( 'NONE', #329 ) ;
#419 = CARTESIAN_POINT ( 'NONE',  ( -0.1933629072083007938, 0.3806617308452343584, 0.1250000000000000555 ) ) ;
#420 = ORIENTED_EDGE ( 'NONE', *, *, #1367, .F. ) ;
#421 = ORIENTED_EDGE ( 'NONE', *, *, #1387, .T. ) ;
#422 = DIRECTION ( 'NONE',  ( 0.1045284632676542064, 0.9945218953682732899, 0.000000000000000000 ) ) ;
#423 = VECTOR ( 'NONE', #1030, 39.37007874015748854 ) ;
#424 = CARTESIAN_POINT ( 'NONE',  ( 0.1425710678118655150, 0.002928932188134662773, -0.1000000000000000611 ) ) ;
#425 = ORIENTED_EDGE ( 'NONE', *, *, #364, .T. ) ;
#426 = DIRECTION ( 'NONE',  ( -0.9945218953682732899, 0.1045284632676542341, 6.938893903907229918E-18 ) ) ;
#427 = DIRECTION ( 'NONE',  ( 0.1045284632676542202, 0.9945218953682732899, 0.000000000000000000 ) ) ;
#428 = VERTEX_POINT ( 'NONE', #506 ) ;
#429 = DIRECTION ( 'NONE',  ( 0.000000000000000000, -2.220446049250312588E-16, 1.000000000000000000 ) ) ;
#430 = CIRCLE ( 'NONE', #502, 0.01500000000000000465 ) ;
#431 = VERTEX_POINT ( 'NONE', #1170 ) ;
#432 = ORIENTED_EDGE ( 'NONE', *, *, #667, .T. ) ;
#433 = DIRECTION ( 'NONE',  ( 0.000000000000000000, 1.000000000000000000, 0.000000000000000000 ) ) ;
#434 = CARTESIAN_POINT ( 'NONE',  ( -0.2220024528563770971, 0.2991056072701319679, 1.707404996040164512E-16 ) ) ;
#435 = EDGE_CURVE ( 'NONE', #343, #618, #394, .T. ) ;
#436 = ORIENTED_EDGE ( 'NONE', *, *, #268, .F. ) ;
#437 = CARTESIAN_POINT ( 'NONE',  ( -0.2595000000000000084, 2.561107494060246767E-17, -0.0008999999999999138897 ) ) ;
#438 = DIRECTION ( 'NONE',  ( 0.000000000000000000, 1.000000000000000000, 0.000000000000000000 ) ) ;
#439 = ORIENTED_EDGE ( 'NONE', *, *, #143, .T. ) ;
#440 = DIRECTION ( 'NONE',  ( -1.000000000000000000, -3.081487911019577365E-32, 1.088504553360780300E-16 ) ) ;
#441 = EDGE_CURVE ( 'NONE', #1210, #2037, #1941, .T. ) ;
#442 = AXIS2_PLACEMENT_3D ( 'NONE', #728, #706, #36 ) ;
#443 = EDGE_CURVE ( 'NONE', #368, #1991, #823, .T. ) ;
#444 = EDGE_LOOP ( 'NONE', ( #173, #626, #1463, #267 ) ) ;
#445 = CARTESIAN_POINT ( 'NONE',  ( 0.1425710678118655150, 0.002928932188134619839, 0.1000000000000000611 ) ) ;
#446 = CARTESIAN_POINT ( 'NONE',  ( -0.3064999999999999947, 3.414809992080329023E-17, -0.03090000000000000385 ) ) ;
#447 = VERTEX_POINT ( 'NONE', #475 ) ;
#448 = DIRECTION ( 'NONE',  ( 0.000000000000000000, 0.000000000000000000, -1.000000000000000000 ) ) ;
#449 = AXIS2_PLACEMENT_3D ( 'NONE', #631, #452, #467 ) ;
#450 = DIRECTION ( 'NONE',  ( 0.4067366430758003748, -0.9135454576426008666, -5.551115123125782702E-17 ) ) ;
#451 = VERTEX_POINT ( 'NONE', #2038 ) ;
#452 = DIRECTION ( 'NONE',  ( 0.000000000000000000, 2.220446049250312588E-16, -1.000000000000000000 ) ) ;
#453 = EDGE_CURVE ( 'NONE', #1811, #1231, #2196, .T. ) ;
#454 = VERTEX_POINT ( 'NONE', #1194 ) ;
#455 = EDGE_CURVE ( 'NONE', #1900, #94, #1971, .T. ) ;
#456 = DIRECTION ( 'NONE',  ( -0.000000000000000000, 0.000000000000000000, 1.000000000000000000 ) ) ;
#457 = ADVANCED_FACE ( 'NONE', ( #1032 ), #495, .F. ) ;
#458 = CARTESIAN_POINT ( 'NONE',  ( 0.3064999999999999947, 1.707404996040164512E-17, 0.08500000000000004774 ) ) ;
#459 = VECTOR ( 'NONE', #1886, 39.37007874015748143 ) ;
#460 = ORIENTED_EDGE ( 'NONE', *, *, #1097, .F. ) ;
#461 = DIRECTION ( 'NONE',  ( 0.7071067811865440200, -0.7071067811865511255, -2.775557561562891351E-17 ) ) ;
#462 = CIRCLE ( 'NONE', #758, 0.01500000000000000465 ) ;
#463 = EDGE_CURVE ( 'NONE', #1811, #454, #318, .T. ) ;
#464 = DIMENSIONAL_EXPONENTS ( 1.000000000000000000, 0.000000000000000000, 0.000000000000000000, 0.000000000000000000, 0.000000000000000000, 0.000000000000000000, 0.000000000000000000 ) ;
#465 = DIRECTION ( 'NONE',  ( 0.4067366430758003748, -0.9135454576426008666, -5.551115123125782702E-17 ) ) ;
#466 = EDGE_LOOP ( 'NONE', ( #1974, #399, #813, #2167 ) ) ;
#467 = DIRECTION ( 'NONE',  ( -1.000000000000000000, 0.000000000000000000, 0.000000000000000000 ) ) ;
#468 = EDGE_LOOP ( 'NONE', ( #1879, #2248, #883, #1795, #1856, #1847 ) ) ;
#469 = AXIS2_PLACEMENT_3D ( 'NONE', #1227, #1923, #1747 ) ;
#470 = AXIS2_PLACEMENT_3D ( 'NONE', #1358, #1349, #1699 ) ;
#471 = CARTESIAN_POINT ( 'NONE',  ( -0.2333909960156574925, 0.4481059225566190185, -0.1249999999999999306 ) ) ;
#472 = CARTESIAN_POINT ( 'NONE',  ( 0.2285000000000000364, 2.561107494060246767E-17, 3.414809992080329023E-17 ) ) ;
#473 = CARTESIAN_POINT ( 'NONE',  ( -0.2595000000000000084, 0.01000000000000002970, -0.0008999999999999138897 ) ) ;
#474 = CARTESIAN_POINT ( 'NONE',  ( -0.1364999999999999547, 0.02000000000000003858, -0.04599999999999999922 ) ) ;
#475 = CARTESIAN_POINT ( 'NONE',  ( -0.2914999999999999258, 8.537024980200822558E-18, 0.04590000000000005187 ) ) ;
#476 = ORIENTED_EDGE ( 'NONE', *, *, #2130, .F. ) ;
#477 = EDGE_CURVE ( 'NONE', #1198, #1835, #1281, .T. ) ;
#478 = CARTESIAN_POINT ( 'NONE',  ( -0.2339089577367113870, 0.09003547348084116331, 0.03100000000000002406 ) ) ;
#479 = ORIENTED_EDGE ( 'NONE', *, *, #1646, .F. ) ;
#480 = CIRCLE ( 'NONE', #1186, 0.01500000000000000465 ) ;
#481 = FACE_OUTER_BOUND ( 'NONE', #444, .T. ) ;
#482 = CARTESIAN_POINT ( 'NONE',  ( -0.1956752993482153424, 0.05200000000000003925, -0.01541713342486818877 ) ) ;
#483 = FACE_OUTER_BOUND ( 'NONE', #1940, .T. ) ;
#484 = CARTESIAN_POINT ( 'NONE',  ( 0.1354999999999999538, 0.01000000000000005572, -0.1250000000000000555 ) ) ;
#485 = ORIENTED_EDGE ( 'NONE', *, *, #1780, .T. ) ;
#486 = CARTESIAN_POINT ( 'NONE',  ( -0.1435710678118653771, 0.01707106781186552846, -0.04589999999999998248 ) ) ;
#487 = AXIS2_PLACEMENT_3D ( 'NONE', #928, #1482, #1629 ) ;
#488 = ORIENTED_EDGE ( 'NONE', *, *, #851, .T. ) ;
#489 = VERTEX_POINT ( 'NONE', #1535 ) ;
#490 = VECTOR ( 'NONE', #2164, 39.37007874015748143 ) ;
#491 = CARTESIAN_POINT ( 'NONE',  ( -0.2223958118340137735, 0.1039080172786886469, -0.03099999999999995468 ) ) ;
#492 = CARTESIAN_POINT ( 'NONE',  ( -0.1364999999999999547, 0.01000000000000001235, 0.04590000000000005187 ) ) ;
#493 = DIRECTION ( 'NONE',  ( 0.000000000000000000, -2.220446049250312588E-16, 1.000000000000000000 ) ) ;
#494 = AXIS2_PLACEMENT_3D ( 'NONE', #1077, #1770, #1603 ) ;
#495 = PLANE ( 'NONE',  #2271 ) ;
#496 = ORIENTED_EDGE ( 'NONE', *, *, #279, .T. ) ;
#497 = CARTESIAN_POINT ( 'NONE',  ( 0.1425710678118655150, 0.002928932188134559991, 0.1000000000000000611 ) ) ;
#498 = EDGE_LOOP ( 'NONE', ( #420, #1587, #598, #271 ) ) ;
#499 = EDGE_CURVE ( 'NONE', #1889, #1669, #2118, .T. ) ;
#500 = VERTEX_POINT ( 'NONE', #1760 ) ;
#501 = CARTESIAN_POINT ( 'NONE',  ( 0.1496421356237310485, 0.01000000000000005572, -0.1000000000000000611 ) ) ;
#502 = AXIS2_PLACEMENT_3D ( 'NONE', #1422, #911, #1962 ) ;
#503 = LINE ( 'NONE', #1394, #1893 ) ;
#504 = EDGE_CURVE ( 'NONE', #1331, #1802, #541, .T. ) ;
#505 = PLANE ( 'NONE',  #897 ) ;
#506 = CARTESIAN_POINT ( 'NONE',  ( 0.3064999999999999947, 0.01000000000000002102, 0.08500000000000004774 ) ) ;
#507 = ORIENTED_EDGE ( 'NONE', *, *, #1344, .F. ) ;
#508 = FACE_OUTER_BOUND ( 'NONE', #595, .T. ) ;
#509 = ORIENTED_EDGE ( 'NONE', *, *, #1668, .F. ) ;
#510 = ORIENTED_EDGE ( 'NONE', *, *, #2053, .F. ) ;
#511 = ADVANCED_FACE ( 'NONE', ( #722 ), #1240, .F. ) ;
#512 = CARTESIAN_POINT ( 'NONE',  ( -0.1364999999999999547, 0.01000000000000000368, 0.04600000000000006861 ) ) ;
#513 = LINE ( 'NONE', #179, #291 ) ;
#514 = EDGE_CURVE ( 'NONE', #1478, #622, #1424, .T. ) ;
#515 = LINE ( 'NONE', #1552, #423 ) ;
#516 = LINE ( 'NONE', #1382, #560 ) ;
#517 = DIRECTION ( 'NONE',  ( 0.000000000000000000, -2.220446049250312588E-16, 1.000000000000000000 ) ) ;
#518 = ORIENTED_EDGE ( 'NONE', *, *, #1265, .T. ) ;
#519 = CARTESIAN_POINT ( 'NONE',  ( 0.1425710678118655150, 0.01707106781186553540, 0.1000000000000000611 ) ) ;
#520 = EDGE_CURVE ( 'NONE', #1823, #1366, #1464, .T. ) ;
#521 = ORIENTED_EDGE ( 'NONE', *, *, #359, .F. ) ;
#522 = ORIENTED_EDGE ( 'NONE', *, *, #286, .T. ) ;
#523 = EDGE_CURVE ( 'NONE', #1254, #583, #1828, .T. ) ;
#524 = DIRECTION ( 'NONE',  ( 0.000000000000000000, 2.220446049250312588E-16, -1.000000000000000000 ) ) ;
#525 = AXIS2_PLACEMENT_3D ( 'NONE', #1869, #277, #2239 ) ;
#526 = CARTESIAN_POINT ( 'NONE',  ( 0.000000000000000000, 0.000000000000000000, 0.000000000000000000 ) ) ;
#527 = FACE_OUTER_BOUND ( 'NONE', #844, .T. ) ;
#528 = CARTESIAN_POINT ( 'NONE',  ( -0.2033629072083007472, 0.3806617308452344139, -0.1249999999999999306 ) ) ;
#529 = ADVANCED_FACE ( 'NONE', ( #1594 ), #1057, .F. ) ;
#530 = CARTESIAN_POINT ( 'NONE',  ( -0.2595000000000000084, 2.561107494060246767E-17, -0.0008999999999999138897 ) ) ;
#531 = FACE_OUTER_BOUND ( 'NONE', #1415, .T. ) ;
#532 = ORIENTED_EDGE ( 'NONE', *, *, #1543, .F. ) ;
#533 = DIRECTION ( 'NONE',  ( -0.4067366430758003193, 0.9135454576426007556, 5.551115123125780853E-17 ) ) ;
#534 = ORIENTED_EDGE ( 'NONE', *, *, #2176, .F. ) ;
#535 = ORIENTED_EDGE ( 'NONE', *, *, #1684, .T. ) ;
#536 = AXIS2_PLACEMENT_3D ( 'NONE', #285, #988, #2244 ) ;
#537 = VECTOR ( 'NONE', #2035, 39.37007874015748143 ) ;
#538 = PLANE ( 'NONE',  #963 ) ;
#539 = CARTESIAN_POINT ( 'NONE',  ( -0.1956752993482153424, 0.05200000000000003925, -0.01541713342486818877 ) ) ;
#540 = CARTESIAN_POINT ( 'NONE',  ( -0.1506421356237307163, 2.561107494060246767E-17, -0.04589999999999998248 ) ) ;
#541 = CIRCLE ( 'NONE', #1211, 0.009999999999999995004 ) ;
#542 = DIRECTION ( 'NONE',  ( 0.000000000000000000, -2.220446049250312588E-16, 1.000000000000000000 ) ) ;
#543 = ORIENTED_EDGE ( 'NONE', *, *, #1176, .F. ) ;
#544 = LINE ( 'NONE', #1436, #301 ) ;
#545 = AXIS2_PLACEMENT_3D ( 'NONE', #472, #829, #334 ) ;
#546 = ADVANCED_FACE ( 'NONE', ( #531 ), #1582, .T. ) ;
#547 = CARTESIAN_POINT ( 'NONE',  ( -0.1871817549947956683, 0.2954458044499732594, 1.365923996832131609E-16 ) ) ;
#548 = ORIENTED_EDGE ( 'NONE', *, *, #2240, .T. ) ;
#549 = LINE ( 'NONE', #1621, #1440 ) ;
#550 = CARTESIAN_POINT ( 'NONE',  ( -0.1435710678118653771, 0.01707106781186550418, 0.04590000000000005187 ) ) ;
#551 = DIRECTION ( 'NONE',  ( 1.000000000000000000, 0.000000000000000000, 0.000000000000000000 ) ) ;
#552 = AXIS2_PLACEMENT_3D ( 'NONE', #1148, #263, #406 ) ;
#553 = ADVANCED_FACE ( 'NONE', ( #710 ), #621, .F. ) ;
#554 = ORIENTED_EDGE ( 'NONE', *, *, #703, .F. ) ;
#555 = DIRECTION ( 'NONE',  ( 0.000000000000000000, 2.220446049250312588E-16, -1.000000000000000000 ) ) ;
#556 = DIRECTION ( 'NONE',  ( 0.000000000000000000, 1.000000000000000000, 0.000000000000000000 ) ) ;
#557 = VERTEX_POINT ( 'NONE', #184 ) ;
#558 = EDGE_CURVE ( 'NONE', #990, #587, #2089, .T. ) ;
#559 = PLANE ( 'NONE',  #367 ) ;
#560 = VECTOR ( 'NONE', #1877, 39.37007874015748143 ) ;
#561 = DIRECTION ( 'NONE',  ( 1.000000000000000000, 0.000000000000000000, 0.000000000000000000 ) ) ;
#562 = VECTOR ( 'NONE', #54, 39.37007874015748854 ) ;
#563 = DIRECTION ( 'NONE',  ( -0.7071067811865440200, -0.7071067811865511255, -2.775557561562891351E-17 ) ) ;
#564 = EDGE_LOOP ( 'NONE', ( #816, #1557, #2108, #534 ) ) ;
#565 = CARTESIAN_POINT ( 'NONE',  ( -0.1364999999999999547, 0.01000000000000003837, -0.04599999999999999922 ) ) ;
#566 = PLANE ( 'NONE',  #789 ) ;
#567 = DIRECTION ( 'NONE',  ( 0.000000000000000000, 2.220446049250312588E-16, -1.000000000000000000 ) ) ;
#568 = ORIENTED_EDGE ( 'NONE', *, *, #268, .T. ) ;
#569 = LINE ( 'NONE', #771, #299 ) ;
#570 = EDGE_CURVE ( 'NONE', #1914, #1035, #1390, .T. ) ;
#571 = AXIS2_PLACEMENT_3D ( 'NONE', #86, #657, #1359 ) ;
#572 = PRESENTATION_LAYER_ASSIGNMENT (  '', '', ( #1020 ) ) ;
#573 = VERTEX_POINT ( 'NONE', #1577 ) ;
#574 = CARTESIAN_POINT ( 'NONE',  ( -0.1364999999999999547, 0.01000000000000003837, -0.04589999999999998248 ) ) ;
#575 = LINE ( 'NONE', #1068, #1790 ) ;
#576 = VERTEX_POINT ( 'NONE', #501 ) ;
#577 = DIRECTION ( 'NONE',  ( 0.000000000000000000, -1.000000000000000000, 0.000000000000000000 ) ) ;
#578 = ADVANCED_FACE ( 'NONE', ( #348 ), #1740, .T. ) ;
#579 = CARTESIAN_POINT ( 'NONE',  ( 0.1496421356237310485, 0.009999999999999995004, 0.1000000000000000611 ) ) ;
#580 = VECTOR ( 'NONE', #1720, 39.37007874015748854 ) ;
#581 = DIRECTION ( 'NONE',  ( 0.000000000000000000, 2.220446049250312588E-16, -1.000000000000000000 ) ) ;
#582 = ADVANCED_FACE ( 'NONE', ( #1039, #1405 ), #1727, .F. ) ;
#583 = VERTEX_POINT ( 'NONE', #1967 ) ;
#584 = AXIS2_PLACEMENT_3D ( 'NONE', #730, #1434, #921 ) ;
#585 = CARTESIAN_POINT ( 'NONE',  ( -0.2274999999999999523, 0.05534491082456498984, -0.1249999999999999306 ) ) ;
#586 = ADVANCED_FACE ( 'NONE', ( #323 ), #1200, .F. ) ;
#587 = VERTEX_POINT ( 'NONE', #162 ) ;
#588 = DIRECTION ( 'NONE',  ( -0.000000000000000000, 0.000000000000000000, 1.000000000000000000 ) ) ;
#589 = EDGE_CURVE ( 'NONE', #622, #1324, #354, .T. ) ;
#590 = CARTESIAN_POINT ( 'NONE',  ( -0.1364999999999999547, 0.02000000000000000042, -0.04589999999999998248 ) ) ;
#591 = ORIENTED_EDGE ( 'NONE', *, *, #2168, .F. ) ;
#592 = LINE ( 'NONE', #565, #2066 ) ;
#593 = LINE ( 'NONE', #924, #1665 ) ;
#594 = CARTESIAN_POINT ( 'NONE',  ( -0.1871817549947956683, 0.2954458044499732594, 1.365923996832131609E-16 ) ) ;
#595 = EDGE_LOOP ( 'NONE', ( #2062, #199, #827, #1851 ) ) ;
#596 = DIRECTION ( 'NONE',  ( -1.000000000000000000, 0.000000000000000000, 0.000000000000000000 ) ) ;
#597 = EDGE_CURVE ( 'NONE', #1061, #848, #244, .T. ) ;
#598 = ORIENTED_EDGE ( 'NONE', *, *, #1600, .T. ) ;
#599 = ORIENTED_EDGE ( 'NONE', *, *, #1451, .T. ) ;
#600 = DIRECTION ( 'NONE',  ( -0.1045284632676558856, -0.9945218953682730678, 0.000000000000000000 ) ) ;
#601 = AXIS2_PLACEMENT_3D ( 'NONE', #2169, #954, #265 ) ;
#602 = DIRECTION ( 'NONE',  ( -1.000000000000000000, 0.000000000000000000, 0.000000000000000000 ) ) ;
#603 = CIRCLE ( 'NONE', #1884, 0.01500000000000000291 ) ;
#604 = ORIENTED_EDGE ( 'NONE', *, *, #1029, .F. ) ;
#605 = DIRECTION ( 'NONE',  ( 0.000000000000000000, 1.000000000000000000, 0.000000000000000000 ) ) ;
#606 = CARTESIAN_POINT ( 'NONE',  ( -0.1506421356237307163, 0.01000000000000001235, 0.04590000000000005187 ) ) ;
#607 = EDGE_LOOP ( 'NONE', ( #2284, #859, #253, #1675 ) ) ;
#608 = CARTESIAN_POINT ( 'NONE',  ( -0.1934176882546181087, 0.3796164462125579675, -0.1249999999999999306 ) ) ;
#609 = ORIENTED_EDGE ( 'NONE', *, *, #1972, .T. ) ;
#610 = CARTESIAN_POINT ( 'NONE',  ( -0.2595000000000000084, 2.561107494060246767E-17, -0.0008999999999999138897 ) ) ;
#611 = CIRCLE ( 'NONE', #536, 0.06634003316248801574 ) ;
#612 = FACE_OUTER_BOUND ( 'NONE', #2183, .T. ) ;
#613 = PRODUCT_DEFINITION_SHAPE ( 'NONE', 'NONE',  #1429 ) ;
#614 = EDGE_CURVE ( 'NONE', #990, #1721, #1538, .T. ) ;
#615 = ORIENTED_EDGE ( 'NONE', *, *, #181, .F. ) ;
#616 = LINE ( 'NONE', #1135, #266 ) ;
#617 = FACE_OUTER_BOUND ( 'NONE', #1363, .T. ) ;
#618 = VERTEX_POINT ( 'NONE', #850 ) ;
#619 = LINE ( 'NONE', #1673, #1450 ) ;
#620 = ADVANCED_FACE ( 'NONE', ( #862 ), #395, .T. ) ;
#621 = TOROIDAL_SURFACE ( 'NONE', #838, 0.06634003316248800186, 0.01499999999999999944 ) ;
#622 = VERTEX_POINT ( 'NONE', #1028 ) ;
#623 = ORIENTED_EDGE ( 'NONE', *, *, #352, .T. ) ;
#624 = LINE ( 'NONE', #1325, #1564 ) ;
#625 = LINE ( 'NONE', #985, #1283 ) ;
#626 = ORIENTED_EDGE ( 'NONE', *, *, #453, .T. ) ;
#627 = CYLINDRICAL_SURFACE ( 'NONE', #645, 0.04199999999999998873 ) ;
#628 = ADVANCED_FACE ( 'NONE', ( #1233, #1274 ), #1928, .F. ) ;
#629 = CARTESIAN_POINT ( 'NONE',  ( -0.1506421356237307163, 0.01000000000000001235, 0.04590000000000005187 ) ) ;
#630 = ORIENTED_EDGE ( 'NONE', *, *, #2022, .F. ) ;
#631 = CARTESIAN_POINT ( 'NONE',  ( -0.2033629072083007472, 0.3806617308452343584, 0.1250000000000000555 ) ) ;
#632 = AXIS2_PLACEMENT_3D ( 'NONE', #1638, #2202, #417 ) ;
#633 = ORIENTED_EDGE ( 'NONE', *, *, #1437, .T. ) ;
#634 = CARTESIAN_POINT ( 'NONE',  ( 0.2285000000000000364, 8.537024980200822558E-18, 0.04600000000000006861 ) ) ;
#635 = CARTESIAN_POINT ( 'NONE',  ( -0.1885969655860468552, 0.3489611343105894492, 1.707404996040164512E-16 ) ) ;
#636 = EDGE_LOOP ( 'NONE', ( #801, #554, #1048, #1195 ) ) ;
#637 = CARTESIAN_POINT ( 'NONE',  ( -0.2220024528563770971, 0.2991056072701319679, 1.707404996040164512E-16 ) ) ;
#638 = AXIS2_PLACEMENT_3D ( 'NONE', #1736, #1749, #1762 ) ;
#639 = DIRECTION ( 'NONE',  ( 0.9945218953682732899, -0.1045284632676542758, -6.938893903906964910E-18 ) ) ;
#640 = ORIENTED_EDGE ( 'NONE', *, *, #2075, .F. ) ;
#641 = FACE_OUTER_BOUND ( 'NONE', #636, .T. ) ;
#642 = ORIENTED_EDGE ( 'NONE', *, *, #477, .F. ) ;
#643 = CARTESIAN_POINT ( 'NONE',  ( -0.3064999999999999947, 8.537024980200822558E-18, 0.04590000000000005187 ) ) ;
#644 = PLANE ( 'NONE',  #2275 ) ;
#645 = AXIS2_PLACEMENT_3D ( 'NONE', #482, #2028, #1708 ) ;
#646 = LINE ( 'NONE', #131, #1423 ) ;
#647 = CYLINDRICAL_SURFACE ( 'NONE', #227, 0.009999999999999995004 ) ;
#648 = CARTESIAN_POINT ( 'NONE',  ( 0.3064999999999999947, 0.01000000000000003837, -0.08499999999999995060 ) ) ;
#649 = ORIENTED_EDGE ( 'NONE', *, *, #1778, .T. ) ;
#650 = DIRECTION ( 'NONE',  ( 0.1045284632676559550, 0.9945218953682730678, 0.000000000000000000 ) ) ;
#651 = VECTOR ( 'NONE', #659, 39.37007874015748143 ) ;
#652 = EDGE_CURVE ( 'NONE', #1832, #383, #1223, .T. ) ;
#653 = VERTEX_POINT ( 'NONE', #491 ) ;
#654 = AXIS2_PLACEMENT_3D ( 'NONE', #696, #892, #1935 ) ;
#655 = VECTOR ( 'NONE', #62, 39.37007874015748143 ) ;
#656 = CARTESIAN_POINT ( 'NONE',  ( 0.1496421356237310485, 0.01000000000000005572, -0.1000000000000000611 ) ) ;
#657 = DIRECTION ( 'NONE',  ( -2.099675534254035117E-17, -1.110223024625156294E-16, -1.000000000000000000 ) ) ;
#658 = LINE ( 'NONE', #1581, #1009 ) ;
#659 = DIRECTION ( 'NONE',  ( -0.4067366430758003193, 0.9135454576426007556, 5.551115123125780853E-17 ) ) ;
#660 = ORIENTED_EDGE ( 'NONE', *, *, #441, .T. ) ;
#661 = FACE_OUTER_BOUND ( 'NONE', #1963, .T. ) ;
#662 = ORIENTED_EDGE ( 'NONE', *, *, #373, .F. ) ;
#663 = ORIENTED_EDGE ( 'NONE', *, *, #854, .T. ) ;
#664 = VECTOR ( 'NONE', #1763, 39.37007874015748143 ) ;
#665 = SURFACE_STYLE_USAGE ( .BOTH. , #2255 ) ;
#666 = CARTESIAN_POINT ( 'NONE',  ( -0.1364999999999999547, 0.01000000000000001235, 0.04590000000000005187 ) ) ;
#667 = EDGE_CURVE ( 'NONE', #1507, #1823, #93, .T. ) ;
#668 = DIRECTION ( 'NONE',  ( 0.000000000000000000, 2.220446049250312588E-16, -1.000000000000000000 ) ) ;
#669 = CARTESIAN_POINT ( 'NONE',  ( -0.2033629072083007472, 0.3806617308452344139, -0.1249999999999999306 ) ) ;
#670 = ORIENTED_EDGE ( 'NONE', *, *, #1084, .F. ) ;
#671 = DIRECTION ( 'NONE',  ( -1.000000000000000000, -3.081487911019577365E-32, 1.088504553360780300E-16 ) ) ;
#672 = CIRCLE ( 'NONE', #822, 0.06634003316248801574 ) ;
#673 = EDGE_LOOP ( 'NONE', ( #1058, #195, #739, #2128 ) ) ;
#674 = ORIENTED_EDGE ( 'NONE', *, *, #1815, .T. ) ;
#675 = AXIS2_PLACEMENT_3D ( 'NONE', #1635, #1469, #577 ) ;
#676 = DIRECTION ( 'NONE',  ( -1.000000000000000000, 0.000000000000000000, 0.000000000000000000 ) ) ;
#677 =( LENGTH_UNIT ( ) NAMED_UNIT ( * ) SI_UNIT ( $, .METRE. ) );
#678 = DIRECTION ( 'NONE',  ( 0.000000000000000000, -2.220446049250312588E-16, 1.000000000000000000 ) ) ;
#679 = CARTESIAN_POINT ( 'NONE',  ( 0.2915000000000000369, 4.268512490100411279E-17, -0.1000000000000000611 ) ) ;
#680 = ADVANCED_FACE ( 'NONE', ( #887 ), #1589, .T. ) ;
#681 = AXIS2_PLACEMENT_3D ( 'NONE', #71, #1781, #600 ) ;
#682 = DIRECTION ( 'NONE',  ( 0.000000000000000000, -1.000000000000000000, 0.000000000000000000 ) ) ;
#683 = VERTEX_POINT ( 'NONE', #2148 ) ;
#684 = CARTESIAN_POINT ( 'NONE',  ( 0.3064999999999999947, 0.000000000000000000, 0.1000000000000000611 ) ) ;
#685 = AXIS2_PLACEMENT_3D ( 'NONE', #258, #81, #1541 ) ;
#686 = ORIENTED_EDGE ( 'NONE', *, *, #947, .T. ) ;
#687 = EDGE_LOOP ( 'NONE', ( #1452, #1569, #1605 ) ) ;
#688 = EDGE_CURVE ( 'NONE', #418, #85, #95, .T. ) ;
#689 = DIRECTION ( 'NONE',  ( 0.000000000000000000, 1.000000000000000000, 0.000000000000000000 ) ) ;
#690 = SURFACE_STYLE_FILL_AREA ( #1895 ) ;
#691 = CIRCLE ( 'NONE', #315, 0.05001249999999998058 ) ;
#692 = VECTOR ( 'NONE', #1078, 39.37007874015748143 ) ;
#693 = DIRECTION ( 'NONE',  ( 0.000000000000000000, -2.220446049250312588E-16, 1.000000000000000000 ) ) ;
#694 = EDGE_CURVE ( 'NONE', #1328, #906, #1454, .T. ) ;
#695 = FACE_OUTER_BOUND ( 'NONE', #1725, .T. ) ;
#696 = CARTESIAN_POINT ( 'NONE',  ( -0.1956752993482153424, 0.05200000000000001843, 0.04600000000000006861 ) ) ;
#697 = ORIENTED_EDGE ( 'NONE', *, *, #1984, .T. ) ;
#698 = EDGE_CURVE ( 'NONE', #447, #319, #430, .T. ) ;
#699 = CARTESIAN_POINT ( 'NONE',  ( -0.1435710678118653771, 0.002928932188134568664, -0.04589999999999998248 ) ) ;
#700 = ORIENTED_EDGE ( 'NONE', *, *, #694, .F. ) ;
#701 = ORIENTED_EDGE ( 'NONE', *, *, #455, .F. ) ;
#702 = DIRECTION ( 'NONE',  ( -0.7071067811865440200, -0.7071067811865511255, -2.775557561562891351E-17 ) ) ;
#703 = EDGE_CURVE ( 'NONE', #415, #1914, #575, .T. ) ;
#704 =( NAMED_UNIT ( * ) PLANE_ANGLE_UNIT ( ) SI_UNIT ( $, .RADIAN. ) );
#705 = CIRCLE ( 'NONE', #1512, 0.009999999999999995004 ) ;
#706 = DIRECTION ( 'NONE',  ( -0.000000000000000000, 0.000000000000000000, 1.000000000000000000 ) ) ;
#707 = VECTOR ( 'NONE', #2178, 39.37007874015748143 ) ;
#708 = CARTESIAN_POINT ( 'NONE',  ( -0.2323410307876964120, 0.1049533019113652044, 0.03100000000000005876 ) ) ;
#709 = DIRECTION ( 'NONE',  ( -1.000000000000000000, 0.000000000000000000, 0.000000000000000000 ) ) ;
#710 = FACE_OUTER_BOUND ( 'NONE', #1501, .T. ) ;
#711 = VERTEX_POINT ( 'NONE', #738 ) ;
#712 = CARTESIAN_POINT ( 'NONE',  ( -0.1506421356237307163, 0.01000000000000003837, -0.04589999999999998248 ) ) ;
#713 = EDGE_LOOP ( 'NONE', ( #1104, #1945, #2039, #623 ) ) ;
#714 = VERTEX_POINT ( 'NONE', #1098 ) ;
#715 = AXIS2_PLACEMENT_3D ( 'NONE', #1105, #243, #1323 ) ;
#716 = CARTESIAN_POINT ( 'NONE',  ( -0.2339089577367113870, 0.09003547348084116331, 0.03100000000000002406 ) ) ;
#717 = VECTOR ( 'NONE', #1385, 39.37007874015748143 ) ;
#718 = DIRECTION ( 'NONE',  ( 0.7071067811865504593, 0.7071067811865445751, 5.551115123125777772E-17 ) ) ;
#719 = DIRECTION ( 'NONE',  ( 1.280104479605243548E-17, 3.330669073875468635E-16, -1.000000000000000000 ) ) ;
#720 = LINE ( 'NONE', #540, #692 ) ;
#721 = EDGE_CURVE ( 'NONE', #1384, #1328, #366, .T. ) ;
#722 = FACE_OUTER_BOUND ( 'NONE', #1025, .T. ) ;
#723 = VERTEX_POINT ( 'NONE', #1282 ) ;
#724 = CARTESIAN_POINT ( 'NONE',  ( -0.1956752993482153424, 0.01000000000000005572, -0.1250000000000000555 ) ) ;
#725 = DIRECTION ( 'NONE',  ( 1.000000000000000000, 0.000000000000000000, 0.000000000000000000 ) ) ;
#726 = VERTEX_POINT ( 'NONE', #934 ) ;
#727 = AXIS2_PLACEMENT_3D ( 'NONE', #539, #1592, #1758 ) ;
#728 = CARTESIAN_POINT ( 'NONE',  ( -0.1364999999999999547, 0.01000000000000000368, 0.04600000000000006861 ) ) ;
#729 = DIRECTION ( 'NONE',  ( 0.000000000000000000, 2.319843744619788430E-16, -1.000000000000000000 ) ) ;
#730 = CARTESIAN_POINT ( 'NONE',  ( -0.1506421356237307163, 0.01000000000000003837, -0.04589999999999998248 ) ) ;
#731 = CIRCLE ( 'NONE', #2013, 0.05307423749593469242 ) ;
#732 = EDGE_CURVE ( 'NONE', #1259, #1662, #1258, .T. ) ;
#733 = ORIENTED_EDGE ( 'NONE', *, *, #1018, .T. ) ;
#734 = CYLINDRICAL_SURFACE ( 'NONE', #193, 0.01499999999999999598 ) ;
#735 = ORIENTED_EDGE ( 'NONE', *, *, #1451, .F. ) ;
#736 = FACE_OUTER_BOUND ( 'NONE', #713, .T. ) ;
#737 = DIRECTION ( 'NONE',  ( 1.000000000000000000, 0.000000000000000000, 0.000000000000000000 ) ) ;
#738 = CARTESIAN_POINT ( 'NONE',  ( -0.2374452189536826741, 0.05639019545724145016, 0.1250000000000000555 ) ) ;
#739 = ORIENTED_EDGE ( 'NONE', *, *, #1750, .T. ) ;
#740 = CARTESIAN_POINT ( 'NONE',  ( -0.2374452189536826741, 0.05639019545724151955, -0.1249999999999999306 ) ) ;
#741 = CARTESIAN_POINT ( 'NONE',  ( -0.2033629072083007472, 0.3806617308452343584, 0.1250000000000000555 ) ) ;
#742 = EDGE_CURVE ( 'NONE', #1231, #1891, #1952, .T. ) ;
#743 = LINE ( 'NONE', #382, #141 ) ;
#744 = EDGE_LOOP ( 'NONE', ( #177, #896, #2273, #1583 ) ) ;
#745 = VERTEX_POINT ( 'NONE', #2136 ) ;
#746 = AXIS2_PLACEMENT_3D ( 'NONE', #866, #2081, #2259 ) ;
#747 = SURFACE_SIDE_STYLE ('',( #37 ) ) ;
#748 = DIRECTION ( 'NONE',  ( 0.000000000000000000, -2.220446049250312834E-16, 1.000000000000000000 ) ) ;
#749 = ORIENTED_EDGE ( 'NONE', *, *, #941, .F. ) ;
#750 = CARTESIAN_POINT ( 'NONE',  ( -0.1435710678118653771, 0.002928932188134534403, 0.04590000000000005187 ) ) ;
#751 = CARTESIAN_POINT ( 'NONE',  ( -0.1987867201211349910, 0.2966655354348618490, 1.707404996040164512E-16 ) ) ;
#752 = EDGE_CURVE ( 'NONE', #573, #2214, #2117, .T. ) ;
#753 = DIRECTION ( 'NONE',  ( 0.000000000000000000, 1.000000000000000000, 0.000000000000000000 ) ) ;
#754 = ORIENTED_EDGE ( 'NONE', *, *, #281, .T. ) ;
#755 = CARTESIAN_POINT ( 'NONE',  ( -0.1934176882546181087, 0.3796164462125578565, 0.1250000000000000555 ) ) ;
#756 = AXIS2_PLACEMENT_3D ( 'NONE', #1054, #865, #2116 ) ;
#757 = EDGE_CURVE ( 'NONE', #576, #573, #1269, .T. ) ;
#758 = AXIS2_PLACEMENT_3D ( 'NONE', #1793, #2043, #1707 ) ;
#759 = ORIENTED_EDGE ( 'NONE', *, *, #2042, .T. ) ;
#760 = CARTESIAN_POINT ( 'NONE',  ( -0.2274999999999999523, 0.05534491082456496902, 0.1250000000000001110 ) ) ;
#761 = DIRECTION ( 'NONE',  ( 0.1045284632676544284, 0.9945218953682734009, 0.000000000000000000 ) ) ;
#762 = EDGE_CURVE ( 'NONE', #1317, #1991, #194, .T. ) ;
#763 = EDGE_LOOP ( 'NONE', ( #1162, #356, #1015, #185 ) ) ;
#764 = CARTESIAN_POINT ( 'NONE',  ( -0.1506421356237307163, 0.01000000000000001235, 0.04590000000000005187 ) ) ;
#765 = FACE_OUTER_BOUND ( 'NONE', #148, .T. ) ;
#766 = AXIS2_PLACEMENT_3D ( 'NONE', #868, #2272, #172 ) ;
#767 = DIRECTION ( 'NONE',  ( -0.9945218953682734009, 0.1045284632676542619, 6.938893903907231459E-18 ) ) ;
#768 = EDGE_CURVE ( 'NONE', #94, #2251, #379, .T. ) ;
#769 = EDGE_LOOP ( 'NONE', ( #156, #1599 ) ) ;
#770 = VECTOR ( 'NONE', #1477, 39.37007874015748143 ) ;
#771 = CARTESIAN_POINT ( 'NONE',  ( 0.1354999999999999538, 0.01000000000000005572, -0.1250000000000000555 ) ) ;
#772 = ORIENTED_EDGE ( 'NONE', *, *, #2009, .T. ) ;
#773 = EDGE_CURVE ( 'NONE', #927, #146, #731, .T. ) ;
#774 = FACE_OUTER_BOUND ( 'NONE', #744, .T. ) ;
#775 = CARTESIAN_POINT ( 'NONE',  ( 0.1354999999999999538, 0.009999999999999988065, 0.1250000000000000555 ) ) ;
#776 = ORIENTED_EDGE ( 'NONE', *, *, #1532, .T. ) ;
#777 = DIRECTION ( 'NONE',  ( 0.000000000000000000, 1.000000000000000000, 0.000000000000000000 ) ) ;
#778 = VECTOR ( 'NONE', #213, 39.37007874015748143 ) ;
#779 = CARTESIAN_POINT ( 'NONE',  ( -0.1506421356237307163, 0.01000000000000001235, 0.04590000000000005187 ) ) ;
#780 = EDGE_LOOP ( 'NONE', ( #869, #1036, #1634, #846, #1693 ) ) ;
#781 = EDGE_CURVE ( 'NONE', #1158, #1891, #1238, .T. ) ;
#782 = CARTESIAN_POINT ( 'NONE',  ( -0.2595000000000000084, 0.01000000000000002102, 0.02260000000000005407 ) ) ;
#783 = ORIENTED_EDGE ( 'NONE', *, *, #1768, .F. ) ;
#784 = ADVANCED_FACE ( 'NONE', ( #2282 ), #390, .F. ) ;
#785 = CARTESIAN_POINT ( 'NONE',  ( -0.1364999999999999547, 0.02000000000000003858, -0.04599999999999999922 ) ) ;
#786 = CIRCLE ( 'NONE', #2033, 0.03199999999999999373 ) ;
#787 = DIRECTION ( 'NONE',  ( -6.994405055138489360E-15, -1.000000000000000000, -5.551115123125781470E-17 ) ) ;
#788 = EDGE_CURVE ( 'NONE', #2037, #372, #720, .T. ) ;
#789 = AXIS2_PLACEMENT_3D ( 'NONE', #1808, #1272, #1966 ) ;
#790 = VERTEX_POINT ( 'NONE', #1771 ) ;
#791 = DIRECTION ( 'NONE',  ( 1.000000000000000000, 0.000000000000000000, 0.000000000000000000 ) ) ;
#792 = LINE ( 'NONE', #241, #1327 ) ;
#793 = ORIENTED_EDGE ( 'NONE', *, *, #871, .T. ) ;
#794 = DIRECTION ( 'NONE',  ( -1.707404996040164512E-16, 2.220446049250312588E-16, -1.000000000000000000 ) ) ;
#795 = EDGE_LOOP ( 'NONE', ( #1411, #2194, #1586, #783 ) ) ;
#796 = EDGE_LOOP ( 'NONE', ( #421, #1504, #967, #615 ) ) ;
#797 = FACE_OUTER_BOUND ( 'NONE', #332, .T. ) ;
#798 = AXIS2_PLACEMENT_3D ( 'NONE', #303, #456, #840 ) ;
#799 = EDGE_CURVE ( 'NONE', #1061, #723, #246, .T. ) ;
#800 = CARTESIAN_POINT ( 'NONE',  ( 0.1425710678118655150, 0.01707106781186559438, -0.1000000000000000611 ) ) ;
#801 = ORIENTED_EDGE ( 'NONE', *, *, #570, .F. ) ;
#802 = DIRECTION ( 'NONE',  ( 0.000000000000000000, -2.220446049250312588E-16, 1.000000000000000000 ) ) ;
#803 = ADVANCED_FACE ( 'NONE', ( #1443 ), #215, .T. ) ;
#804 = DIRECTION ( 'NONE',  ( -1.000000000000000000, 0.000000000000000000, 0.000000000000000000 ) ) ;
#805 = ORIENTED_EDGE ( 'NONE', *, *, #279, .F. ) ;
#806 = CARTESIAN_POINT ( 'NONE',  ( -0.2274999999999999523, 0.05534491082456515637, -0.1249999999999999306 ) ) ;
#807 = VECTOR ( 'NONE', #39, 39.37007874015748143 ) ;
#808 = ORIENTED_EDGE ( 'NONE', *, *, #47, .T. ) ;
#809 = EDGE_CURVE ( 'NONE', #1377, #906, #1623, .T. ) ;
#810 = ORIENTED_EDGE ( 'NONE', *, *, #374, .T. ) ;
#811 = DIRECTION ( 'NONE',  ( -0.9135454576426007556, -0.4067366430758004303, -2.775557561562890735E-17 ) ) ;
#812 = LINE ( 'NONE', #458, #1866 ) ;
#813 = ORIENTED_EDGE ( 'NONE', *, *, #809, .F. ) ;
#814 = DIRECTION ( 'NONE',  ( 0.000000000000000000, -2.220446049250312588E-16, 1.000000000000000000 ) ) ;
#815 = CARTESIAN_POINT ( 'NONE',  ( -0.2374452189536826741, 0.05639019545724151955, -0.1249999999999999306 ) ) ;
#816 = ORIENTED_EDGE ( 'NONE', *, *, #143, .F. ) ;
#817 = DIRECTION ( 'NONE',  ( 0.000000000000000000, 2.220446049250312588E-16, -1.000000000000000000 ) ) ;
#818 = AXIS2_PLACEMENT_3D ( 'NONE', #1224, #1950, #165 ) ;
#819 = ORIENTED_EDGE ( 'NONE', *, *, #504, .F. ) ;
#820 = CARTESIAN_POINT ( 'NONE',  ( -0.1956752993482153424, 0.01000000000000000368, 0.04600000000000006861 ) ) ;
#821 = CARTESIAN_POINT ( 'NONE',  ( -0.1435710678118653771, 0.01707106781186550418, 0.04590000000000005187 ) ) ;
#822 = AXIS2_PLACEMENT_3D ( 'NONE', #1774, #1954, #1229 ) ;
#823 = LINE ( 'NONE', #484, #2085 ) ;
#824 = ORIENTED_EDGE ( 'NONE', *, *, #26, .T. ) ;
#825 = DIRECTION ( 'NONE',  ( -1.000000000000000000, 0.000000000000000000, 0.000000000000000000 ) ) ;
#826 = EDGE_CURVE ( 'NONE', #1819, #1158, #51, .T. ) ;
#827 = ORIENTED_EDGE ( 'NONE', *, *, #116, .F. ) ;
#828 = DIRECTION ( 'NONE',  ( 0.7071067811865509034, -0.7071067811865440200, -2.775557561562890735E-17 ) ) ;
#829 = DIRECTION ( 'NONE',  ( 0.000000000000000000, 1.000000000000000000, 0.000000000000000000 ) ) ;
#830 = AXIS2_PLACEMENT_3D ( 'NONE', #528, #678, #1237 ) ;
#831 = DIRECTION ( 'NONE',  ( 0.000000000000000000, -2.220446049250312588E-16, 1.000000000000000000 ) ) ;
#832 = DIRECTION ( 'NONE',  ( 0.9135454576426056406, 0.4067366430757893281, 0.000000000000000000 ) ) ;
#833 = CARTESIAN_POINT ( 'NONE',  ( -0.2374452189536826741, 0.05639019545724145016, 0.1250000000000000555 ) ) ;
#834 = ORIENTED_EDGE ( 'NONE', *, *, #435, .F. ) ;
#835 = CARTESIAN_POINT ( 'NONE',  ( -0.2220024528563770971, 0.2991056072701319679, 1.707404996040164512E-16 ) ) ;
#836 = AXIS2_PLACEMENT_3D ( 'NONE', #1710, #287, #682 ) ;
#837 = ORIENTED_EDGE ( 'NONE', *, *, #1921, .T. ) ;
#838 = AXIS2_PLACEMENT_3D ( 'NONE', #1627, #1051, #2078 ) ;
#839 = VECTOR ( 'NONE', #118, 39.37007874015748854 ) ;
#840 = DIRECTION ( 'NONE',  ( 0.000000000000000000, -1.000000000000000000, 0.000000000000000000 ) ) ;
#841 = CARTESIAN_POINT ( 'NONE',  ( -0.2034100531156558811, 0.2526774603317582524, 1.365923996832131609E-16 ) ) ;
#842 = DIRECTION ( 'NONE',  ( 0.000000000000000000, 1.110223024625156294E-16, -1.000000000000000000 ) ) ;
#843 = CARTESIAN_POINT ( 'NONE',  ( -0.2223958118340137735, 0.1039080172786886053, 0.03100000000000002406 ) ) ;
#844 = EDGE_LOOP ( 'NONE', ( #56, #1175, #507 ) ) ;
#845 = CYLINDRICAL_SURFACE ( 'NONE', #2254, 0.01499999999999999598 ) ;
#846 = ORIENTED_EDGE ( 'NONE', *, *, #1040, .F. ) ;
#847 = EDGE_CURVE ( 'NONE', #557, #2099, #1499, .T. ) ;
#848 = VERTEX_POINT ( 'NONE', #2209 ) ;
#849 = CIRCLE ( 'NONE', #1723, 0.05307423749593469242 ) ;
#850 = CARTESIAN_POINT ( 'NONE',  ( -0.2333909960156574925, 0.4481059225566189075, 0.1250000000000001110 ) ) ;
#851 = EDGE_CURVE ( 'NONE', #146, #980, #2235, .T. ) ;
#852 = CARTESIAN_POINT ( 'NONE',  ( -0.2914999999999999258, 0.01000000000000000368, 0.03090000000000007324 ) ) ;
#853 = CARTESIAN_POINT ( 'NONE',  ( -0.2595000000000000084, 2.561107494060246767E-17, -0.0008999999999999138897 ) ) ;
#854 = EDGE_CURVE ( 'NONE', #711, #2159, #413, .T. ) ;
#855 = CARTESIAN_POINT ( 'NONE',  ( -0.2220024528563770971, 0.2991056072701319679, 1.707404996040164512E-16 ) ) ;
#856 = ORIENTED_EDGE ( 'NONE', *, *, #762, .F. ) ;
#857 = PLANE ( 'NONE',  #1882 ) ;
#858 = AXIS2_PLACEMENT_3D ( 'NONE', #853, #2270, #1898 ) ;
#859 = ORIENTED_EDGE ( 'NONE', *, *, #1275, .T. ) ;
#860 = ORIENTED_EDGE ( 'NONE', *, *, #1199, .T. ) ;
#861 = CIRCLE ( 'NONE', #1955, 0.01500000000000000291 ) ;
#862 = FACE_OUTER_BOUND ( 'NONE', #1049, .T. ) ;
#863 = ADVANCED_FACE ( 'NONE', ( #284 ), #1843, .T. ) ;
#864 = EDGE_CURVE ( 'NONE', #1435, #80, #1156, .T. ) ;
#865 = DIRECTION ( 'NONE',  ( 0.000000000000000000, 1.000000000000000000, 0.000000000000000000 ) ) ;
#866 = CARTESIAN_POINT ( 'NONE',  ( -0.1435710678118653771, 0.01707106781186550418, 0.04590000000000005187 ) ) ;
#867 = CIRCLE ( 'NONE', #84, 0.01000000000000000021 ) ;
#868 = CARTESIAN_POINT ( 'NONE',  ( -0.1987867201211349910, 0.2966655354348618490, 1.707404996040164512E-16 ) ) ;
#869 = ORIENTED_EDGE ( 'NONE', *, *, #47, .F. ) ;
#870 = DIRECTION ( 'NONE',  ( 1.000000000000000000, 0.000000000000000000, -1.707404996040165498E-16 ) ) ;
#871 = EDGE_CURVE ( 'NONE', #557, #2146, #259, .T. ) ;
#872 = ORIENTED_EDGE ( 'NONE', *, *, #1199, .F. ) ;
#873 = ORIENTED_EDGE ( 'NONE', *, *, #1042, .T. ) ;
#874 = CARTESIAN_POINT ( 'NONE',  ( -0.2374452189536826741, 0.05639019545724151955, -0.1249999999999999306 ) ) ;
#875 = DIRECTION ( 'NONE',  ( -0.1045284632676558856, -0.9945218953682730678, 0.000000000000000000 ) ) ;
#876 = LENGTH_MEASURE_WITH_UNIT ( LENGTH_MEASURE( 0.02539999999999999897 ), #2102 );
#877 = VECTOR ( 'NONE', #709, 39.37007874015748143 ) ;
#878 = FACE_OUTER_BOUND ( 'NONE', #1134, .T. ) ;
#879 = AXIS2_PLACEMENT_3D ( 'NONE', #902, #17, #551 ) ;
#880 = CARTESIAN_POINT ( 'NONE',  ( -0.2033629072083007472, 0.3806617308452344139, -0.1249999999999999306 ) ) ;
#881 = FACE_OUTER_BOUND ( 'NONE', #1045, .T. ) ;
#882 = DIRECTION ( 'NONE',  ( 0.000000000000000000, 2.220446049250312588E-16, -1.000000000000000000 ) ) ;
#883 = ORIENTED_EDGE ( 'NONE', *, *, #1403, .T. ) ;
#884 = DIRECTION ( 'NONE',  ( 0.000000000000000000, -1.000000000000000000, 0.000000000000000000 ) ) ;
#885 = EDGE_LOOP ( 'NONE', ( #735, #2191, #1540, #1353, #2119 ) ) ;
#886 = ORIENTED_EDGE ( 'NONE', *, *, #688, .T. ) ;
#887 = FACE_OUTER_BOUND ( 'NONE', #1508, .T. ) ;
#888 = AXIS2_PLACEMENT_3D ( 'NONE', #198, #556, #33 ) ;
#889 = FACE_OUTER_BOUND ( 'NONE', #330, .T. ) ;
#890 = DIRECTION ( 'NONE',  ( 0.000000000000000000, -3.330669073875468635E-16, 1.000000000000000000 ) ) ;
#891 = DIRECTION ( 'NONE',  ( 0.000000000000000000, 0.000000000000000000, -1.000000000000000000 ) ) ;
#892 = DIRECTION ( 'NONE',  ( 0.000000000000000000, 2.220446049250312588E-16, -1.000000000000000000 ) ) ;
#893 = ORIENTED_EDGE ( 'NONE', *, *, #1367, .T. ) ;
#894 = PLANE ( 'NONE',  #1304 ) ;
#895 = DIRECTION ( 'NONE',  ( 6.994405055138490938E-15, -1.000000000000000000, 0.000000000000000000 ) ) ;
#896 = ORIENTED_EDGE ( 'NONE', *, *, #947, .F. ) ;
#897 = AXIS2_PLACEMENT_3D ( 'NONE', #1226, #1055, #1216 ) ;
#898 = UNCERTAINTY_MEASURE_WITH_UNIT (LENGTH_MEASURE( 1.000000000000000082E-05 ), #1379, 'distance_accuracy_value', 'NONE');
#899 = CIRCLE ( 'NONE', #2181, 0.04423037371823267810 ) ;
#900 = CARTESIAN_POINT ( 'NONE',  ( -0.1506421356237307163, 0.01000000000000003837, -0.04589999999999998248 ) ) ;
#901 = PLANE ( 'NONE',  #494 ) ;
#902 = CARTESIAN_POINT ( 'NONE',  ( -0.1802473332751952650, 0.3614224199695248996, 2.048885995248197414E-16 ) ) ;
#903 = ORIENTED_EDGE ( 'NONE', *, *, #1668, .T. ) ;
#904 = CARTESIAN_POINT ( 'NONE',  ( 0.2285000000000000364, 2.561107494060246767E-17, 3.414809992080329023E-17 ) ) ;
#905 = LINE ( 'NONE', #1608, #664 ) ;
#906 = VERTEX_POINT ( 'NONE', #2001 ) ;
#907 = VECTOR ( 'NONE', #1542, 39.37007874015748143 ) ;
#908 = LINE ( 'NONE', #1611, #1910 ) ;
#909 = EDGE_CURVE ( 'NONE', #428, #1615, #812, .T. ) ;
#910 = DIRECTION ( 'NONE',  ( 0.000000000000000000, 2.220446049250312588E-16, -1.000000000000000000 ) ) ;
#911 = DIRECTION ( 'NONE',  ( 0.000000000000000000, -1.000000000000000000, 0.000000000000000000 ) ) ;
#912 = VECTOR ( 'NONE', #355, 39.37007874015748143 ) ;
#913 = VERTEX_POINT ( 'NONE', #973 ) ;
#914 = DIRECTION ( 'NONE',  ( -0.7071067811865509034, -0.7071067811865440200, -2.775557561562890735E-17 ) ) ;
#915 = FACE_BOUND ( 'NONE', #769, .T. ) ;
#916 = CARTESIAN_POINT ( 'NONE',  ( -0.2595000000000000084, 2.561107494060246767E-17, -0.02439999999999994951 ) ) ;
#917 = VERTEX_POINT ( 'NONE', #1167 ) ;
#918 = PLANE ( 'NONE',  #1620 ) ;
#919 = DIRECTION ( 'NONE',  ( 0.000000000000000000, 1.000000000000000000, 0.000000000000000000 ) ) ;
#920 = ADVANCED_FACE ( 'NONE', ( #1121 ), #1487, .T. ) ;
#921 = DIRECTION ( 'NONE',  ( -1.000000000000000000, 0.000000000000000000, 0.000000000000000000 ) ) ;
#922 = ORIENTED_EDGE ( 'NONE', *, *, #2216, .F. ) ;
#923 = LINE ( 'NONE', #1625, #347 ) ;
#924 = CARTESIAN_POINT ( 'NONE',  ( -0.1506421356237307163, 0.01000000000000003837, -0.04589999999999998248 ) ) ;
#925 = ADVANCED_FACE ( 'NONE', ( #237 ), #946, .T. ) ;
#926 = DIRECTION ( 'NONE',  ( 0.9945218953682734009, -0.1045284632676546643, -6.938893903907231459E-18 ) ) ;
#927 = VERTEX_POINT ( 'NONE', #635 ) ;
#928 = CARTESIAN_POINT ( 'NONE',  ( -0.1956752993482153424, 0.05200000000000003925, -0.04599999999999999922 ) ) ;
#929 = ORIENTED_EDGE ( 'NONE', *, *, #1500, .T. ) ;
#930 = CIRCLE ( 'NONE', #2218, 0.05307423749593469242 ) ;
#931 = EDGE_CURVE ( 'NONE', #1761, #1900, #358, .T. ) ;
#932 = DIRECTION ( 'NONE',  ( 0.000000000000000000, 2.220446049250312588E-16, -1.000000000000000000 ) ) ;
#933 = EDGE_CURVE ( 'NONE', #1474, #1317, #1644, .T. ) ;
#934 = CARTESIAN_POINT ( 'NONE',  ( -0.2274999999999999523, 0.05534491082456496902, -0.04599999999999999922 ) ) ;
#935 = ORIENTED_EDGE ( 'NONE', *, *, #2185, .T. ) ;
#936 = FACE_OUTER_BOUND ( 'NONE', #2111, .T. ) ;
#937 = PLANE ( 'NONE',  #1085 ) ;
#938 = CARTESIAN_POINT ( 'NONE',  ( -0.2239637387830286652, 0.08899018884816460584, 0.04600000000000006861 ) ) ;
#939 = VERTEX_POINT ( 'NONE', #1656 ) ;
#940 = LINE ( 'NONE', #2193, #1850 ) ;
#941 = EDGE_CURVE ( 'NONE', #622, #1891, #1511, .T. ) ;
#942 = AXIS2_PLACEMENT_3D ( 'NONE', #1408, #180, #1215 ) ;
#943 = VECTOR ( 'NONE', #2220, 39.37007874015748854 ) ;
#944 = ORIENTED_EDGE ( 'NONE', *, *, #762, .T. ) ;
#945 = CARTESIAN_POINT ( 'NONE',  ( -0.1956752993482153424, 0.05200000000000008782, -0.1864171334248681811 ) ) ;
#946 = CYLINDRICAL_SURFACE ( 'NONE', #1973, 0.01500000000000001159 ) ;
#947 = EDGE_CURVE ( 'NONE', #1560, #447, #625, .T. ) ;
#948 = ORIENTED_EDGE ( 'NONE', *, *, #597, .F. ) ;
#949 = DIRECTION ( 'NONE',  ( 0.000000000000000000, 2.845674993400273446E-16, -1.000000000000000000 ) ) ;
#950 = VECTOR ( 'NONE', #1805, 39.37007874015748143 ) ;
#951 = DIRECTION ( 'NONE',  ( 1.000000000000000000, 0.000000000000000000, 0.000000000000000000 ) ) ;
#952 = EDGE_LOOP ( 'NONE', ( #2217, #1513, #1711, #2155 ) ) ;
#953 = AXIS2_PLACEMENT_3D ( 'NONE', #434, #761, #1680 ) ;
#954 = DIRECTION ( 'NONE',  ( 0.000000000000000000, -2.220446049250312588E-16, 1.000000000000000000 ) ) ;
#955 = EDGE_LOOP ( 'NONE', ( #48, #1982, #90, #1927 ) ) ;
#956 = ADVANCED_FACE ( 'NONE', ( #72, #612 ), #1316, .T. ) ;
#957 = VERTEX_POINT ( 'NONE', #2036 ) ;
#958 = EDGE_CURVE ( 'NONE', #576, #745, #1633, .T. ) ;
#959 = LINE ( 'NONE', #1612, #15 ) ;
#960 = CARTESIAN_POINT ( 'NONE',  ( -0.2914999999999999258, 3.414809992080329023E-17, -0.03090000000000000385 ) ) ;
#961 = ORIENTED_EDGE ( 'NONE', *, *, #1600, .F. ) ;
#962 = DIRECTION ( 'NONE',  ( 0.000000000000000000, 2.220446049250312588E-16, -1.000000000000000000 ) ) ;
#963 = AXIS2_PLACEMENT_3D ( 'NONE', #2103, #2280, #1267 ) ;
#964 = DIRECTION ( 'NONE',  ( 0.1045284632676541647, 0.9945218953682732899, 0.000000000000000000 ) ) ;
#965 = EDGE_LOOP ( 'NONE', ( #402, #856, #1978, #345 ) ) ;
#966 = DIRECTION ( 'NONE',  ( 0.000000000000000000, 2.220446049250312588E-16, -1.000000000000000000 ) ) ;
#967 = ORIENTED_EDGE ( 'NONE', *, *, #968, .F. ) ;
#968 = EDGE_CURVE ( 'NONE', #573, #957, #1179, .T. ) ;
#969 = ORIENTED_EDGE ( 'NONE', *, *, #2090, .T. ) ;
#970 = CARTESIAN_POINT ( 'NONE',  ( -0.1871817549947956683, 0.2954458044499732594, 1.365923996832131609E-16 ) ) ;
#971 = VECTOR ( 'NONE', #1946, 39.37007874015748143 ) ;
#972 = ADVANCED_FACE ( 'NONE', ( #996 ), #2221, .T. ) ;
#973 = CARTESIAN_POINT ( 'NONE',  ( 0.2285000000000000364, 0.01000000000000000368, 0.04600000000000006861 ) ) ;
#974 = AXIS2_PLACEMENT_3D ( 'NONE', #219, #1626, #43 ) ;
#975 = ORIENTED_EDGE ( 'NONE', *, *, #523, .T. ) ;
#976 = DIRECTION ( 'NONE',  ( 0.000000000000000000, -2.220446049250312588E-16, 1.000000000000000000 ) ) ;
#977 = DIRECTION ( 'NONE',  ( 0.9135454576426007556, 0.4067366430758004303, 2.775557561562890735E-17 ) ) ;
#978 = VERTEX_POINT ( 'NONE', #1873 ) ;
#979 = DIRECTION ( 'NONE',  ( 0.000000000000000000, -2.220446049250312588E-16, 1.000000000000000000 ) ) ;
#980 = VERTEX_POINT ( 'NONE', #2232 ) ;
#981 = AXIS2_PLACEMENT_3D ( 'NONE', #1305, #1988, #2161 ) ;
#982 = LINE ( 'NONE', #2014, #2041 ) ;
#983 = PRESENTATION_LAYER_ASSIGNMENT (  '', '', ( #1932 ) ) ;
#984 = DIMENSIONAL_EXPONENTS ( 1.000000000000000000, 0.000000000000000000, 0.000000000000000000, 0.000000000000000000, 0.000000000000000000, 0.000000000000000000, 0.000000000000000000 ) ;
#985 = CARTESIAN_POINT ( 'NONE',  ( -0.2914999999999999258, 8.537024980200822558E-18, 0.04590000000000005187 ) ) ;
#986 = ADVANCED_FACE ( 'NONE', ( #481 ), #644, .F. ) ;
#987 = ORIENTED_EDGE ( 'NONE', *, *, #200, .F. ) ;
#988 = DIRECTION ( 'NONE',  ( 0.9945218953682734009, -0.1045284632676546643, -6.938893903907231459E-18 ) ) ;
#989 = CARTESIAN_POINT ( 'NONE',  ( 0.1496421356237310485, 4.268512490100411279E-17, -0.1000000000000000611 ) ) ;
#990 = VERTEX_POINT ( 'NONE', #820 ) ;
#991 = DIRECTION ( 'NONE',  ( 0.000000000000000000, 2.220446049250312588E-16, -1.000000000000000000 ) ) ;
#992 = AXIS2_PLACEMENT_3D ( 'NONE', #669, #1217, #1352 ) ;
#993 = CIRCLE ( 'NONE', #858, 0.02350000000000000699 ) ;
#994 = ORIENTED_EDGE ( 'NONE', *, *, #1965, .T. ) ;
#995 = EDGE_CURVE ( 'NONE', #1254, #2241, #1575, .T. ) ;
#996 = FACE_OUTER_BOUND ( 'NONE', #1657, .T. ) ;
#997 = EDGE_CURVE ( 'NONE', #2163, #913, #1467, .T. ) ;
#998 = CARTESIAN_POINT ( 'NONE',  ( -0.1364999999999999547, 0.01000000000000003837, -0.04589999999999998248 ) ) ;
#999 = DIRECTION ( 'NONE',  ( 0.1045284632676542341, 0.9945218953682734009, 0.000000000000000000 ) ) ;
#1000 = ORIENTED_EDGE ( 'NONE', *, *, #757, .F. ) ;
#1001 = DIRECTION ( 'NONE',  ( 0.000000000000000000, 2.220446049250312588E-16, -1.000000000000000000 ) ) ;
#1002 = CIRCLE ( 'NONE', #552, 0.04199999999999998873 ) ;
#1003 = EDGE_CURVE ( 'NONE', #489, #583, #2044, .T. ) ;
#1004 = ORIENTED_EDGE ( 'NONE', *, *, #2090, .F. ) ;
#1005 = CARTESIAN_POINT ( 'NONE',  ( -0.3064999999999999947, 0.01000000000000000368, 0.03090000000000007324 ) ) ;
#1006 = ADVANCED_FACE ( 'NONE', ( #109 ), #1885, .F. ) ;
#1007 = DIRECTION ( 'NONE',  ( -1.000000000000000000, 0.000000000000000000, 0.000000000000000000 ) ) ;
#1008 = FACE_OUTER_BOUND ( 'NONE', #1915, .T. ) ;
#1009 = VECTOR ( 'NONE', #1566, 39.37007874015748143 ) ;
#1010 = DIRECTION ( 'NONE',  ( 0.1045284632676541647, 0.9945218953682732899, 0.000000000000000000 ) ) ;
#1011 = VECTOR ( 'NONE', #19, 39.37007874015748854 ) ;
#1012 = DIRECTION ( 'NONE',  ( 0.000000000000000000, -1.000000000000000000, 0.000000000000000000 ) ) ;
#1013 = ORIENTED_EDGE ( 'NONE', *, *, #1809, .F. ) ;
#1014 = DIRECTION ( 'NONE',  ( -1.000000000000000000, 0.000000000000000000, 0.000000000000000000 ) ) ;
#1015 = ORIENTED_EDGE ( 'NONE', *, *, #768, .F. ) ;
#1016 = CIRCLE ( 'NONE', #13, 0.02500000000000000486 ) ;
#1017 = CARTESIAN_POINT ( 'NONE',  ( -0.2033629072083007472, 0.3806617308452343584, 0.1250000000000000555 ) ) ;
#1018 = EDGE_CURVE ( 'NONE', #1721, #711, #161, .T. ) ;
#1019 = FACE_OUTER_BOUND ( 'NONE', #207, .T. ) ;
#1020 = STYLED_ITEM ( 'NONE', ( #140 ), #1726 ) ;
#1021 = CARTESIAN_POINT ( 'NONE',  ( -0.2022730596578578288, 0.3782138931689897898, 0.1250000000000000555 ) ) ;
#1022 = ORIENTED_EDGE ( 'NONE', *, *, #200, .T. ) ;
#1023 = FACE_OUTER_BOUND ( 'NONE', #333, .T. ) ;
#1024 = ORIENTED_EDGE ( 'NONE', *, *, #364, .F. ) ;
#1025 = EDGE_LOOP ( 'NONE', ( #321, #149, #276, #360 ) ) ;
#1026 = EDGE_CURVE ( 'NONE', #85, #418, #993, .T. ) ;
#1027 = AXIS2_PLACEMENT_3D ( 'NONE', #2224, #112, #1383 ) ;
#1028 = CARTESIAN_POINT ( 'NONE',  ( -0.1956752993482153424, 0.02000000000000006287, -0.1249999999999999306 ) ) ;
#1029 = EDGE_CURVE ( 'NONE', #123, #1652, #1746, .T. ) ;
#1030 = DIRECTION ( 'NONE',  ( 0.1045284632676542202, 0.9945218953682732899, 0.000000000000000000 ) ) ;
#1031 = DIRECTION ( 'NONE',  ( 0.000000000000000000, 1.000000000000000000, 0.000000000000000000 ) ) ;
#1032 = FACE_OUTER_BOUND ( 'NONE', #2097, .T. ) ;
#1033 = ORIENTED_EDGE ( 'NONE', *, *, #1444, .T. ) ;
#1034 = CARTESIAN_POINT ( 'NONE',  ( -0.3064999999999999947, 0.01000000000000003837, -0.04589999999999998248 ) ) ;
#1035 = VERTEX_POINT ( 'NONE', #295 ) ;
#1036 = ORIENTED_EDGE ( 'NONE', *, *, #1637, .T. ) ;
#1037 = AXIS2_PLACEMENT_3D ( 'NONE', #2121, #209, #725 ) ;
#1038 = CIRCLE ( 'NONE', #1949, 0.01500000000000001159 ) ;
#1039 = FACE_BOUND ( 'NONE', #1497, .T. ) ;
#1040 = EDGE_CURVE ( 'NONE', #980, #927, #930, .T. ) ;
#1041 = FACE_BOUND ( 'NONE', #1141, .T. ) ;
#1042 = EDGE_CURVE ( 'NONE', #1619, #137, #121, .T. ) ;
#1043 = CARTESIAN_POINT ( 'NONE',  ( 0.1496421356237310485, 4.268512490100411279E-17, -0.1000000000000000611 ) ) ;
#1044 = LINE ( 'NONE', #833, #1678 ) ;
#1045 = EDGE_LOOP ( 'NONE', ( #228, #1284, #1138 ) ) ;
#1046 = LINE ( 'NONE', #1059, #1597 ) ;
#1047 = AXIS2_PLACEMENT_3D ( 'NONE', #1364, #1712, #135 ) ;
#1048 = ORIENTED_EDGE ( 'NONE', *, *, #2204, .F. ) ;
#1049 = EDGE_LOOP ( 'NONE', ( #521, #609, #701, #127 ) ) ;
#1050 = CARTESIAN_POINT ( 'NONE',  ( 0.1354999999999999538, 0.02000000000000004205, 0.1000000000000000611 ) ) ;
#1051 = DIRECTION ( 'NONE',  ( -0.9945218953682734009, 0.1045284632676542619, 6.938893903907231459E-18 ) ) ;
#1052 = APPLICATION_PROTOCOL_DEFINITION ( 'draft international standard', 'automotive_design', 1998, #91 ) ;
#1053 = DIRECTION ( 'NONE',  ( 0.000000000000000000, -1.000000000000000000, -1.110223024625156294E-16 ) ) ;
#1054 = CARTESIAN_POINT ( 'NONE',  ( 0.2285000000000000364, 2.561107494060246767E-17, 3.414809992080329023E-17 ) ) ;
#1055 = DIRECTION ( 'NONE',  ( -0.000000000000000000, 0.000000000000000000, 1.000000000000000000 ) ) ;
#1056 = AXIS2_PLACEMENT_3D ( 'NONE', #1643, #932, #737 ) ;
#1057 = PLANE ( 'NONE',  #469 ) ;
#1058 = ORIENTED_EDGE ( 'NONE', *, *, #2263, .F. ) ;
#1059 = CARTESIAN_POINT ( 'NONE',  ( 0.1354999999999999538, 0.01000000000000005572, -0.1000000000000000611 ) ) ;
#1060 = MECHANICAL_DESIGN_GEOMETRIC_PRESENTATION_REPRESENTATION (  '', ( #1932 ), #386 ) ;
#1061 = VERTEX_POINT ( 'NONE', #1887 ) ;
#1062 = EDGE_LOOP ( 'NONE', ( #52, #1572, #670, #1146 ) ) ;
#1063 = DIRECTION ( 'NONE',  ( 0.000000000000000000, 2.220446049250312588E-16, -1.000000000000000000 ) ) ;
#1064 = AXIS2_PLACEMENT_3D ( 'NONE', #1459, #1103, #150 ) ;
#1065 = DIRECTION ( 'NONE',  ( 0.000000000000000000, 1.000000000000000000, 0.000000000000000000 ) ) ;
#1066 = AXIS2_PLACEMENT_3D ( 'NONE', #424, #1293, #602 ) ;
#1067 = FACE_OUTER_BOUND ( 'NONE', #232, .T. ) ;
#1068 = CARTESIAN_POINT ( 'NONE',  ( -0.2323410307876964120, 0.1049533019113652044, 0.03100000000000005876 ) ) ;
#1069 = DIRECTION ( 'NONE',  ( -1.000000000000000000, 0.000000000000000000, 0.000000000000000000 ) ) ;
#1070 = ORIENTED_EDGE ( 'NONE', *, *, #181, .T. ) ;
#1071 = CARTESIAN_POINT ( 'NONE',  ( -0.3064999999999999947, 0.01000000000000002970, -0.03090000000000000385 ) ) ;
#1072 = ORIENTED_EDGE ( 'NONE', *, *, #349, .T. ) ;
#1073 = ORIENTED_EDGE ( 'NONE', *, *, #504, .T. ) ;
#1074 =( NAMED_UNIT ( * ) SI_UNIT ( $, .STERADIAN. ) SOLID_ANGLE_UNIT ( ) );
#1075 = CIRCLE ( 'NONE', #1985, 0.05307423749593469242 ) ;
#1076 = DIRECTION ( 'NONE',  ( -0.1045284632676538039, -0.9945218953682732899, 0.000000000000000000 ) ) ;
#1077 = CARTESIAN_POINT ( 'NONE',  ( -0.2033629072083007472, 0.3806617308452343584, 0.1250000000000000555 ) ) ;
#1078 = DIRECTION ( 'NONE',  ( 0.000000000000000000, 1.000000000000000000, 0.000000000000000000 ) ) ;
#1079 = VERTEX_POINT ( 'NONE', #679 ) ;
#1080 = CYLINDRICAL_SURFACE ( 'NONE', #638, 0.04600000000000000616 ) ;
#1081 = CARTESIAN_POINT ( 'NONE',  ( -0.2223958118340137735, 0.1039080172786888551, -0.03099999999999995468 ) ) ;
#1082 = ORIENTED_EDGE ( 'NONE', *, *, #1840, .T. ) ;
#1083 = PRODUCT_DEFINITION_CONTEXT ( 'detailed design', #2012, 'design' ) ;
#1084 = EDGE_CURVE ( 'NONE', #1218, #1331, #1553, .T. ) ;
#1085 = AXIS2_PLACEMENT_3D ( 'NONE', #230, #1457, #1617 ) ;
#1086 = CARTESIAN_POINT ( 'NONE',  ( -0.1506421356237307163, 8.537024980200822558E-18, 0.04590000000000005187 ) ) ;
#1087 = CYLINDRICAL_SURFACE ( 'NONE', #981, 0.01500000000000000465 ) ;
#1088 = DIRECTION ( 'NONE',  ( 0.000000000000000000, -1.000000000000000000, 0.000000000000000000 ) ) ;
#1089 = EDGE_LOOP ( 'NONE', ( #1187, #1303, #700, #1209 ) ) ;
#1090 = LINE ( 'NONE', #1260, #1011 ) ;
#1091 = VECTOR ( 'NONE', #29, 39.37007874015748854 ) ;
#1092 = DIRECTION ( 'NONE',  ( -0.1045284632676558856, -0.9945218953682730678, 0.000000000000000000 ) ) ;
#1093 = ORIENTED_EDGE ( 'NONE', *, *, #1602, .T. ) ;
#1094 = EDGE_CURVE ( 'NONE', #745, #2214, #516, .T. ) ;
#1095 = DIRECTION ( 'NONE',  ( 0.000000000000000000, 2.220446049250312588E-16, -1.000000000000000000 ) ) ;
#1096 = DIRECTION ( 'NONE',  ( 0.000000000000000000, -2.220446049250312588E-16, 1.000000000000000000 ) ) ;
#1097 = EDGE_CURVE ( 'NONE', #1669, #1802, #154, .T. ) ;
#1098 = CARTESIAN_POINT ( 'NONE',  ( 0.2285000000000000364, 8.537024980200822558E-18, 0.04600000000000006861 ) ) ;
#1099 = AXIS2_PLACEMENT_3D ( 'NONE', #178, #335, #1798 ) ;
#1100 = ORIENTED_EDGE ( 'NONE', *, *, #847, .F. ) ;
#1101 = CARTESIAN_POINT ( 'NONE',  ( -0.2274999999999999523, 0.05534491082456496902, -0.04599999999999999922 ) ) ;
#1102 = CARTESIAN_POINT ( 'NONE',  ( 0.1496421356237310485, 4.268512490100411279E-17, -0.1000000000000000611 ) ) ;
#1103 = DIRECTION ( 'NONE',  ( 0.000000000000000000, 1.000000000000000000, 0.000000000000000000 ) ) ;
#1104 = ORIENTED_EDGE ( 'NONE', *, *, #732, .F. ) ;
#1105 = CARTESIAN_POINT ( 'NONE',  ( -0.2914999999999999258, 0.01000000000000002970, -0.03090000000000000385 ) ) ;
#1106 = ADVANCED_FACE ( 'NONE', ( #317 ), #1181, .T. ) ;
#1107 = ADVANCED_FACE ( 'NONE', ( #881 ), #1709, .F. ) ;
#1108 = ORIENTED_EDGE ( 'NONE', *, *, #324, .F. ) ;
#1109 = VECTOR ( 'NONE', #1981, 39.37007874015748143 ) ;
#1110 = DIRECTION ( 'NONE',  ( -0.9945218953682732899, 0.1045284632676538317, 0.000000000000000000 ) ) ;
#1111 = EDGE_CURVE ( 'NONE', #2099, #1259, #658, .T. ) ;
#1112 = ORIENTED_EDGE ( 'NONE', *, *, #1322, .T. ) ;
#1113 = DIRECTION ( 'NONE',  ( 0.000000000000000000, 1.000000000000000000, 0.000000000000000000 ) ) ;
#1114 = DIRECTION ( 'NONE',  ( 0.000000000000000000, -1.000000000000000000, 0.000000000000000000 ) ) ;
#1115 = CARTESIAN_POINT ( 'NONE',  ( 0.1496421356237310485, 0.009999999999999995004, 0.1000000000000000611 ) ) ;
#1116 = EDGE_LOOP ( 'NONE', ( #2074, #1724, #278, #591 ) ) ;
#1117 = FACE_OUTER_BOUND ( 'NONE', #965, .T. ) ;
#1118 = VERTEX_POINT ( 'NONE', #340 ) ;
#1119 = VECTOR ( 'NONE', #832, 39.37007874015748854 ) ;
#1120 = FACE_OUTER_BOUND ( 'NONE', #217, .T. ) ;
#1121 = FACE_OUTER_BOUND ( 'NONE', #2207, .T. ) ;
#1122 = ORIENTED_EDGE ( 'NONE', *, *, #281, .F. ) ;
#1123 = LINE ( 'NONE', #74, #1775 ) ;
#1124 = LINE ( 'NONE', #2019, #1109 ) ;
#1125 = ORIENTED_EDGE ( 'NONE', *, *, #1437, .F. ) ;
#1126 = CYLINDRICAL_SURFACE ( 'NONE', #601, 0.03199999999999999373 ) ;
#1127 = ADVANCED_FACE ( 'NONE', ( #1191 ), #505, .T. ) ;
#1128 = VECTOR ( 'NONE', #890, 39.37007874015748143 ) ;
#1129 = ORIENTED_EDGE ( 'NONE', *, *, #1574, .F. ) ;
#1130 = AXIS2_PLACEMENT_3D ( 'NONE', #945, #61, #2172 ) ;
#1131 = ORIENTED_EDGE ( 'NONE', *, *, #997, .F. ) ;
#1132 = FACE_OUTER_BOUND ( 'NONE', #498, .T. ) ;
#1133 = DIRECTION ( 'NONE',  ( 0.000000000000000000, -3.330669073875468635E-16, 1.000000000000000000 ) ) ;
#1134 = EDGE_LOOP ( 'NONE', ( #99, #1827, #1881, #1342 ) ) ;
#1135 = CARTESIAN_POINT ( 'NONE',  ( 0.2285000000000000364, 3.414809992080329023E-17, -0.04599999999999999922 ) ) ;
#1136 = AXIS2_PLACEMENT_3D ( 'NONE', #1917, #1212, #1378 ) ;
#1137 = CARTESIAN_POINT ( 'NONE',  ( -0.1361944750508196911, 0.2543848955297839387, 6.829619984160658046E-17 ) ) ;
#1138 = ORIENTED_EDGE ( 'NONE', *, *, #1871, .T. ) ;
#1139 = VECTOR ( 'NONE', #1522, 39.37007874015748143 ) ;
#1140 = FACE_OUTER_BOUND ( 'NONE', #260, .T. ) ;
#1141 = EDGE_LOOP ( 'NONE', ( #1926, #599 ) ) ;
#1142 = ADVANCED_FACE ( 'NONE', ( #483 ), #647, .T. ) ;
#1143 = ORIENTED_EDGE ( 'NONE', *, *, #514, .T. ) ;
#1144 = PLANE ( 'NONE',  #2192 ) ;
#1145 = DIRECTION ( 'NONE',  ( 0.9945218953682732899, -0.1045284632676542341, -6.938893903907229918E-18 ) ) ;
#1146 = ORIENTED_EDGE ( 'NONE', *, *, #1177, .F. ) ;
#1147 = LINE ( 'NONE', #764, #1157 ) ;
#1148 = CARTESIAN_POINT ( 'NONE',  ( -0.1956752993482153424, 0.05199999999999998374, 0.1250000000000000555 ) ) ;
#1149 = ORIENTED_EDGE ( 'NONE', *, *, #2240, .F. ) ;
#1150 = LINE ( 'NONE', #1848, #1772 ) ;
#1151 = ORIENTED_EDGE ( 'NONE', *, *, #477, .T. ) ;
#1152 = ADVANCED_FACE ( 'NONE', ( #695 ), #1909, .T. ) ;
#1153 = EDGE_LOOP ( 'NONE', ( #224, #2171, #1748 ) ) ;
#1154 = FACE_OUTER_BOUND ( 'NONE', #176, .T. ) ;
#1155 = AXIS2_PLACEMENT_3D ( 'NONE', #1505, #1640, #409 ) ;
#1156 = LINE ( 'NONE', #446, #1539 ) ;
#1157 = VECTOR ( 'NONE', #914, 39.37007874015748854 ) ;
#1158 = VERTEX_POINT ( 'NONE', #474 ) ;
#1159 = CARTESIAN_POINT ( 'NONE',  ( -0.2914999999999999258, 2.561107494060246767E-17, -0.04589999999999998248 ) ) ;
#1160 = DIMENSIONAL_EXPONENTS ( 1.000000000000000000, 0.000000000000000000, 0.000000000000000000, 0.000000000000000000, 0.000000000000000000, 0.000000000000000000, 0.000000000000000000 ) ;
#1161 = CARTESIAN_POINT ( 'NONE',  ( 0.1496421356237310485, 0.01000000000000005572, -0.1000000000000000611 ) ) ;
#1162 = ORIENTED_EDGE ( 'NONE', *, *, #1905, .T. ) ;
#1163 = DIRECTION ( 'NONE',  ( 0.000000000000000000, 2.220446049250312588E-16, -1.000000000000000000 ) ) ;
#1164 = ADVANCED_FACE ( 'NONE', ( #1019 ), #132, .F. ) ;
#1165 = AXIS2_PLACEMENT_3D ( 'NONE', #411, #1803, #561 ) ;
#1166 = DIRECTION ( 'NONE',  ( 0.000000000000000000, 2.220446049250312588E-16, -1.000000000000000000 ) ) ;
#1167 = CARTESIAN_POINT ( 'NONE',  ( -0.1435710678118653771, 0.01707106781186552846, -0.04589999999999998248 ) ) ;
#1168 = CARTESIAN_POINT ( 'NONE',  ( -0.1956752993482153424, 0.02000000000000003511, -0.04599999999999999922 ) ) ;
#1169 = EDGE_CURVE ( 'NONE', #2037, #123, #1370, .T. ) ;
#1170 = CARTESIAN_POINT ( 'NONE',  ( -0.2242555414392314317, 0.4521732889873764649, 0.1250000000000000555 ) ) ;
#1171 = ORIENTED_EDGE ( 'NONE', *, *, #2075, .T. ) ;
#1172 = CARTESIAN_POINT ( 'NONE',  ( 0.3064999999999999947, 4.268512490100411279E-17, -0.1000000000000000611 ) ) ;
#1173 = VECTOR ( 'NONE', #206, 39.37007874015748854 ) ;
#1174 = AXIS2_PLACEMENT_3D ( 'NONE', #1326, #2026, #1337 ) ;
#1175 = ORIENTED_EDGE ( 'NONE', *, *, #847, .T. ) ;
#1176 = EDGE_CURVE ( 'NONE', #1615, #1832, #1203, .T. ) ;
#1177 = EDGE_CURVE ( 'NONE', #1761, #1218, #1277, .T. ) ;
#1178 = DIRECTION ( 'NONE',  ( 0.000000000000000000, 2.220446049250312834E-16, -1.000000000000000000 ) ) ;
#1179 = LINE ( 'NONE', #1404, #1139 ) ;
#1180 = CARTESIAN_POINT ( 'NONE',  ( -0.2323410307876964120, 0.1049533019113652044, 0.04600000000000006861 ) ) ;
#1181 = PLANE ( 'NONE',  #746 ) ;
#1182 = EDGE_CURVE ( 'NONE', #726, #1891, #1521, .T. ) ;
#1183 = DIRECTION ( 'NONE',  ( 0.000000000000000000, 2.220446049250312588E-16, -1.000000000000000000 ) ) ;
#1184 = ORIENTED_EDGE ( 'NONE', *, *, #120, .T. ) ;
#1185 = LINE ( 'NONE', #1206, #2105 ) ;
#1186 = AXIS2_PLACEMENT_3D ( 'NONE', #371, #1947, #1092 ) ;
#1187 = ORIENTED_EDGE ( 'NONE', *, *, #854, .F. ) ;
#1188 = CARTESIAN_POINT ( 'NONE',  ( -0.2401656505895149174, -0.06516070493391772078, 0.04600000000000003392 ) ) ;
#1189 = DIRECTION ( 'NONE',  ( 0.000000000000000000, 1.000000000000000000, 0.000000000000000000 ) ) ;
#1190 = AXIS2_PLACEMENT_3D ( 'NONE', #1722, #1163, #1014 ) ;
#1191 = FACE_OUTER_BOUND ( 'NONE', #796, .T. ) ;
#1192 = AXIS2_PLACEMENT_3D ( 'NONE', #404, #1470, #1296 ) ;
#1193 = ADVANCED_FACE ( 'NONE', ( #1117 ), #1661, .T. ) ;
#1194 = CARTESIAN_POINT ( 'NONE',  ( -0.2339089577367110540, 0.09003547348084119106, -0.04599999999999999922 ) ) ;
#1195 = ORIENTED_EDGE ( 'NONE', *, *, #314, .F. ) ;
#1196 = DIRECTION ( 'NONE',  ( 1.000000000000000000, 0.000000000000000000, 0.000000000000000000 ) ) ;
#1197 = ORIENTED_EDGE ( 'NONE', *, *, #1094, .T. ) ;
#1198 = VERTEX_POINT ( 'NONE', #782 ) ;
#1199 = EDGE_CURVE ( 'NONE', #1356, #1435, #262, .T. ) ;
#1200 = PLANE ( 'NONE',  #1753 ) ;
#1201 =( NAMED_UNIT ( * ) SI_UNIT ( $, .STERADIAN. ) SOLID_ANGLE_UNIT ( ) );
#1202 = CARTESIAN_POINT ( 'NONE',  ( -0.3064999999999999947, 1.707404996040164512E-17, 0.03090000000000007324 ) ) ;
#1203 = LINE ( 'NONE', #2008, #414 ) ;
#1204 = DIRECTION ( 'NONE',  ( -1.000000000000000000, 0.000000000000000000, 0.000000000000000000 ) ) ;
#1205 = ORIENTED_EDGE ( 'NONE', *, *, #373, .T. ) ;
#1206 = CARTESIAN_POINT ( 'NONE',  ( 0.1496421356237310485, 0.000000000000000000, 0.1000000000000000611 ) ) ;
#1207 = VECTOR ( 'NONE', #155, 39.37007874015748854 ) ;
#1208 = EDGE_CURVE ( 'NONE', #978, #957, #619, .T. ) ;
#1209 = ORIENTED_EDGE ( 'NONE', *, *, #1414, .F. ) ;
#1210 = VERTEX_POINT ( 'NONE', #2021 ) ;
#1211 = AXIS2_PLACEMENT_3D ( 'NONE', #8, #542, #2107 ) ;
#1212 = DIRECTION ( 'NONE',  ( 0.9945218953682732899, -0.1045284632676542202, 0.000000000000000000 ) ) ;
#1213 = ADVANCED_FACE ( 'NONE', ( #1311 ), #1299, .T. ) ;
#1214 = LENGTH_MEASURE_WITH_UNIT ( LENGTH_MEASURE( 0.02539999999999999897 ), #677 );
#1215 = DIRECTION ( 'NONE',  ( 0.000000000000000000, 2.220446049250311848E-16, -1.000000000000000000 ) ) ;
#1216 = DIRECTION ( 'NONE',  ( 0.000000000000000000, -1.000000000000000000, 0.000000000000000000 ) ) ;
#1217 = DIRECTION ( 'NONE',  ( 0.000000000000000000, -2.220446049250312588E-16, 1.000000000000000000 ) ) ;
#1218 = VERTEX_POINT ( 'NONE', #755 ) ;
#1219 = FACE_OUTER_BOUND ( 'NONE', #1870, .T. ) ;
#1220 = EDGE_LOOP ( 'NONE', ( #1489, #1773, #1948, #1859 ) ) ;
#1221 = ORIENTED_EDGE ( 'NONE', *, *, #443, .T. ) ;
#1222 = CIRCLE ( 'NONE', #1654, 0.009999999999999995004 ) ;
#1223 = LINE ( 'NONE', #2268, #130 ) ;
#1224 = CARTESIAN_POINT ( 'NONE',  ( -0.1361944750508196911, 0.2543848955297839387, 6.829619984160658046E-17 ) ) ;
#1225 = DIRECTION ( 'NONE',  ( 0.000000000000000000, 1.000000000000000000, 0.000000000000000000 ) ) ;
#1226 = CARTESIAN_POINT ( 'NONE',  ( 0.1496421356237310485, 0.000000000000000000, 0.1000000000000000611 ) ) ;
#1227 = CARTESIAN_POINT ( 'NONE',  ( -0.1956752993482153424, 0.05199999999999998374, 0.1250000000000000555 ) ) ;
#1228 = ORIENTED_EDGE ( 'NONE', *, *, #1684, .F. ) ;
#1229 = DIRECTION ( 'NONE',  ( 0.1045284632676545811, 0.9945218953682731788, 0.000000000000000000 ) ) ;
#1230 = AXIS2_PLACEMENT_3D ( 'NONE', #2058, #1555, #328 ) ;
#1231 = VERTEX_POINT ( 'NONE', #1493 ) ;
#1232 = ORIENTED_EDGE ( 'NONE', *, *, #455, .T. ) ;
#1233 = FACE_BOUND ( 'NONE', #2030, .T. ) ;
#1234 = DIRECTION ( 'NONE',  ( 1.000000000000000000, 0.000000000000000000, 0.000000000000000000 ) ) ;
#1235 = EDGE_CURVE ( 'NONE', #94, #1802, #2180, .T. ) ;
#1236 = CARTESIAN_POINT ( 'NONE',  ( 0.3064999999999999947, 4.268512490100411279E-17, -0.1000000000000000611 ) ) ;
#1237 = DIRECTION ( 'NONE',  ( 1.000000000000000000, 0.000000000000000000, 0.000000000000000000 ) ) ;
#1238 = LINE ( 'NONE', #1794, #22 ) ;
#1239 = AXIS2_PLACEMENT_3D ( 'NONE', #327, #1420, #729 ) ;
#1240 = PLANE ( 'NONE',  #2045 ) ;
#1241 = EDGE_LOOP ( 'NONE', ( #1449, #2287, #2087, #1093, #134, #860 ) ) ;
#1242 = DIRECTION ( 'NONE',  ( 0.000000000000000000, 1.000000000000000000, 0.000000000000000000 ) ) ;
#1243 = VERTEX_POINT ( 'NONE', #1651 ) ;
#1244 = ORIENTED_EDGE ( 'NONE', *, *, #871, .F. ) ;
#1245 = AXIS2_PLACEMENT_3D ( 'NONE', #296, #1012, #1702 ) ;
#1246 = CARTESIAN_POINT ( 'NONE',  ( 0.1425710678118655150, 0.01707106781186553540, 0.1000000000000000611 ) ) ;
#1247 = AXIS2_PLACEMENT_3D ( 'NONE', #1855, #97, #270 ) ;
#1248 = CARTESIAN_POINT ( 'NONE',  ( 0.1354999999999999538, 0.01000000000000005572, -0.1000000000000000611 ) ) ;
#1249 = CARTESIAN_POINT ( 'NONE',  ( 0.1425710678118655150, 0.01707106781186559438, -0.1000000000000000611 ) ) ;
#1250 = CARTESIAN_POINT ( 'NONE',  ( -0.3064999999999999947, 2.561107494060246767E-17, -0.04589999999999998248 ) ) ;
#1251 = ORIENTED_EDGE ( 'NONE', *, *, #1679, .F. ) ;
#1252 = DIRECTION ( 'NONE',  ( 0.000000000000000000, -1.000000000000000000, 0.000000000000000000 ) ) ;
#1253 = FACE_OUTER_BOUND ( 'NONE', #1550, .T. ) ;
#1254 = VERTEX_POINT ( 'NONE', #68 ) ;
#1255 = VECTOR ( 'NONE', #427, 39.37007874015748854 ) ;
#1256 = CYLINDRICAL_SURFACE ( 'NONE', #818, 0.2500000000000000555 ) ;
#1257 = LINE ( 'NONE', #785, #1674 ) ;
#1258 = LINE ( 'NONE', #1593, #1173 ) ;
#1259 = VERTEX_POINT ( 'NONE', #1970 ) ;
#1260 = CARTESIAN_POINT ( 'NONE',  ( -0.2339089577367113870, 0.09003547348084119106, -0.04599999999999999922 ) ) ;
#1261 = EDGE_CURVE ( 'NONE', #391, #576, #940, .T. ) ;
#1262 = DIRECTION ( 'NONE',  ( 0.9945218953682732899, -0.1045284632676538317, 0.000000000000000000 ) ) ;
#1263 = ORIENTED_EDGE ( 'NONE', *, *, #1984, .F. ) ;
#1264 = AXIS2_PLACEMENT_3D ( 'NONE', #1534, #842, #2236 ) ;
#1265 = EDGE_CURVE ( 'NONE', #583, #2159, #1983, .T. ) ;
#1266 = AXIS2_PLACEMENT_3D ( 'NONE', #1964, #2004, #2188 ) ;
#1267 = DIRECTION ( 'NONE',  ( 0.000000000000000000, -1.000000000000000000, 0.000000000000000000 ) ) ;
#1268 = LINE ( 'NONE', #1960, #311 ) ;
#1269 = LINE ( 'NONE', #401, #950 ) ;
#1270 = ORIENTED_EDGE ( 'NONE', *, *, #1042, .F. ) ;
#1271 = CARTESIAN_POINT ( 'NONE',  ( -0.1506421356237307163, 0.01000000000000001235, 0.04590000000000005187 ) ) ;
#1272 = DIRECTION ( 'NONE',  ( 0.9945218953682732899, -0.1045284632676542064, -6.938893903907231459E-18 ) ) ;
#1273 = AXIS2_PLACEMENT_3D ( 'NONE', #261, #2046, #1502 ) ;
#1274 = FACE_OUTER_BOUND ( 'NONE', #468, .T. ) ;
#1275 = EDGE_CURVE ( 'NONE', #1662, #1210, #1150, .T. ) ;
#1276 = ORIENTED_EDGE ( 'NONE', *, *, #1939, .T. ) ;
#1277 = LINE ( 'NONE', #608, #1410 ) ;
#1278 = ADVANCED_FACE ( 'NONE', ( #1140 ), #1836, .F. ) ;
#1279 = ORIENTED_EDGE ( 'NONE', *, *, #463, .T. ) ;
#1280 = EDGE_CURVE ( 'NONE', #1546, #1377, #569, .T. ) ;
#1281 = CIRCLE ( 'NONE', #1245, 0.02350000000000000699 ) ;
#1282 = CARTESIAN_POINT ( 'NONE',  ( -0.1941633871266141842, 0.3406536105379657786, 1.707404996040164512E-16 ) ) ;
#1283 = VECTOR ( 'NONE', #1863, 39.37007874015748143 ) ;
#1284 = ORIENTED_EDGE ( 'NONE', *, *, #1837, .T. ) ;
#1285 = CARTESIAN_POINT ( 'NONE',  ( -0.1956752993482153424, 0.02000000000000000736, 0.04600000000000006861 ) ) ;
#1286 = DIRECTION ( 'NONE',  ( 0.000000000000000000, 2.220446049250312588E-16, -1.000000000000000000 ) ) ;
#1287 = LINE ( 'NONE', #938, #2095 ) ;
#1288 = EDGE_LOOP ( 'NONE', ( #1310, #1705, #543, #1276, #1737, #1270 ) ) ;
#1289 = DIRECTION ( 'NONE',  ( 0.000000000000000000, 2.220446049250312588E-16, -1.000000000000000000 ) ) ;
#1290 = ORIENTED_EDGE ( 'NONE', *, *, #359, .T. ) ;
#1291 = AXIS2_PLACEMENT_3D ( 'NONE', #1115, #1822, #87 ) ;
#1292 = FACE_OUTER_BOUND ( 'NONE', #955, .T. ) ;
#1293 = DIRECTION ( 'NONE',  ( 0.000000000000000000, 2.220446049250312588E-16, -1.000000000000000000 ) ) ;
#1294 = ORIENTED_EDGE ( 'NONE', *, *, #1510, .F. ) ;
#1295 = FACE_OUTER_BOUND ( 'NONE', #1116, .T. ) ;
#1296 = DIRECTION ( 'NONE',  ( 0.000000000000000000, -1.000000000000000000, 0.000000000000000000 ) ) ;
#1297 = DIRECTION ( 'NONE',  ( -0.000000000000000000, 0.000000000000000000, 1.000000000000000000 ) ) ;
#1298 = ORIENTED_EDGE ( 'NONE', *, *, #1018, .F. ) ;
#1299 = PLANE ( 'NONE',  #4 ) ;
#1300 = ORIENTED_EDGE ( 'NONE', *, *, #441, .F. ) ;
#1301 = VECTOR ( 'NONE', #429, 39.37007874015748143 ) ;
#1302 = ADVANCED_FACE ( 'NONE', ( #1473 ), #1126, .F. ) ;
#1303 = ORIENTED_EDGE ( 'NONE', *, *, #337, .T. ) ;
#1304 = AXIS2_PLACEMENT_3D ( 'NONE', #2129, #10, #2120 ) ;
#1305 = CARTESIAN_POINT ( 'NONE',  ( -0.2914999999999999258, 1.707404996040164512E-17, 0.03090000000000007324 ) ) ;
#1306 = CARTESIAN_POINT ( 'NONE',  ( 0.2915000000000000369, 4.268512490100411279E-17, -0.08499999999999995060 ) ) ;
#1307 = ORIENTED_EDGE ( 'NONE', *, *, #1815, .F. ) ;
#1308 = PLANE ( 'NONE',  #1266 ) ;
#1309 = LINE ( 'NONE', #2006, #1588 ) ;
#1310 = ORIENTED_EDGE ( 'NONE', *, *, #120, .F. ) ;
#1311 = FACE_OUTER_BOUND ( 'NONE', #1373, .T. ) ;
#1312 = AXIS2_PLACEMENT_3D ( 'NONE', #1943, #1896, #167 ) ;
#1313 = AXIS2_PLACEMENT_3D ( 'NONE', #610, #1357, #1178 ) ;
#1314 = ORIENTED_EDGE ( 'NONE', *, *, #1666, .F. ) ;
#1315 = LENGTH_MEASURE_WITH_UNIT ( LENGTH_MEASURE( 0.02539999999999999897 ), #400 );
#1316 = PLANE ( 'NONE',  #1174 ) ;
#1317 = VERTEX_POINT ( 'NONE', #89 ) ;
#1318 = CARTESIAN_POINT ( 'NONE',  ( 0.2915000000000000369, 0.01000000000000002102, 0.08500000000000004774 ) ) ;
#1319 = AXIS2_PLACEMENT_3D ( 'NONE', #2260, #1692, #465 ) ;
#1320 = CARTESIAN_POINT ( 'NONE',  ( 0.1354999999999999538, 0.01000000000000005572, -0.1250000000000000555 ) ) ;
#1321 = ORIENTED_EDGE ( 'NONE', *, *, #256, .T. ) ;
#1322 = EDGE_CURVE ( 'NONE', #939, #1474, #2137, .T. ) ;
#1323 = DIRECTION ( 'NONE',  ( 0.000000000000000000, 2.845674993400273446E-16, -1.000000000000000000 ) ) ;
#1324 = VERTEX_POINT ( 'NONE', #806 ) ;
#1325 = CARTESIAN_POINT ( 'NONE',  ( 0.1425710678118655150, 0.002928932188134611599, -0.09999999999999992228 ) ) ;
#1326 = CARTESIAN_POINT ( 'NONE',  ( 0.1496421356237310485, 0.009999999999999995004, 0.1000000000000000611 ) ) ;
#1327 = VECTOR ( 'NONE', #1330, 39.37007874015748143 ) ;
#1328 = VERTEX_POINT ( 'NONE', #1996 ) ;
#1329 = CARTESIAN_POINT ( 'NONE',  ( 0.3064999999999999947, 4.268512490100411279E-17, -0.08499999999999995060 ) ) ;
#1330 = DIRECTION ( 'NONE',  ( 1.000000000000000000, 0.000000000000000000, 0.000000000000000000 ) ) ;
#1331 = VERTEX_POINT ( 'NONE', #419 ) ;
#1332 = CARTESIAN_POINT ( 'NONE',  ( 0.1354999999999999538, 0.009999999999999995004, 0.1000000000000000611 ) ) ;
#1333 = ADVANCED_FACE ( 'NONE', ( #1825 ), #1860, .T. ) ;
#1334 = ADVANCED_FACE ( 'NONE', ( #1023 ), #857, .F. ) ;
#1335 = LINE ( 'NONE', #96, #1461 ) ;
#1336 = AXIS2_PLACEMENT_3D ( 'NONE', #1172, #2205, #671 ) ;
#1337 = DIRECTION ( 'NONE',  ( -1.000000000000000000, 0.000000000000000000, 0.000000000000000000 ) ) ;
#1338 = ORIENTED_EDGE ( 'NONE', *, *, #1177, .T. ) ;
#1339 = LINE ( 'NONE', #1202, #459 ) ;
#1340 = ADVANCED_FACE ( 'NONE', ( #1354 ), #1890, .F. ) ;
#1341 = PLANE ( 'NONE',  #1355 ) ;
#1342 = ORIENTED_EDGE ( 'NONE', *, *, #1208, .F. ) ;
#1343 = PLANE ( 'NONE',  #1190 ) ;
#1344 = EDGE_CURVE ( 'NONE', #917, #2099, #2061, .T. ) ;
#1345 = ORIENTED_EDGE ( 'NONE', *, *, #349, .F. ) ;
#1346 = CIRCLE ( 'NONE', #1239, 0.04600000000000000616 ) ;
#1347 = LINE ( 'NONE', #471, #238 ) ;
#1348 = ADVANCED_FACE ( 'NONE', ( #289 ), #1537, .F. ) ;
#1349 = DIRECTION ( 'NONE',  ( 0.000000000000000000, 1.000000000000000000, 0.000000000000000000 ) ) ;
#1350 = DIRECTION ( 'NONE',  ( 0.000000000000000000, 1.000000000000000000, 0.000000000000000000 ) ) ;
#1351 = DIRECTION ( 'NONE',  ( -1.000000000000000000, 0.000000000000000000, 0.000000000000000000 ) ) ;
#1352 = DIRECTION ( 'NONE',  ( -1.000000000000000000, 0.000000000000000000, 0.000000000000000000 ) ) ;
#1353 = ORIENTED_EDGE ( 'NONE', *, *, #1375, .T. ) ;
#1354 = FACE_OUTER_BOUND ( 'NONE', #1484, .T. ) ;
#1355 = AXIS2_PLACEMENT_3D ( 'NONE', #1556, #1362, #1204 ) ;
#1356 = VERTEX_POINT ( 'NONE', #1547 ) ;
#1357 = DIRECTION ( 'NONE',  ( 0.000000000000000000, 1.000000000000000000, 0.000000000000000000 ) ) ;
#1358 = CARTESIAN_POINT ( 'NONE',  ( 0.2285000000000000364, 0.01000000000000002102, 3.414809992080329023E-17 ) ) ;
#1359 = DIRECTION ( 'NONE',  ( 0.000000000000000000, -1.000000000000000000, 1.110223024625156294E-16 ) ) ;
#1360 = DIRECTION ( 'NONE',  ( 0.000000000000000000, 2.220446049250312588E-16, -1.000000000000000000 ) ) ;
#1361 = ADVANCED_FACE ( 'NONE', ( #661 ), #1343, .F. ) ;
#1362 = DIRECTION ( 'NONE',  ( 0.000000000000000000, 2.220446049250312588E-16, -1.000000000000000000 ) ) ;
#1363 = EDGE_LOOP ( 'NONE', ( #1764, #2138, #2032, #2199, #222, #2010, #1221, #242, #1660, #2071, #509, #210 ) ) ;
#1364 = CARTESIAN_POINT ( 'NONE',  ( -0.1364999999999999547, 0.01000000000000001235, 0.04590000000000005187 ) ) ;
#1365 = VERTEX_POINT ( 'NONE', #2031 ) ;
#1366 = VERTEX_POINT ( 'NONE', #1704 ) ;
#1367 = EDGE_CURVE ( 'NONE', #2214, #1546, #2072, .T. ) ;
#1368 = LINE ( 'NONE', #1159, #907 ) ;
#1369 = AXIS2_PLACEMENT_3D ( 'NONE', #254, #966, #596 ) ;
#1370 = LINE ( 'NONE', #2068, #40 ) ;
#1371 = VECTOR ( 'NONE', #416, 39.37007874015748143 ) ;
#1372 = FACE_OUTER_BOUND ( 'NONE', #1400, .T. ) ;
#1373 = EDGE_LOOP ( 'NONE', ( #961, #1000, #1957, #21 ) ) ;
#1374 = DIRECTION ( 'NONE',  ( 0.000000000000000000, 0.000000000000000000, -1.000000000000000000 ) ) ;
#1375 = EDGE_CURVE ( 'NONE', #1366, #723, #336, .T. ) ;
#1376 = ORIENTED_EDGE ( 'NONE', *, *, #1235, .T. ) ;
#1377 = VERTEX_POINT ( 'NONE', #1687 ) ;
#1378 = DIRECTION ( 'NONE',  ( 0.000000000000000000, 0.000000000000000000, -1.000000000000000000 ) ) ;
#1379 =( CONVERSION_BASED_UNIT ( 'INCH', #1214 ) LENGTH_UNIT ( ) NAMED_UNIT ( #1160 ) );
#1380 = VECTOR ( 'NONE', #1908, 39.37007874015748143 ) ;
#1381 = LINE ( 'NONE', #16, #1821 ) ;
#1382 = CARTESIAN_POINT ( 'NONE',  ( 0.1425710678118655150, 0.002928932188134611599, -0.09999999999999992228 ) ) ;
#1383 = DIRECTION ( 'NONE',  ( -1.000000000000000000, 0.000000000000000000, 0.000000000000000000 ) ) ;
#1384 = VERTEX_POINT ( 'NONE', #124 ) ;
#1385 = DIRECTION ( 'NONE',  ( 0.000000000000000000, -2.220446049250312588E-16, 1.000000000000000000 ) ) ;
#1386 = ORIENTED_EDGE ( 'NONE', *, *, #1809, .T. ) ;
#1387 = EDGE_CURVE ( 'NONE', #137, #978, #1185, .T. ) ;
#1388 = ORIENTED_EDGE ( 'NONE', *, *, #1780, .F. ) ;
#1389 = VECTOR ( 'NONE', #1604, 39.37007874015748143 ) ;
#1390 = CIRCLE ( 'NONE', #2233, 0.01500000000000000465 ) ;
#1391 = DIRECTION ( 'NONE',  ( -0.000000000000000000, 0.000000000000000000, 1.000000000000000000 ) ) ;
#1392 = DIRECTION ( 'NONE',  ( 0.000000000000000000, 0.000000000000000000, 1.000000000000000000 ) ) ;
#1393 = DIRECTION ( 'NONE',  ( -1.000000000000000000, 0.000000000000000000, 0.000000000000000000 ) ) ;
#1394 = CARTESIAN_POINT ( 'NONE',  ( 0.1354999999999999538, 0.02000000000000006287, -0.1249999999999999306 ) ) ;
#1395 = EDGE_CURVE ( 'NONE', #2225, #1435, #298, .T. ) ;
#1396 = CARTESIAN_POINT ( 'NONE',  ( -0.1506421356237307163, 8.537024980200822558E-18, 0.04590000000000005187 ) ) ;
#1397 = CARTESIAN_POINT ( 'NONE',  ( -0.1956752993482153424, 0.01000000000000005572, -0.1250000000000000555 ) ) ;
#1398 = ORIENTED_EDGE ( 'NONE', *, *, #933, .T. ) ;
#1399 = CARTESIAN_POINT ( 'NONE',  ( 0.1354999999999999538, 0.009999999999999995004, 0.1000000000000000611 ) ) ;
#1400 = EDGE_LOOP ( 'NONE', ( #1122, #1751, #604 ) ) ;
#1401 = ORIENTED_EDGE ( 'NONE', *, *, #742, .F. ) ;
#1402 = CLOSED_SHELL ( 'NONE', ( #1340, #2231, #578, #204, #163, #925, #1421, #1488, #920, #2086, #2219, #1610, #511, #2242, #1741, #628, #92, #546, #370, #1417, #1106, #803, #196, #1107, #1792, #104, #1854, #412, #2065, #1729, #23, #2223, #166, #1580, #620, #1584, #153, #1744, #1348, #1875, #2018, #529, #586, #2160, #1302, #2210, #986, #108, #457, #1817, #1433, #956, #582, #1127, #1562, #1333, #1361, #2142, #863, #1334, #1213, #1193, #2149, #1278, #1142, #972, #680, #302, #1152, #83, #1506, #273, #1164, #2069, #1614, #1006, #1986, #1717, #1, #1826, #553, #784 ) ) ;
#1403 = EDGE_CURVE ( 'NONE', #319, #80, #1694, .T. ) ;
#1404 = CARTESIAN_POINT ( 'NONE',  ( 0.1496421356237310485, 0.009999999999999995004, 0.1000000000000000611 ) ) ;
#1405 = FACE_OUTER_BOUND ( 'NONE', #1288, .T. ) ;
#1406 = DIRECTION ( 'NONE',  ( -1.707404996040164512E-16, 2.220446049250312588E-16, -1.000000000000000000 ) ) ;
#1407 = EDGE_CURVE ( 'NONE', #123, #447, #114, .T. ) ;
#1408 = CARTESIAN_POINT ( 'NONE',  ( 0.2915000000000000369, 1.707404996040164512E-17, 0.08500000000000004774 ) ) ;
#1409 = CARTESIAN_POINT ( 'NONE',  ( -0.1956752993482153424, 0.01999999999999999001, 0.1250000000000000555 ) ) ;
#1410 = VECTOR ( 'NONE', #398, 39.37007874015748143 ) ;
#1411 = ORIENTED_EDGE ( 'NONE', *, *, #2228, .T. ) ;
#1412 = DIRECTION ( 'NONE',  ( 0.000000000000000000, 2.220446049250314560E-16, -1.000000000000000000 ) ) ;
#1413 = VECTOR ( 'NONE', #2094, 39.37007874015748143 ) ;
#1414 = EDGE_CURVE ( 'NONE', #2159, #1328, #786, .T. ) ;
#1415 = EDGE_LOOP ( 'NONE', ( #1300, #79, #754, #2203 ) ) ;
#1416 = EDGE_LOOP ( 'NONE', ( #479, #2195, #1814, #2052 ) ) ;
#1417 = ADVANCED_FACE ( 'NONE', ( #1526 ), #308, .F. ) ;
#1418 = CARTESIAN_POINT ( 'NONE',  ( -0.2033629072083007472, 0.3806617308452344139, -0.1249999999999999306 ) ) ;
#1419 = CARTESIAN_POINT ( 'NONE',  ( 0.2915000000000000369, 1.707404996040164512E-17, 0.08500000000000004774 ) ) ;
#1420 = DIRECTION ( 'NONE',  ( 0.000000000000000000, 1.000000000000000000, 0.000000000000000000 ) ) ;
#1421 = ADVANCED_FACE ( 'NONE', ( #641 ), #845, .F. ) ;
#1422 = CARTESIAN_POINT ( 'NONE',  ( -0.2914999999999999258, 1.707404996040164512E-17, 0.03090000000000007324 ) ) ;
#1423 = VECTOR ( 'NONE', #272, 39.37007874015748143 ) ;
#1424 = LINE ( 'NONE', #1397, #912 ) ;
#1425 = EDGE_LOOP ( 'NONE', ( #1294, #1232, #1376, #819 ) ) ;
#1426 = CARTESIAN_POINT ( 'NONE',  ( -0.1956752993482153424, 0.02000000000000006287, -0.1249999999999999306 ) ) ;
#1427 = CARTESIAN_POINT ( 'NONE',  ( -0.3064999999999999947, 3.414809992080329023E-17, -0.03090000000000000385 ) ) ;
#1428 = ORIENTED_EDGE ( 'NONE', *, *, #1519, .F. ) ;
#1429 = PRODUCT_DEFINITION ( 'UNKNOWN', '', #1607, #1083 ) ;
#1430 = AXIS2_PLACEMENT_3D ( 'NONE', #530, #1088, #748 ) ;
#1431 = LINE ( 'NONE', #900, #2133 ) ;
#1432 = LINE ( 'NONE', #2126, #236 ) ;
#1433 = ADVANCED_FACE ( 'NONE', ( #357 ), #1080, .F. ) ;
#1434 = DIRECTION ( 'NONE',  ( 0.000000000000000000, 2.220446049250312588E-16, -1.000000000000000000 ) ) ;
#1435 = VERTEX_POINT ( 'NONE', #1071 ) ;
#1436 = CARTESIAN_POINT ( 'NONE',  ( 0.2915000000000000369, 4.268512490100411279E-17, -0.1000000000000000611 ) ) ;
#1437 = EDGE_CURVE ( 'NONE', #714, #451, #1920, .T. ) ;
#1438 = CARTESIAN_POINT ( 'NONE',  ( -0.2033629072083007472, 0.3806617308452344139, -0.1249999999999999306 ) ) ;
#1439 = ORIENTED_EDGE ( 'NONE', *, *, #788, .F. ) ;
#1440 = VECTOR ( 'NONE', #1393, 39.37007874015748143 ) ;
#1441 = CARTESIAN_POINT ( 'NONE',  ( -0.1941447340705992064, 0.2961776430409063798, 1.365923996832131609E-16 ) ) ;
#1442 = PLANE ( 'NONE',  #1458 ) ;
#1443 = FACE_OUTER_BOUND ( 'NONE', #952, .T. ) ;
#1444 = EDGE_CURVE ( 'NONE', #1802, #431, #344, .T. ) ;
#1445 = ORIENTED_EDGE ( 'NONE', *, *, #773, .F. ) ;
#1446 = DIRECTION ( 'NONE',  ( 0.000000000000000000, 1.000000000000000000, 0.000000000000000000 ) ) ;
#1447 = DIRECTION ( 'NONE',  ( 0.9945218953682734009, -0.1045284632676540537, 0.000000000000000000 ) ) ;
#1448 = LINE ( 'NONE', #1081, #183 ) ;
#1449 = ORIENTED_EDGE ( 'NONE', *, *, #1395, .F. ) ;
#1450 = VECTOR ( 'NONE', #1800, 39.37007874015748143 ) ;
#1451 = EDGE_CURVE ( 'NONE', #848, #1061, #672, .T. ) ;
#1452 = ORIENTED_EDGE ( 'NONE', *, *, #851, .F. ) ;
#1453 = SURFACE_STYLE_USAGE ( .BOTH. , #747 ) ;
#1454 = LINE ( 'NONE', #1409, #1503 ) ;
#1455 = ORIENTED_EDGE ( 'NONE', *, *, #1666, .T. ) ;
#1456 = CARTESIAN_POINT ( 'NONE',  ( -0.2033629072083007472, 0.3806617308452343584, 0.1250000000000000555 ) ) ;
#1457 = DIRECTION ( 'NONE',  ( 0.9135454576426007556, 0.4067366430758004858, 9.031367722029956520E-17 ) ) ;
#1458 = AXIS2_PLACEMENT_3D ( 'NONE', #1816, #588, #389 ) ;
#1459 = CARTESIAN_POINT ( 'NONE',  ( 0.1496421356237310485, 0.000000000000000000, 0.1000000000000000611 ) ) ;
#1460 = ORIENTED_EDGE ( 'NONE', *, *, #703, .T. ) ;
#1461 = VECTOR ( 'NONE', #811, 39.37007874015748143 ) ;
#1462 = CARTESIAN_POINT ( 'NONE',  ( 0.1496421356237310485, 0.01000000000000005572, -0.1000000000000000611 ) ) ;
#1463 = ORIENTED_EDGE ( 'NONE', *, *, #742, .T. ) ;
#1464 = CIRCLE ( 'NONE', #766, 0.04423037371823267810 ) ;
#1465 = CARTESIAN_POINT ( 'NONE',  ( -0.2374452189536826741, 0.05639019545724151955, -0.1249999999999999306 ) ) ;
#1466 = DIRECTION ( 'NONE',  ( 0.000000000000000000, -1.000000000000000000, 0.000000000000000000 ) ) ;
#1467 = CIRCLE ( 'NONE', #470, 0.04600000000000000616 ) ;
#1468 = ORIENTED_EDGE ( 'NONE', *, *, #721, .F. ) ;
#1469 = DIRECTION ( 'NONE',  ( -0.000000000000000000, 0.000000000000000000, 1.000000000000000000 ) ) ;
#1470 = DIRECTION ( 'NONE',  ( -0.000000000000000000, 0.000000000000000000, 1.000000000000000000 ) ) ;
#1471 = LINE ( 'NONE', #1480, #1690 ) ;
#1472 = ORIENTED_EDGE ( 'NONE', *, *, #781, .F. ) ;
#1473 = FACE_OUTER_BOUND ( 'NONE', #113, .T. ) ;
#1474 = VERTEX_POINT ( 'NONE', #519 ) ;
#1475 = AXIS2_PLACEMENT_3D ( 'NONE', #338, #1959, #363 ) ;
#1476 = DIRECTION ( 'NONE',  ( 0.000000000000000000, 2.220446049250312588E-16, -1.000000000000000000 ) ) ;
#1477 = DIRECTION ( 'NONE',  ( 0.000000000000000000, 1.000000000000000000, 0.000000000000000000 ) ) ;
#1478 = VERTEX_POINT ( 'NONE', #724 ) ;
#1479 = CARTESIAN_POINT ( 'NONE',  ( -0.1506421356237307163, 0.01000000000000001235, 0.04590000000000005187 ) ) ;
#1480 = CARTESIAN_POINT ( 'NONE',  ( 0.1354999999999999538, 0.02000000000000008715, -0.1000000000000000611 ) ) ;
#1481 = ORIENTED_EDGE ( 'NONE', *, *, #958, .F. ) ;
#1482 = DIRECTION ( 'NONE',  ( 0.000000000000000000, -2.220446049250312588E-16, 1.000000000000000000 ) ) ;
#1483 = VECTOR ( 'NONE', #817, 39.37007874015748143 ) ;
#1484 = EDGE_LOOP ( 'NONE', ( #288, #105, #67 ) ) ;
#1485 = CIRCLE ( 'NONE', #974, 0.06634003316248801574 ) ;
#1486 = CARTESIAN_POINT ( 'NONE',  ( -0.1364999999999999547, 0.02000000000000003858, -0.04599999999999999922 ) ) ;
#1487 = CYLINDRICAL_SURFACE ( 'NONE', #2124, 0.01500000000000000291 ) ;
#1488 = ADVANCED_FACE ( 'NONE', ( #1219 ), #734, .F. ) ;
#1489 = ORIENTED_EDGE ( 'NONE', *, *, #1646, .T. ) ;
#1490 = FACE_OUTER_BOUND ( 'NONE', #564, .T. ) ;
#1491 = LINE ( 'NONE', #989, #1548 ) ;
#1492 = ORIENTED_EDGE ( 'NONE', *, *, #826, .F. ) ;
#1493 = CARTESIAN_POINT ( 'NONE',  ( -0.1956752993482153424, 0.01000000000000003837, -0.04599999999999999922 ) ) ;
#1494 = VECTOR ( 'NONE', #802, 39.37007874015748143 ) ;
#1495 = ORIENTED_EDGE ( 'NONE', *, *, #38, .T. ) ;
#1496 =( GEOMETRIC_REPRESENTATION_CONTEXT ( 3 ) GLOBAL_UNCERTAINTY_ASSIGNED_CONTEXT ( ( #898 ) ) GLOBAL_UNIT_ASSIGNED_CONTEXT ( ( #1379, #704, #1074 ) ) REPRESENTATION_CONTEXT ( 'NONE', 'WORKASPACE' ) );
#1497 = EDGE_LOOP ( 'NONE', ( #772, #633 ) ) ;
#1498 = CARTESIAN_POINT ( 'NONE',  ( -0.1364999999999999547, 0.02000000000000000736, 0.04600000000000006861 ) ) ;
#1499 = LINE ( 'NONE', #590, #2158 ) ;
#1500 = EDGE_CURVE ( 'NONE', #372, #1210, #186, .T. ) ;
#1501 = EDGE_LOOP ( 'NONE', ( #396, #808, #1571, #1445, #1664 ) ) ;
#1502 = DIRECTION ( 'NONE',  ( -1.000000000000000000, 4.930380657631323784E-32, -2.008711760047250336E-16 ) ) ;
#1503 = VECTOR ( 'NONE', #1944, 39.37007874015748143 ) ;
#1504 = ORIENTED_EDGE ( 'NONE', *, *, #1208, .T. ) ;
#1505 = CARTESIAN_POINT ( 'NONE',  ( 0.1354999999999999538, 0.02000000000000008715, -0.1000000000000000611 ) ) ;
#1506 = ADVANCED_FACE ( 'NONE', ( #197 ), #894, .T. ) ;
#1507 = VERTEX_POINT ( 'NONE', #381 ) ;
#1508 = EDGE_LOOP ( 'NONE', ( #824, #1143, #1345, #1149 ) ) ;
#1509 = LINE ( 'NONE', #634, #537 ) ;
#1510 = EDGE_CURVE ( 'NONE', #1900, #1331, #1913, .T. ) ;
#1511 = LINE ( 'NONE', #2198, #655 ) ;
#1512 = AXIS2_PLACEMENT_3D ( 'NONE', #606, #581, #804 ) ;
#1513 = ORIENTED_EDGE ( 'NONE', *, *, #1500, .F. ) ;
#1514 = LINE ( 'NONE', #1180, #1494 ) ;
#1515 = EDGE_CURVE ( 'NONE', #1254, #1328, #2262, .T. ) ;
#1516 = LINE ( 'NONE', #122, #1969 ) ;
#1517 = ORIENTED_EDGE ( 'NONE', *, *, #614, .F. ) ;
#1518 = CARTESIAN_POINT ( 'NONE',  ( -0.3064999999999999947, 8.537024980200822558E-18, 0.04590000000000005187 ) ) ;
#1519 = EDGE_CURVE ( 'NONE', #391, #1079, #544, .T. ) ;
#1520 = FACE_OUTER_BOUND ( 'NONE', #1647, .T. ) ;
#1521 = CIRCLE ( 'NONE', #487, 0.03199999999999999373 ) ;
#1522 = DIRECTION ( 'NONE',  ( 1.000000000000000000, 0.000000000000000000, 0.000000000000000000 ) ) ;
#1523 = FACE_OUTER_BOUND ( 'NONE', #1715, .T. ) ;
#1524 = LINE ( 'NONE', #2213, #1207 ) ;
#1525 = EDGE_LOOP ( 'NONE', ( #2170, #488, #297 ) ) ;
#1526 = FACE_OUTER_BOUND ( 'NONE', #607, .T. ) ;
#1527 = ORIENTED_EDGE ( 'NONE', *, *, #1750, .F. ) ;
#1528 = VECTOR ( 'NONE', #353, 39.37007874015748854 ) ;
#1529 = DIRECTION ( 'NONE',  ( 0.1045284632676542480, 0.9945218953682732899, -1.547573871255421173E-33 ) ) ;
#1530 = TOROIDAL_SURFACE ( 'NONE', #1787, 0.06634003316248800186, 0.01499999999999999944 ) ;
#1531 = DIRECTION ( 'NONE',  ( 0.000000000000000000, -1.000000000000000000, 0.000000000000000000 ) ) ;
#1532 = EDGE_CURVE ( 'NONE', #1546, #1991, #1046, .T. ) ;
#1533 = DIRECTION ( 'NONE',  ( 0.000000000000000000, 1.000000000000000000, 0.000000000000000000 ) ) ;
#1534 = CARTESIAN_POINT ( 'NONE',  ( -0.1364999999999999547, 0.01999999999999998307, 0.04590000000000005187 ) ) ;
#1535 = CARTESIAN_POINT ( 'NONE',  ( -0.2239637387830286652, 0.08899018884816460584, 0.04600000000000006861 ) ) ;
#1536 = ORIENTED_EDGE ( 'NONE', *, *, #324, .T. ) ;
#1537 = PLANE ( 'NONE',  #449 ) ;
#1538 = CIRCLE ( 'NONE', #211, 0.04199999999999998873 ) ;
#1539 = VECTOR ( 'NONE', #1466, 39.37007874015748143 ) ;
#1540 = ORIENTED_EDGE ( 'NONE', *, *, #520, .T. ) ;
#1541 = DIRECTION ( 'NONE',  ( 0.000000000000000000, 2.220446049250312588E-16, -1.000000000000000000 ) ) ;
#1542 = DIRECTION ( 'NONE',  ( 0.000000000000000000, 1.000000000000000000, 0.000000000000000000 ) ) ;
#1543 = EDGE_CURVE ( 'NONE', #418, #1198, #157, .T. ) ;
#1544 = CARTESIAN_POINT ( 'NONE',  ( -0.1364999999999999547, 0.01000000000000003837, -0.04599999999999999922 ) ) ;
#1545 = DIRECTION ( 'NONE',  ( 0.000000000000000000, -2.220446049250312588E-16, 1.000000000000000000 ) ) ;
#1546 = VERTEX_POINT ( 'NONE', #1399 ) ;
#1547 = CARTESIAN_POINT ( 'NONE',  ( -0.2914999999999999258, 0.01000000000000003837, -0.04589999999999998248 ) ) ;
#1548 = VECTOR ( 'NONE', #1994, 39.37007874015748143 ) ;
#1549 = FACE_OUTER_BOUND ( 'NONE', #885, .T. ) ;
#1550 = EDGE_LOOP ( 'NONE', ( #1472, #1004, #793, #476, #290, #2100, #1468, #1263, #1321, #1314, #1072, #2265 ) ) ;
#1551 = DIRECTION ( 'NONE',  ( 1.000000000000000000, 0.000000000000000000, 0.000000000000000000 ) ) ;
#1552 = CARTESIAN_POINT ( 'NONE',  ( -0.2274999999999999523, 0.05534491082456491351, 0.1250000000000000555 ) ) ;
#1553 = CIRCLE ( 'NONE', #1230, 0.009999999999999995004 ) ;
#1554 = EDGE_CURVE ( 'NONE', #2286, #454, #1090, .T. ) ;
#1555 = DIRECTION ( 'NONE',  ( 0.000000000000000000, -2.220446049250312588E-16, 1.000000000000000000 ) ) ;
#1556 = CARTESIAN_POINT ( 'NONE',  ( -0.1956752993482153424, 0.01000000000000005572, -0.1250000000000000555 ) ) ;
#1557 = ORIENTED_EDGE ( 'NONE', *, *, #314, .T. ) ;
#1558 = PLANE ( 'NONE',  #1852 ) ;
#1559 = ORIENTED_EDGE ( 'NONE', *, *, #826, .T. ) ;
#1560 = VERTEX_POINT ( 'NONE', #1786 ) ;
#1561 = CARTESIAN_POINT ( 'NONE',  ( -0.1956752993482153424, 0.05200000000000008088, -0.1249999999999999306 ) ) ;
#1562 = ADVANCED_FACE ( 'NONE', ( #508 ), #1558, .T. ) ;
#1563 = CIRCLE ( 'NONE', #160, 0.009999999999999995004 ) ;
#1564 = VECTOR ( 'NONE', #2025, 39.37007874015748854 ) ;
#1565 = CARTESIAN_POINT ( 'NONE',  ( 0.1354999999999999538, 0.009999999999999988065, 0.1250000000000000555 ) ) ;
#1566 = DIRECTION ( 'NONE',  ( 0.000000000000000000, -3.330669073875468635E-16, 1.000000000000000000 ) ) ;
#1567 = EDGE_CURVE ( 'NONE', #1210, #2099, #2274, .T. ) ;
#1568 = DIRECTION ( 'NONE',  ( 1.000000000000000000, 0.000000000000000000, 0.000000000000000000 ) ) ;
#1569 = ORIENTED_EDGE ( 'NONE', *, *, #216, .T. ) ;
#1570 = DIRECTION ( 'NONE',  ( 0.000000000000000000, 1.000000000000000000, 0.000000000000000000 ) ) ;
#1571 = ORIENTED_EDGE ( 'NONE', *, *, #216, .F. ) ;
#1572 = ORIENTED_EDGE ( 'NONE', *, *, #1510, .T. ) ;
#1573 = AXIS2_PLACEMENT_3D ( 'NONE', #1894, #926, #1755 ) ;
#1574 = EDGE_CURVE ( 'NONE', #80, #1609, #603, .T. ) ;
#1575 = LINE ( 'NONE', #2278, #175 ) ;
#1576 = AXIS2_PLACEMENT_3D ( 'NONE', #1050, #1689, #1531 ) ;
#1577 = CARTESIAN_POINT ( 'NONE',  ( 0.1496421356237310485, 0.009999999999999995004, 0.1000000000000000611 ) ) ;
#1578 = FACE_OUTER_BOUND ( 'NONE', #300, .T. ) ;
#1579 = FACE_OUTER_BOUND ( 'NONE', #1062, .T. ) ;
#1580 = ADVANCED_FACE ( 'NONE', ( #1585 ), #2109, .T. ) ;
#1581 = CARTESIAN_POINT ( 'NONE',  ( -0.1364999999999999547, 0.01000000000000001235, 0.04590000000000005187 ) ) ;
#1582 = CYLINDRICAL_SURFACE ( 'NONE', #280, 0.009999999999999995004 ) ;
#1583 = ORIENTED_EDGE ( 'NONE', *, *, #1838, .F. ) ;
#1584 = ADVANCED_FACE ( 'NONE', ( #2165 ), #937, .T. ) ;
#1585 = FACE_OUTER_BOUND ( 'NONE', #2060, .T. ) ;
#1586 = ORIENTED_EDGE ( 'NONE', *, *, #463, .F. ) ;
#1587 = ORIENTED_EDGE ( 'NONE', *, *, #752, .F. ) ;
#1588 = VECTOR ( 'NONE', #2082, 39.37007874015748854 ) ;
#1589 = PLANE ( 'NONE',  #1864 ) ;
#1590 = EDGE_CURVE ( 'NONE', #723, #1507, #899, .T. ) ;
#1591 = DIRECTION ( 'NONE',  ( 0.1045284632676541647, 0.9945218953682732899, 0.000000000000000000 ) ) ;
#1592 = DIRECTION ( 'NONE',  ( 0.000000000000000000, -2.220446049250312588E-16, 1.000000000000000000 ) ) ;
#1593 = CARTESIAN_POINT ( 'NONE',  ( -0.1435710678118653771, 0.002928932188134534403, 0.04590000000000005187 ) ) ;
#1594 = FACE_OUTER_BOUND ( 'NONE', #1089, .T. ) ;
#1595 = ORIENTED_EDGE ( 'NONE', *, *, #1261, .F. ) ;
#1596 = DIRECTION ( 'NONE',  ( 0.000000000000000000, 2.220446049250312834E-16, -1.000000000000000000 ) ) ;
#1597 = VECTOR ( 'NONE', #555, 39.37007874015748143 ) ;
#1598 = DIRECTION ( 'NONE',  ( 0.000000000000000000, -1.000000000000000000, -1.110223024625153952E-16 ) ) ;
#1599 = ORIENTED_EDGE ( 'NONE', *, *, #1637, .F. ) ;
#1600 = EDGE_CURVE ( 'NONE', #573, #1474, #393, .T. ) ;
#1601 = CARTESIAN_POINT ( 'NONE',  ( -0.1364999999999999547, 0.02000000000000000042, -0.04589999999999998248 ) ) ;
#1602 = EDGE_CURVE ( 'NONE', #1652, #372, #593, .T. ) ;
#1603 = DIRECTION ( 'NONE',  ( 0.000000000000000000, -1.000000000000000000, 0.000000000000000000 ) ) ;
#1604 = DIRECTION ( 'NONE',  ( 0.000000000000000000, 1.000000000000000000, 0.000000000000000000 ) ) ;
#1605 = ORIENTED_EDGE ( 'NONE', *, *, #111, .T. ) ;
#1606 = CARTESIAN_POINT ( 'NONE',  ( -0.2595000000000000084, 1.707404996040164512E-17, 0.02260000000000005407 ) ) ;
#1607 = PRODUCT_DEFINITION_FORMATION_WITH_SPECIFIED_SOURCE ( 'ANY', '', #168, .NOT_KNOWN. ) ;
#1608 = CARTESIAN_POINT ( 'NONE',  ( 0.1354999999999999538, 0.01000000000000005572, -0.1250000000000000555 ) ) ;
#1609 = VERTEX_POINT ( 'NONE', #1980 ) ;
#1610 = ADVANCED_FACE ( 'NONE', ( #765 ), #30, .F. ) ;
#1611 = CARTESIAN_POINT ( 'NONE',  ( 0.1496421356237310485, 0.000000000000000000, 0.1000000000000000611 ) ) ;
#1612 = CARTESIAN_POINT ( 'NONE',  ( -0.2374452189536826741, 0.05639019545724146404, 0.04600000000000003392 ) ) ;
#1613 = DIRECTION ( 'NONE',  ( 0.9945218953682734009, -0.1045284632676540537, 0.000000000000000000 ) ) ;
#1614 = ADVANCED_FACE ( 'NONE', ( #915, #2140 ), #566, .T. ) ;
#1615 = VERTEX_POINT ( 'NONE', #1797 ) ;
#1616 = LINE ( 'NONE', #1101, #1091 ) ;
#1617 = DIRECTION ( 'NONE',  ( 0.000000000000000000, 2.220446049250312588E-16, -1.000000000000000000 ) ) ;
#1618 = CARTESIAN_POINT ( 'NONE',  ( -0.1941161767143956274, 0.2294691889304216470, 1.365923996832131609E-16 ) ) ;
#1619 = VERTEX_POINT ( 'NONE', #1102 ) ;
#1620 = AXIS2_PLACEMENT_3D ( 'NONE', #629, #1297, #275 ) ;
#1621 = CARTESIAN_POINT ( 'NONE',  ( -0.3064999999999999947, 0.01000000000000001235, 0.04590000000000005187 ) ) ;
#1622 = FILL_AREA_STYLE ('',( #214 ) ) ;
#1623 = LINE ( 'NONE', #775, #2047 ) ;
#1624 = ORIENTED_EDGE ( 'NONE', *, *, #1837, .F. ) ;
#1625 = CARTESIAN_POINT ( 'NONE',  ( 0.1354999999999999538, 0.02000000000000004205, 0.1000000000000000611 ) ) ;
#1626 = DIRECTION ( 'NONE',  ( 0.9945218953682734009, -0.1045284632676546643, -6.938893903907231459E-18 ) ) ;
#1627 = CARTESIAN_POINT ( 'NONE',  ( -0.1871817549947956683, 0.2954458044499732594, 1.365923996832131609E-16 ) ) ;
#1628 = ORIENTED_EDGE ( 'NONE', *, *, #256, .F. ) ;
#1629 = DIRECTION ( 'NONE',  ( -1.000000000000000000, 0.000000000000000000, 0.000000000000000000 ) ) ;
#1630 = VECTOR ( 'NONE', #979, 39.37007874015748143 ) ;
#1631 = ORIENTED_EDGE ( 'NONE', *, *, #688, .F. ) ;
#1632 = PLANE ( 'NONE',  #2076 ) ;
#1633 = LINE ( 'NONE', #656, #397 ) ;
#1634 = ORIENTED_EDGE ( 'NONE', *, *, #66, .T. ) ;
#1635 = CARTESIAN_POINT ( 'NONE',  ( -0.2501108695431975559, -0.06411542030124134373, 0.04600000000000003392 ) ) ;
#1636 = DIRECTION ( 'NONE',  ( -0.000000000000000000, 0.000000000000000000, 1.000000000000000000 ) ) ;
#1637 = EDGE_CURVE ( 'NONE', #500, #683, #1485, .T. ) ;
#1638 = CARTESIAN_POINT ( 'NONE',  ( 0.1354999999999999538, 0.01000000000000005572, -0.1250000000000000555 ) ) ;
#1639 = ORIENTED_EDGE ( 'NONE', *, *, #2154, .T. ) ;
#1640 = DIRECTION ( 'NONE',  ( -0.000000000000000000, 0.000000000000000000, 1.000000000000000000 ) ) ;
#1641 = ORIENTED_EDGE ( 'NONE', *, *, #1958, .T. ) ;
#1642 = AXIS2_PLACEMENT_3D ( 'NONE', #2253, #524, #676 ) ;
#1643 = CARTESIAN_POINT ( 'NONE',  ( -0.1956752993482153424, 0.05200000000000008088, -0.1249999999999999306 ) ) ;
#1644 = LINE ( 'NONE', #800, #1645 ) ;
#1645 = VECTOR ( 'NONE', #2186, 39.37007874015748143 ) ;
#1646 = EDGE_CURVE ( 'NONE', #1254, #990, #64, .T. ) ;
#1647 = EDGE_LOOP ( 'NONE', ( #532, #886, #1987, #642 ) ) ;
#1648 = FACE_OUTER_BOUND ( 'NONE', #1241, .T. ) ;
#1649 = CARTESIAN_POINT ( 'NONE',  ( -0.2333909960156574925, 0.4481059225566190185, -0.1249999999999999306 ) ) ;
#1650 = ORIENTED_EDGE ( 'NONE', *, *, #1757, .F. ) ;
#1651 = CARTESIAN_POINT ( 'NONE',  ( -0.2323410307876964120, 0.1049533019113652044, -0.03099999999999995468 ) ) ;
#1652 = VERTEX_POINT ( 'NONE', #1271 ) ;
#1653 = ORIENTED_EDGE ( 'NONE', *, *, #2228, .F. ) ;
#1654 = AXIS2_PLACEMENT_3D ( 'NONE', #1161, #1858, #951 ) ;
#1655 = LINE ( 'NONE', #248, #1784 ) ;
#1656 = CARTESIAN_POINT ( 'NONE',  ( 0.1354999999999999538, 0.02000000000000004205, 0.1000000000000000611 ) ) ;
#1657 = EDGE_LOOP ( 'NONE', ( #346, #485, #2252 ) ) ;
#1658 = DIRECTION ( 'NONE',  ( -1.000000000000000000, 0.000000000000000000, 0.000000000000000000 ) ) ;
#1659 = DIRECTION ( 'NONE',  ( 0.000000000000000000, 2.220446049250312588E-16, -1.000000000000000000 ) ) ;
#1660 = ORIENTED_EDGE ( 'NONE', *, *, #1280, .T. ) ;
#1661 = PLANE ( 'NONE',  #1696 ) ;
#1662 = VERTEX_POINT ( 'NONE', #750 ) ;
#1663 = VECTOR ( 'NONE', #533, 39.37007874015748143 ) ;
#1664 = ORIENTED_EDGE ( 'NONE', *, *, #66, .F. ) ;
#1665 = VECTOR ( 'NONE', #1286, 39.37007874015748143 ) ;
#1666 = EDGE_CURVE ( 'NONE', #1365, #159, #1979, .T. ) ;
#1667 = DIRECTION ( 'NONE',  ( 0.000000000000000000, 1.000000000000000000, 0.000000000000000000 ) ) ;
#1668 = EDGE_CURVE ( 'NONE', #990, #906, #1123, .T. ) ;
#1669 = VERTEX_POINT ( 'NONE', #1456 ) ;
#1670 = PLANE ( 'NONE',  #571 ) ;
#1671 = LINE ( 'NONE', #815, #1255 ) ;
#1672 = ORIENTED_EDGE ( 'NONE', *, *, #2130, .T. ) ;
#1673 = CARTESIAN_POINT ( 'NONE',  ( 0.2915000000000000369, 0.000000000000000000, 0.1000000000000000611 ) ) ;
#1674 = VECTOR ( 'NONE', #205, 39.37007874015748143 ) ;
#1675 = ORIENTED_EDGE ( 'NONE', *, *, #1111, .T. ) ;
#1676 = EDGE_LOOP ( 'NONE', ( #1455, #41, #2073, #548 ) ) ;
#1677 = CARTESIAN_POINT ( 'NONE',  ( -0.2242555414392314317, 0.4521732889873765759, -0.1250000000000000555 ) ) ;
#1678 = VECTOR ( 'NONE', #2059, 39.37007874015748854 ) ;
#1679 = EDGE_CURVE ( 'NONE', #2099, #1819, #592, .T. ) ;
#1680 = DIRECTION ( 'NONE',  ( 0.9945218953682731788, -0.1045284632676545117, 0.000000000000000000 ) ) ;
#1681 = VECTOR ( 'NONE', #7, 39.37007874015748143 ) ;
#1682 = ORIENTED_EDGE ( 'NONE', *, *, #864, .F. ) ;
#1683 = DIRECTION ( 'NONE',  ( 0.000000000000000000, -1.000000000000000000, 0.000000000000000000 ) ) ;
#1684 = EDGE_CURVE ( 'NONE', #1324, #1735, #2151, .T. ) ;
#1685 = PLANE ( 'NONE',  #1801 ) ;
#1686 = ORIENTED_EDGE ( 'NONE', *, *, #968, .T. ) ;
#1687 = CARTESIAN_POINT ( 'NONE',  ( 0.1354999999999999538, 0.009999999999999988065, 0.1250000000000000555 ) ) ;
#1688 = EDGE_LOOP ( 'NONE', ( #805, #1481, #1995 ) ) ;
#1689 = DIRECTION ( 'NONE',  ( -0.000000000000000000, 0.000000000000000000, 1.000000000000000000 ) ) ;
#1690 = VECTOR ( 'NONE', #1659, 39.37007874015748143 ) ;
#1691 = SPHERICAL_SURFACE ( 'NONE', #50, 0.06001250000000000334 ) ;
#1692 = DIRECTION ( 'NONE',  ( 0.9135454576426007556, 0.4067366430758004303, 2.775557561562890735E-17 ) ) ;
#1693 = ORIENTED_EDGE ( 'NONE', *, *, #111, .F. ) ;
#1694 = LINE ( 'NONE', #103, #1483 ) ;
#1695 = ORIENTED_EDGE ( 'NONE', *, *, #1097, .T. ) ;
#1696 = AXIS2_PLACEMENT_3D ( 'NONE', #1462, #46, #77 ) ;
#1697 = CARTESIAN_POINT ( 'NONE',  ( 0.1496421356237310485, 0.01000000000000005572, -0.1000000000000000611 ) ) ;
#1698 = VECTOR ( 'NONE', #331, 39.37007874015748143 ) ;
#1699 = DIRECTION ( 'NONE',  ( 0.000000000000000000, 2.319843744619788430E-16, -1.000000000000000000 ) ) ;
#1700 = LINE ( 'NONE', #1017, #1930 ) ;
#1701 = CARTESIAN_POINT ( 'NONE',  ( -0.1941447340705992064, 0.2961776430409063798, 1.365923996832131609E-16 ) ) ;
#1702 = DIRECTION ( 'NONE',  ( 0.000000000000000000, -1.816388293659748819E-16, 1.000000000000000000 ) ) ;
#1703 = EDGE_LOOP ( 'NONE', ( #929, #660, #63 ) ) ;
#1704 = CARTESIAN_POINT ( 'NONE',  ( -0.1987867201211349910, 0.2966655354348619045, -0.04423037371823246994 ) ) ;
#1705 = ORIENTED_EDGE ( 'NONE', *, *, #98, .T. ) ;
#1706 = CIRCLE ( 'NONE', #2113, 0.02350000000000000699 ) ;
#1707 = DIRECTION ( 'NONE',  ( -0.1045284632676558856, -0.9945218953682730678, 0.000000000000000000 ) ) ;
#1708 = DIRECTION ( 'NONE',  ( 1.000000000000000000, 0.000000000000000000, 0.000000000000000000 ) ) ;
#1709 = PLANE ( 'NONE',  #1264 ) ;
#1710 = CARTESIAN_POINT ( 'NONE',  ( -0.1435710678118653771, 0.002928932188134611599, 0.04590000000000005187 ) ) ;
#1711 = ORIENTED_EDGE ( 'NONE', *, *, #139, .T. ) ;
#1712 = DIRECTION ( 'NONE',  ( -0.7071067811865440200, 0.7071067811865511255, 2.556463088530021569E-16 ) ) ;
#1713 = VECTOR ( 'NONE', #563, 39.37007874015748143 ) ;
#1714 = EDGE_LOOP ( 'NONE', ( #1013, #2088, #663, #1641 ) ) ;
#1715 = EDGE_LOOP ( 'NONE', ( #1936, #1298, #1517, #903 ) ) ;
#1716 = DIRECTION ( 'NONE',  ( 0.000000000000000000, -1.000000000000000000, 0.000000000000000000 ) ) ;
#1717 = ADVANCED_FACE ( 'NONE', ( #1295 ), #42, .F. ) ;
#1718 = LINE ( 'NONE', #880, #1528 ) ;
#1719 = DIRECTION ( 'NONE',  ( 1.000000000000000000, 0.000000000000000000, 0.000000000000000000 ) ) ;
#1720 = DIRECTION ( 'NONE',  ( 0.1045284632676542202, 0.9945218953682732899, -1.665334536937734811E-16 ) ) ;
#1721 = VERTEX_POINT ( 'NONE', #2175 ) ;
#1722 = CARTESIAN_POINT ( 'NONE',  ( 0.1425710678118655150, 0.002928932188134619839, 0.1000000000000000611 ) ) ;
#1723 = AXIS2_PLACEMENT_3D ( 'NONE', #1441, #1756, #1591 ) ;
#1724 = ORIENTED_EDGE ( 'NONE', *, *, #1543, .T. ) ;
#1725 = EDGE_LOOP ( 'NONE', ( #1388, #697, #1999, #1752 ) ) ;
#1726 = ADVANCED_BREP_SHAPE_REPRESENTATION ( '557', ( #2201, #2115 ), #126 ) ;
#1727 = PLANE ( 'NONE',  #1064 ) ;
#1728 = FILL_AREA_STYLE_COLOUR ( '', #2267 ) ;
#1729 = ADVANCED_FACE ( 'NONE', ( #1490 ), #240, .F. ) ;
#1730 = CYLINDRICAL_SURFACE ( 'NONE', #727, 0.03199999999999999373 ) ;
#1731 = VECTOR ( 'NONE', #825, 39.37007874015748143 ) ;
#1732 = DIRECTION ( 'NONE',  ( 0.000000000000000000, -2.220446049250312588E-16, 1.000000000000000000 ) ) ;
#1733 = FACE_OUTER_BOUND ( 'NONE', #407, .T. ) ;
#1734 = EDGE_CURVE ( 'NONE', #957, #428, #861, .T. ) ;
#1735 = VERTEX_POINT ( 'NONE', #740 ) ;
#1736 = CARTESIAN_POINT ( 'NONE',  ( 0.2285000000000000364, 2.561107494060246767E-17, 3.414809992080329023E-17 ) ) ;
#1737 = ORIENTED_EDGE ( 'NONE', *, *, #1387, .F. ) ;
#1738 = ORIENTED_EDGE ( 'NONE', *, *, #139, .F. ) ;
#1739 = DIRECTION ( 'NONE',  ( 1.000000000000000000, 0.000000000000000000, 0.000000000000000000 ) ) ;
#1740 = SPHERICAL_SURFACE ( 'NONE', #1136, 0.06001250000000000334 ) ;
#1741 = ADVANCED_FACE ( 'NONE', ( #403, #1648 ), #251, .T. ) ;
#1742 = CIRCLE ( 'NONE', #2005, 0.01500000000000000465 ) ;
#1743 = CARTESIAN_POINT ( 'NONE',  ( -0.1942274526318747696, 0.3847290972759923044, -0.1250000000000000555 ) ) ;
#1744 = ADVANCED_FACE ( 'NONE', ( #53 ), #1308, .T. ) ;
#1745 = LINE ( 'NONE', #142, #125 ) ;
#1746 = LINE ( 'NONE', #1396, #1993 ) ;
#1747 = DIRECTION ( 'NONE',  ( -1.000000000000000000, 0.000000000000000000, 0.000000000000000000 ) ) ;
#1748 = ORIENTED_EDGE ( 'NONE', *, *, #1375, .F. ) ;
#1749 = DIRECTION ( 'NONE',  ( 0.000000000000000000, 1.000000000000000000, 0.000000000000000000 ) ) ;
#1750 = EDGE_CURVE ( 'NONE', #451, #2163, #616, .T. ) ;
#1751 = ORIENTED_EDGE ( 'NONE', *, *, #352, .F. ) ;
#1752 = ORIENTED_EDGE ( 'NONE', *, *, #1280, .F. ) ;
#1753 = AXIS2_PLACEMENT_3D ( 'NONE', #2101, #1391, #1716 ) ;
#1754 = AXIS2_PLACEMENT_3D ( 'NONE', #27, #2106, #891 ) ;
#1755 = DIRECTION ( 'NONE',  ( 0.1045284632676545811, 0.9945218953682731788, 0.000000000000000000 ) ) ;
#1756 = DIRECTION ( 'NONE',  ( 0.9945218953682734009, -0.1045284632676540537, 0.000000000000000000 ) ) ;
#1757 = EDGE_CURVE ( 'NONE', #1609, #2037, #2139, .T. ) ;
#1758 = DIRECTION ( 'NONE',  ( 1.000000000000000000, 0.000000000000000000, 0.000000000000000000 ) ) ;
#1759 = DIRECTION ( 'NONE',  ( 0.1045284632676541647, 0.9945218953682732899, 0.000000000000000000 ) ) ;
#1760 = CARTESIAN_POINT ( 'NONE',  ( -0.2090340051449197101, 0.2310371158794367052, 1.365923996832131609E-16 ) ) ;
#1761 = VERTEX_POINT ( 'NONE', #2017 ) ;
#1762 = DIRECTION ( 'NONE',  ( 0.000000000000000000, 2.220446049250312834E-16, -1.000000000000000000 ) ) ;
#1763 = DIRECTION ( 'NONE',  ( -1.000000000000000000, 0.000000000000000000, 0.000000000000000000 ) ) ;
#1764 = ORIENTED_EDGE ( 'NONE', *, *, #2034, .T. ) ;
#1765 = AXIS2_PLACEMENT_3D ( 'NONE', #547, #1788, #1956 ) ;
#1766 = UNCERTAINTY_MEASURE_WITH_UNIT (LENGTH_MEASURE( 1.000000000000000082E-05 ), #2079, 'distance_accuracy_value', 'NONE');
#1767 = EDGE_CURVE ( 'NONE', #1118, #1652, #1147, .T. ) ;
#1768 = EDGE_CURVE ( 'NONE', #726, #1811, #1616, .T. ) ;
#1769 = FACE_OUTER_BOUND ( 'NONE', #1703, .T. ) ;
#1770 = DIRECTION ( 'NONE',  ( -0.000000000000000000, 0.000000000000000000, 1.000000000000000000 ) ) ;
#1771 = CARTESIAN_POINT ( 'NONE',  ( -0.1996925025551519184, 0.2433941517712236713, 1.365923996832131609E-16 ) ) ;
#1772 = VECTOR ( 'NONE', #1289, 39.37007874015748143 ) ;
#1773 = ORIENTED_EDGE ( 'NONE', *, *, #614, .T. ) ;
#1774 = CARTESIAN_POINT ( 'NONE',  ( -0.2120448023790023895, 0.2980590160316646808, 1.707404996040164512E-16 ) ) ;
#1775 = VECTOR ( 'NONE', #1992, 39.37007874015748143 ) ;
#1776 = PLANE ( 'NONE',  #888 ) ;
#1777 = ORIENTED_EDGE ( 'NONE', *, *, #1094, .F. ) ;
#1778 = EDGE_CURVE ( 'NONE', #587, #2241, #1796, .T. ) ;
#1779 = LINE ( 'NONE', #1931, #220 ) ;
#1780 = EDGE_CURVE ( 'NONE', #939, #1546, #923, .T. ) ;
#1781 = DIRECTION ( 'NONE',  ( -0.9945218953682731788, 0.1045284632676560521, 6.938893903907229918E-18 ) ) ;
#1782 = CIRCLE ( 'NONE', #681, 0.01500000000000000465 ) ;
#1783 = CARTESIAN_POINT ( 'NONE',  ( -0.1941447340705992064, 0.2961776430409063798, 1.365923996832131609E-16 ) ) ;
#1784 = VECTOR ( 'NONE', #919, 39.37007874015748143 ) ;
#1785 = EDGE_LOOP ( 'NONE', ( #76, #1639, #1228, #2024 ) ) ;
#1786 = CARTESIAN_POINT ( 'NONE',  ( -0.2914999999999999258, 0.01000000000000001235, 0.04590000000000005187 ) ) ;
#1787 = AXIS2_PLACEMENT_3D ( 'NONE', #970, #292, #1529 ) ;
#1788 = DIRECTION ( 'NONE',  ( -0.9945218953682734009, 0.1045284632676542619, 6.938893903907231459E-18 ) ) ;
#1789 = ORIENTED_EDGE ( 'NONE', *, *, #34, .F. ) ;
#1790 = VECTOR ( 'NONE', #1110, 39.37007874015748854 ) ;
#1791 = PLANE ( 'NONE',  #442 ) ;
#1792 = ADVANCED_FACE ( 'NONE', ( #936 ), #100, .T. ) ;
#1793 = CARTESIAN_POINT ( 'NONE',  ( -0.2239637387830283322, 0.08899018884816460584, 0.03100000000000002406 ) ) ;
#1794 = CARTESIAN_POINT ( 'NONE',  ( -0.1364999999999999547, 0.02000000000000003858, -0.04599999999999999922 ) ) ;
#1795 = ORIENTED_EDGE ( 'NONE', *, *, #1574, .T. ) ;
#1796 = LINE ( 'NONE', #218, #2227 ) ;
#1797 = CARTESIAN_POINT ( 'NONE',  ( 0.3064999999999999947, 1.707404996040164512E-17, 0.08500000000000004774 ) ) ;
#1798 = DIRECTION ( 'NONE',  ( 0.1045284632676537623, 0.9945218953682732899, 0.000000000000000000 ) ) ;
#1799 = ORIENTED_EDGE ( 'NONE', *, *, #2263, .T. ) ;
#1800 = DIRECTION ( 'NONE',  ( 0.000000000000000000, 1.000000000000000000, 0.000000000000000000 ) ) ;
#1801 = AXIS2_PLACEMENT_3D ( 'NONE', #1320, #438, #2166 ) ;
#1802 = VERTEX_POINT ( 'NONE', #1876 ) ;
#1803 = DIRECTION ( 'NONE',  ( 0.000000000000000000, -2.220446049250312588E-16, 1.000000000000000000 ) ) ;
#1804 = EDGE_CURVE ( 'NONE', #1835, #1198, #1706, .T. ) ;
#1805 = DIRECTION ( 'NONE',  ( 0.000000000000000000, -2.220446049250312588E-16, 1.000000000000000000 ) ) ;
#1806 = ORIENTED_EDGE ( 'NONE', *, *, #129, .T. ) ;
#1807 = CARTESIAN_POINT ( 'NONE',  ( -0.2274999999999999523, 0.05534491082456498984, -0.1249999999999999306 ) ) ;
#1808 = CARTESIAN_POINT ( 'NONE',  ( -0.2274999999999999523, 0.05534491082456498984, -0.1249999999999999306 ) ) ;
#1809 = EDGE_CURVE ( 'NONE', #1669, #1218, #1700, .T. ) ;
#1810 = LINE ( 'NONE', #231, #408 ) ;
#1811 = VERTEX_POINT ( 'NONE', #2212 ) ;
#1812 = DIRECTION ( 'NONE',  ( 0.7071067811865440200, 0.7071067811865511255, 1.570092458683782809E-16 ) ) ;
#1813 = VECTOR ( 'NONE', #1001, 39.37007874015748143 ) ;
#1814 = ORIENTED_EDGE ( 'NONE', *, *, #1778, .F. ) ;
#1815 = EDGE_CURVE ( 'NONE', #1243, #1914, #1514, .T. ) ;
#1816 = CARTESIAN_POINT ( 'NONE',  ( 0.1496421356237310485, 0.009999999999999995004, 0.1000000000000000611 ) ) ;
#1817 = ADVANCED_FACE ( 'NONE', ( #1008 ), #294, .F. ) ;
#1818 = DIRECTION ( 'NONE',  ( 0.000000000000000000, 2.220446049250314560E-16, -1.000000000000000000 ) ) ;
#1819 = VERTEX_POINT ( 'NONE', #2234 ) ;
#1820 = DIRECTION ( 'NONE',  ( 0.000000000000000000, 2.220446049250312834E-16, -1.000000000000000000 ) ) ;
#1821 = VECTOR ( 'NONE', #152, 39.37007874015748143 ) ;
#1822 = DIRECTION ( 'NONE',  ( 0.000000000000000000, -2.220446049250312588E-16, 1.000000000000000000 ) ) ;
#1823 = VERTEX_POINT ( 'NONE', #841 ) ;
#1824 = VECTOR ( 'NONE', #828, 39.37007874015748854 ) ;
#1825 = FACE_OUTER_BOUND ( 'NONE', #1998, .T. ) ;
#1826 = ADVANCED_FACE ( 'NONE', ( #2200 ), #1691, .T. ) ;
#1827 = ORIENTED_EDGE ( 'NONE', *, *, #909, .F. ) ;
#1828 = CIRCLE ( 'NONE', #654, 0.03199999999999999373 ) ;
#1829 = CARTESIAN_POINT ( 'NONE',  ( 0.2285000000000000364, 0.01000000000000003837, -0.04599999999999999922 ) ) ;
#1830 = DIRECTION ( 'NONE',  ( 0.000000000000000000, -1.000000000000000000, 0.000000000000000000 ) ) ;
#1831 = VECTOR ( 'NONE', #1732, 39.37007874015748143 ) ;
#1832 = VERTEX_POINT ( 'NONE', #1329 ) ;
#1833 = CARTESIAN_POINT ( 'NONE',  ( -0.3064999999999999947, 2.561107494060246767E-17, -0.04589999999999998248 ) ) ;
#1834 = PLANE ( 'NONE',  #632 ) ;
#1835 = VERTEX_POINT ( 'NONE', #119 ) ;
#1836 = PLANE ( 'NONE',  #1155 ) ;
#1837 = EDGE_CURVE ( 'NONE', #2146, #1118, #309, .T. ) ;
#1838 = EDGE_CURVE ( 'NONE', #319, #2225, #1339, .T. ) ;
#1839 = EDGE_LOOP ( 'NONE', ( #1125, #1799, #994, #1527 ) ) ;
#1840 = EDGE_CURVE ( 'NONE', #557, #917, #867, .T. ) ;
#1841 = CIRCLE ( 'NONE', #1291, 0.009999999999999995004 ) ;
#1842 = LINE ( 'NONE', #1697, #1824 ) ;
#1843 = PLANE ( 'NONE',  #1066 ) ;
#1844 = ORIENTED_EDGE ( 'NONE', *, *, #1905, .F. ) ;
#1845 = CARTESIAN_POINT ( 'NONE',  ( 0.1354999999999999538, 0.02000000000000006287, -0.1249999999999999306 ) ) ;
#1846 = CARTESIAN_POINT ( 'NONE',  ( -0.1941447340705992064, 0.2961776430409063798, 1.365923996832131609E-16 ) ) ;
#1847 = ORIENTED_EDGE ( 'NONE', *, *, #1169, .T. ) ;
#1848 = CARTESIAN_POINT ( 'NONE',  ( -0.1435710678118653771, 0.002928932188134568664, -0.04589999999999998248 ) ) ;
#1849 = EDGE_CURVE ( 'NONE', #1609, #1356, #1368, .T. ) ;
#1850 = VECTOR ( 'NONE', #440, 39.37007874015748143 ) ;
#1851 = ORIENTED_EDGE ( 'NONE', *, *, #909, .T. ) ;
#1852 = AXIS2_PLACEMENT_3D ( 'NONE', #684, #870, #1570 ) ;
#1853 = CYLINDRICAL_SURFACE ( 'NONE', #1313, 0.02350000000000000699 ) ;
#1854 = ADVANCED_FACE ( 'NONE', ( #1857 ), #1670, .F. ) ;
#1855 = CARTESIAN_POINT ( 'NONE',  ( -0.2033629072083007472, 0.3806617308452344139, -0.1249999999999999306 ) ) ;
#1856 = ORIENTED_EDGE ( 'NONE', *, *, #1757, .T. ) ;
#1857 = FACE_OUTER_BOUND ( 'NONE', #795, .T. ) ;
#1858 = DIRECTION ( 'NONE',  ( 0.000000000000000000, -2.220446049250312588E-16, 1.000000000000000000 ) ) ;
#1859 = ORIENTED_EDGE ( 'NONE', *, *, #523, .F. ) ;
#1860 = PLANE ( 'NONE',  #1336 ) ;
#1861 = VECTOR ( 'NONE', #461, 39.37007874015748143 ) ;
#1862 = ORIENTED_EDGE ( 'NONE', *, *, #2034, .F. ) ;
#1863 = DIRECTION ( 'NONE',  ( 0.000000000000000000, -1.000000000000000000, 0.000000000000000000 ) ) ;
#1864 = AXIS2_PLACEMENT_3D ( 'NONE', #1418, #2112, #221 ) ;
#1865 = CARTESIAN_POINT ( 'NONE',  ( -0.1933629072083007938, 0.3806617308452344139, -0.1249999999999999306 ) ) ;
#1866 = VECTOR ( 'NONE', #1830, 39.37007874015748143 ) ;
#1867 = CARTESIAN_POINT ( 'NONE',  ( -0.1956752993482153424, 0.05200000000000003925, -0.04599999999999999922 ) ) ;
#1868 = ORIENTED_EDGE ( 'NONE', *, *, #1182, .T. ) ;
#1869 = CARTESIAN_POINT ( 'NONE',  ( -0.1987867201211349910, 0.2966655354348618490, 1.707404996040164512E-16 ) ) ;
#1870 = EDGE_LOOP ( 'NONE', ( #1789, #322, #640, #2027 ) ) ;
#1871 = EDGE_CURVE ( 'NONE', #1118, #1259, #110, .T. ) ;
#1872 = FACE_OUTER_BOUND ( 'NONE', #780, .T. ) ;
#1873 = CARTESIAN_POINT ( 'NONE',  ( 0.2915000000000000369, 0.000000000000000000, 0.1000000000000000611 ) ) ;
#1874 = CIRCLE ( 'NONE', #1037, 0.01500000000000001159 ) ;
#1875 = ADVANCED_FACE ( 'NONE', ( #1523 ), #627, .T. ) ;
#1876 = CARTESIAN_POINT ( 'NONE',  ( -0.1942274526318747696, 0.3847290972759922489, 0.1250000000000000555 ) ) ;
#1877 = DIRECTION ( 'NONE',  ( 0.000000000000000000, -2.220446049250312588E-16, 1.000000000000000000 ) ) ;
#1878 = CARTESIAN_POINT ( 'NONE',  ( -0.2374452189536826741, 0.05639019545724149873, -0.04599999999999999922 ) ) ;
#1879 = ORIENTED_EDGE ( 'NONE', *, *, #1407, .T. ) ;
#1880 = DIRECTION ( 'NONE',  ( 0.7071067811865440200, -0.7071067811865511255, -2.775557561562891351E-17 ) ) ;
#1881 = ORIENTED_EDGE ( 'NONE', *, *, #1734, .F. ) ;
#1882 = AXIS2_PLACEMENT_3D ( 'NONE', #1332, #2051, #991 ) ;
#1883 =( NAMED_UNIT ( * ) PLANE_ANGLE_UNIT ( ) SI_UNIT ( $, .RADIAN. ) );
#1884 = AXIS2_PLACEMENT_3D ( 'NONE', #174, #884, #1412 ) ;
#1885 = CYLINDRICAL_SURFACE ( 'NONE', #545, 0.04600000000000000616 ) ;
#1886 = DIRECTION ( 'NONE',  ( 0.000000000000000000, 1.000000000000000000, 0.000000000000000000 ) ) ;
#1887 = CARTESIAN_POINT ( 'NONE',  ( -0.2051103806594023471, 0.3640356315512162100, 1.707404996040164512E-16 ) ) ;
#1888 = PLANE ( 'NONE',  #836 ) ;
#1889 = VERTEX_POINT ( 'NONE', #2222 ) ;
#1890 = SPHERICAL_SURFACE ( 'NONE', #151, 0.05001250000000000140 ) ;
#1891 = VERTEX_POINT ( 'NONE', #1168 ) ;
#1892 = ORIENTED_EDGE ( 'NONE', *, *, #1976, .F. ) ;
#1893 = VECTOR ( 'NONE', #339, 39.37007874015748143 ) ;
#1894 = CARTESIAN_POINT ( 'NONE',  ( -0.2120448023790023895, 0.2980590160316646808, 1.707404996040164512E-16 ) ) ;
#1895 = FILL_AREA_STYLE ('',( #1728 ) ) ;
#1896 = DIRECTION ( 'NONE',  ( 0.000000000000000000, 1.000000000000000000, 0.000000000000000000 ) ) ;
#1897 = PRODUCT_RELATED_PRODUCT_CATEGORY ( 'part', '', ( #168 ) ) ;
#1898 = DIRECTION ( 'NONE',  ( 0.000000000000000000, -2.220446049250312834E-16, 1.000000000000000000 ) ) ;
#1899 = CARTESIAN_POINT ( 'NONE',  ( -0.1364999999999999547, 0.01000000000000003837, -0.04599999999999999922 ) ) ;
#1900 = VERTEX_POINT ( 'NONE', #1865 ) ;
#1901 = DIRECTION ( 'NONE',  ( 1.000000000000000000, 0.000000000000000000, 0.000000000000000000 ) ) ;
#1902 = AXIS2_PLACEMENT_3D ( 'NONE', #44, #753, #138 ) ;
#1903 = ORIENTED_EDGE ( 'NONE', *, *, #799, .T. ) ;
#1904 = ORIENTED_EDGE ( 'NONE', *, *, #1444, .F. ) ;
#1905 = EDGE_CURVE ( 'NONE', #1889, #343, #646, .T. ) ;
#1906 = DIRECTION ( 'NONE',  ( 1.000000000000000000, 0.000000000000000000, 0.000000000000000000 ) ) ;
#1907 = EDGE_CURVE ( 'NONE', #683, #500, #611, .T. ) ;
#1908 = DIRECTION ( 'NONE',  ( -1.000000000000000000, 4.930380657631323784E-32, -2.008711760047250336E-16 ) ) ;
#1909 = PLANE ( 'NONE',  #2064 ) ;
#1910 = VECTOR ( 'NONE', #24, 39.37007874015748143 ) ;
#1911 = CARTESIAN_POINT ( 'NONE',  ( 0.1354999999999999538, 0.01000000000000005572, -0.1250000000000000555 ) ) ;
#1912 = EDGE_LOOP ( 'NONE', ( #2083, #630, #1738, #2016 ) ) ;
#1913 = LINE ( 'NONE', #2285, #1698 ) ;
#1914 = VERTEX_POINT ( 'NONE', #708 ) ;
#1915 = EDGE_LOOP ( 'NONE', ( #1401, #245, #1559, #361 ) ) ;
#1916 = EDGE_CURVE ( 'NONE', #1819, #1231, #2104, .T. ) ;
#1917 = CARTESIAN_POINT ( 'NONE',  ( -0.2220024528563770971, 0.2991056072701319679, 1.707404996040164512E-16 ) ) ;
#1918 = FACE_OUTER_BOUND ( 'NONE', #1416, .T. ) ;
#1919 = DIRECTION ( 'NONE',  ( 0.000000000000000000, 2.220446049250312588E-16, -1.000000000000000000 ) ) ;
#1920 = CIRCLE ( 'NONE', #376, 0.04600000000000000616 ) ;
#1921 = EDGE_CURVE ( 'NONE', #2146, #1259, #1381, .T. ) ;
#1922 = CARTESIAN_POINT ( 'NONE',  ( 0.1354999999999999538, 0.01000000000000005572, -0.1000000000000000611 ) ) ;
#1923 = DIRECTION ( 'NONE',  ( 0.000000000000000000, 2.220446049250312588E-16, -1.000000000000000000 ) ) ;
#1924 = ORIENTED_EDGE ( 'NONE', *, *, #2204, .T. ) ;
#1925 = CARTESIAN_POINT ( 'NONE',  ( -0.2339089577367113870, 0.09003547348084119106, -0.03099999999999995468 ) ) ;
#1926 = ORIENTED_EDGE ( 'NONE', *, *, #597, .T. ) ;
#1927 = ORIENTED_EDGE ( 'NONE', *, *, #2185, .F. ) ;
#1928 = PLANE ( 'NONE',  #1902 ) ;
#1929 = APPLICATION_PROTOCOL_DEFINITION ( 'draft international standard', 'automotive_design', 1998, #2012 ) ;
#1930 = VECTOR ( 'NONE', #304, 39.37007874015748854 ) ;
#1931 = CARTESIAN_POINT ( 'NONE',  ( -0.2501108695431975559, -0.06411542030124134373, 0.04600000000000003392 ) ) ;
#1932 = STYLED_ITEM ( 'NONE', ( #1975 ), #2201 ) ;
#1933 = DIRECTION ( 'NONE',  ( 0.000000000000000000, 2.845674993400273446E-16, -1.000000000000000000 ) ) ;
#1934 = CARTESIAN_POINT ( 'NONE',  ( 0.1354999999999999538, 0.01999999999999999001, 0.1250000000000000555 ) ) ;
#1935 = DIRECTION ( 'NONE',  ( 1.000000000000000000, 0.000000000000000000, 0.000000000000000000 ) ) ;
#1936 = ORIENTED_EDGE ( 'NONE', *, *, #337, .F. ) ;
#1937 = DIRECTION ( 'NONE',  ( -0.9945218953682731788, 0.1045284632676560521, 6.938893903907229918E-18 ) ) ;
#1938 = ORIENTED_EDGE ( 'NONE', *, *, #1849, .T. ) ;
#1939 = EDGE_CURVE ( 'NONE', #1615, #978, #2189, .T. ) ;
#1940 = EDGE_LOOP ( 'NONE', ( #2110, #1628, #1112, #1398 ) ) ;
#1941 = CIRCLE ( 'NONE', #1027, 0.009999999999999995004 ) ;
#1942 = DIRECTION ( 'NONE',  ( -0.7071067811865440200, -0.7071067811865511255, -2.775557561562891351E-17 ) ) ;
#1943 = CARTESIAN_POINT ( 'NONE',  ( 0.2915000000000000369, 0.01000000000000003837, -0.08499999999999995060 ) ) ;
#1944 = DIRECTION ( 'NONE',  ( 0.000000000000000000, -1.000000000000000000, 0.000000000000000000 ) ) ;
#1945 = ORIENTED_EDGE ( 'NONE', *, *, #1871, .F. ) ;
#1946 = DIRECTION ( 'NONE',  ( 0.7071067811865440200, -0.7071067811865511255, -2.775557561562891351E-17 ) ) ;
#1947 = DIRECTION ( 'NONE',  ( 0.9945218953682731788, -0.1045284632676560521, -6.938893903907229918E-18 ) ) ;
#1948 = ORIENTED_EDGE ( 'NONE', *, *, #2176, .T. ) ;
#1949 = AXIS2_PLACEMENT_3D ( 'NONE', #1618, #2131, #1598 ) ;
#1950 = DIRECTION ( 'NONE',  ( 0.9135454576426007556, 0.4067366430758004303, 2.775557561562890735E-17 ) ) ;
#1951 = CARTESIAN_POINT ( 'NONE',  ( -0.1364999999999999547, 0.01999999999999998307, 0.04590000000000005187 ) ) ;
#1952 = LINE ( 'NONE', #2127, #1389 ) ;
#1953 = ORIENTED_EDGE ( 'NONE', *, *, #1804, .T. ) ;
#1954 = DIRECTION ( 'NONE',  ( 0.9945218953682734009, -0.1045284632676546643, -6.938893903907231459E-18 ) ) ;
#1955 = AXIS2_PLACEMENT_3D ( 'NONE', #1318, #777, #949 ) ;
#1956 = DIRECTION ( 'NONE',  ( 0.1045284632676542619, 0.9945218953682734009, 0.000000000000000000 ) ) ;
#1957 = ORIENTED_EDGE ( 'NONE', *, *, #2246, .F. ) ;
#1958 = EDGE_CURVE ( 'NONE', #2159, #1218, #515, .T. ) ;
#1959 = DIRECTION ( 'NONE',  ( 0.000000000000000000, -1.000000000000000000, 0.000000000000000000 ) ) ;
#1960 = CARTESIAN_POINT ( 'NONE',  ( -0.2374452189536826741, 0.05639019545724151955, -0.1249999999999999306 ) ) ;
#1961 = CIRCLE ( 'NONE', #1312, 0.01500000000000001159 ) ;
#1962 = DIRECTION ( 'NONE',  ( 0.000000000000000000, 2.220446049250311602E-16, -1.000000000000000000 ) ) ;
#1963 = EDGE_LOOP ( 'NONE', ( #2261, #2063, #1070 ) ) ;
#1964 = CARTESIAN_POINT ( 'NONE',  ( -0.2033629072083007472, 0.3806617308452344139, -0.1249999999999999306 ) ) ;
#1965 = EDGE_CURVE ( 'NONE', #913, #2163, #1346, .T. ) ;
#1966 = DIRECTION ( 'NONE',  ( 0.1045284632676542064, 0.9945218953682732899, 0.000000000000000000 ) ) ;
#1967 = CARTESIAN_POINT ( 'NONE',  ( -0.2274999999999999523, 0.05534491082456494127, 0.04600000000000006861 ) ) ;
#1968 = ORIENTED_EDGE ( 'NONE', *, *, #2042, .F. ) ;
#1969 = VECTOR ( 'NONE', #2237, 39.37007874015748143 ) ;
#1970 = CARTESIAN_POINT ( 'NONE',  ( -0.1364999999999999547, 0.01000000000000001235, 0.04590000000000005187 ) ) ;
#1971 = CIRCLE ( 'NONE', #992, 0.009999999999999995004 ) ;
#1972 = EDGE_CURVE ( 'NONE', #1889, #94, #1718, .T. ) ;
#1973 = AXIS2_PLACEMENT_3D ( 'NONE', #1306, #82, #2173 ) ;
#1974 = ORIENTED_EDGE ( 'NONE', *, *, #721, .T. ) ;
#1975 = PRESENTATION_STYLE_ASSIGNMENT (( #1453 ) ) ;
#1976 = EDGE_CURVE ( 'NONE', #1324, #726, #1432, .T. ) ;
#1977 = CARTESIAN_POINT ( 'NONE',  ( 0.1496421356237310485, 0.009999999999999995004, 0.1000000000000000611 ) ) ;
#1978 = ORIENTED_EDGE ( 'NONE', *, *, #2246, .T. ) ;
#1979 = LINE ( 'NONE', #1845, #490 ) ;
#1980 = CARTESIAN_POINT ( 'NONE',  ( -0.2914999999999999258, 2.561107494060246767E-17, -0.04589999999999998248 ) ) ;
#1981 = DIRECTION ( 'NONE',  ( 0.000000000000000000, -2.220446049250312588E-16, 1.000000000000000000 ) ) ;
#1982 = ORIENTED_EDGE ( 'NONE', *, *, #384, .T. ) ;
#1983 = LINE ( 'NONE', #585, #1301 ) ;
#1984 = EDGE_CURVE ( 'NONE', #939, #1384, #503, .T. ) ;
#1985 = AXIS2_PLACEMENT_3D ( 'NONE', #1846, #252, #964 ) ;
#1986 = ADVANCED_FACE ( 'NONE', ( #1579 ), #2258, .T. ) ;
#1987 = ORIENTED_EDGE ( 'NONE', *, *, #2168, .T. ) ;
#1988 = DIRECTION ( 'NONE',  ( 0.000000000000000000, 1.000000000000000000, 0.000000000000000000 ) ) ;
#1989 = CARTESIAN_POINT ( 'NONE',  ( -0.2374452189536826741, 0.05639019545724145016, 0.1250000000000000555 ) ) ;
#1990 = EDGE_CURVE ( 'NONE', #2225, #1560, #1742, .T. ) ;
#1991 = VERTEX_POINT ( 'NONE', #1248 ) ;
#1992 = DIRECTION ( 'NONE',  ( 0.000000000000000000, -2.220446049250312588E-16, 1.000000000000000000 ) ) ;
#1993 = VECTOR ( 'NONE', #1031, 39.37007874015748143 ) ;
#1994 = DIRECTION ( 'NONE',  ( 0.000000000000000000, 1.000000000000000000, 0.000000000000000000 ) ) ;
#1995 = ORIENTED_EDGE ( 'NONE', *, *, #286, .F. ) ;
#1996 = CARTESIAN_POINT ( 'NONE',  ( -0.1956752993482153424, 0.01999999999999999001, 0.1250000000000000555 ) ) ;
#1997 = AXIS2_PLACEMENT_3D ( 'NONE', #437, #1446, #1820 ) ;
#1998 = EDGE_LOOP ( 'NONE', ( #1595, #2020, #1184, #522 ) ) ;
#1999 = ORIENTED_EDGE ( 'NONE', *, *, #2002, .F. ) ;
#2000 = DIRECTION ( 'NONE',  ( -1.000000000000000000, 0.000000000000000000, 0.000000000000000000 ) ) ;
#2001 = CARTESIAN_POINT ( 'NONE',  ( -0.1956752993482153424, 0.009999999999999988065, 0.1250000000000000555 ) ) ;
#2002 = EDGE_CURVE ( 'NONE', #1377, #1384, #316, .T. ) ;
#2003 = ORIENTED_EDGE ( 'NONE', *, *, #652, .F. ) ;
#2004 = DIRECTION ( 'NONE',  ( 0.000000000000000000, 2.220446049250312588E-16, -1.000000000000000000 ) ) ;
#2005 = AXIS2_PLACEMENT_3D ( 'NONE', #852, #2269, #1933 ) ;
#2006 = CARTESIAN_POINT ( 'NONE',  ( -0.2033629072083007472, 0.3806617308452344139, -0.1249999999999999306 ) ) ;
#2007 = ORIENTED_EDGE ( 'NONE', *, *, #1235, .F. ) ;
#2008 = CARTESIAN_POINT ( 'NONE',  ( 0.3064999999999999947, 0.000000000000000000, 0.1000000000000000611 ) ) ;
#2009 = EDGE_CURVE ( 'NONE', #451, #714, #202, .T. ) ;
#2010 = ORIENTED_EDGE ( 'NONE', *, *, #26, .F. ) ;
#2011 = ORIENTED_EDGE ( 'NONE', *, *, #1084, .T. ) ;
#2012 = APPLICATION_CONTEXT ( 'automotive_design' ) ;
#2013 = AXIS2_PLACEMENT_3D ( 'NONE', #1783, #1613, #1759 ) ;
#2014 = CARTESIAN_POINT ( 'NONE',  ( 0.1354999999999999538, 0.01000000000000005572, -0.1250000000000000555 ) ) ;
#2015 = DIRECTION ( 'NONE',  ( -1.000000000000000000, 0.000000000000000000, 0.000000000000000000 ) ) ;
#2016 = ORIENTED_EDGE ( 'NONE', *, *, #1602, .F. ) ;
#2017 = CARTESIAN_POINT ( 'NONE',  ( -0.1934176882546181087, 0.3796164462125579675, -0.1249999999999999306 ) ) ;
#2018 = ADVANCED_FACE ( 'NONE', ( #1067 ), #1730, .F. ) ;
#2019 = CARTESIAN_POINT ( 'NONE',  ( -0.2223958118340137735, 0.1039080172786886053, 0.04600000000000006861 ) ) ;
#2020 = ORIENTED_EDGE ( 'NONE', *, *, #1519, .T. ) ;
#2021 = CARTESIAN_POINT ( 'NONE',  ( -0.1435710678118653771, 0.002928932188134619839, -0.04589999999999998248 ) ) ;
#2022 = EDGE_CURVE ( 'NONE', #917, #1118, #2093, .T. ) ;
#2023 = AXIS2_PLACEMENT_3D ( 'NONE', #1419, #1065, #375 ) ;
#2024 = ORIENTED_EDGE ( 'NONE', *, *, #589, .F. ) ;
#2025 = DIRECTION ( 'NONE',  ( 0.7071067811865509034, -0.7071067811865440200, -2.775557561562890735E-17 ) ) ;
#2026 = DIRECTION ( 'NONE',  ( 0.000000000000000000, 1.000000000000000000, 0.000000000000000000 ) ) ;
#2027 = ORIENTED_EDGE ( 'NONE', *, *, #38, .F. ) ;
#2028 = DIRECTION ( 'NONE',  ( 0.000000000000000000, -2.220446049250312588E-16, 1.000000000000000000 ) ) ;
#2029 = DIRECTION ( 'NONE',  ( 0.1045284632676542619, 0.9945218953682734009, 0.000000000000000000 ) ) ;
#2030 = EDGE_LOOP ( 'NONE', ( #35, #1631 ) ) ;
#2031 = CARTESIAN_POINT ( 'NONE',  ( 0.1354999999999999538, 0.02000000000000006287, -0.1249999999999999306 ) ) ;
#2032 = ORIENTED_EDGE ( 'NONE', *, *, #1679, .T. ) ;
#2033 = AXIS2_PLACEMENT_3D ( 'NONE', #147, #2215, #1196 ) ;
#2034 = EDGE_CURVE ( 'NONE', #587, #1259, #1745, .T. ) ;
#2035 = DIRECTION ( 'NONE',  ( 0.000000000000000000, 1.000000000000000000, 0.000000000000000000 ) ) ;
#2036 = CARTESIAN_POINT ( 'NONE',  ( 0.2915000000000000369, 0.009999999999999995004, 0.1000000000000000611 ) ) ;
#2037 = VERTEX_POINT ( 'NONE', #5 ) ;
#2038 = CARTESIAN_POINT ( 'NONE',  ( 0.2285000000000000364, 3.414809992080329023E-17, -0.04599999999999999922 ) ) ;
#2039 = ORIENTED_EDGE ( 'NONE', *, *, #1767, .T. ) ;
#2040 = CIRCLE ( 'NONE', #1056, 0.04199999999999998873 ) ;
#2041 = VECTOR ( 'NONE', #433, 39.37007874015748143 ) ;
#2042 = EDGE_CURVE ( 'NONE', #383, #391, #1961, .T. ) ;
#2043 = DIRECTION ( 'NONE',  ( -0.9945218953682731788, 0.1045284632676560521, 6.938893903907229918E-18 ) ) ;
#2044 = LINE ( 'NONE', #1188, #839 ) ;
#2045 = AXIS2_PLACEMENT_3D ( 'NONE', #1250, #1568, #2283 ) ;
#2046 = DIRECTION ( 'NONE',  ( 2.008711760047250336E-16, 2.220446049250312588E-16, -1.000000000000000000 ) ) ;
#2047 = VECTOR ( 'NONE', #2015, 39.37007874015748143 ) ;
#2048 = DIRECTION ( 'NONE',  ( 0.9945218953682734009, -0.1045284632676540537, 0.000000000000000000 ) ) ;
#2049 = DIRECTION ( 'NONE',  ( 1.000000000000000000, 0.000000000000000000, 0.000000000000000000 ) ) ;
#2050 = ORIENTED_EDGE ( 'NONE', *, *, #499, .T. ) ;
#2051 = DIRECTION ( 'NONE',  ( 0.7071067811865440200, 0.7071067811865511255, 1.570092458683782809E-16 ) ) ;
#2052 = ORIENTED_EDGE ( 'NONE', *, *, #558, .F. ) ;
#2053 = EDGE_CURVE ( 'NONE', #848, #1823, #1016, .T. ) ;
#2054 = LINE ( 'NONE', #269, #943 ) ;
#2055 = DIRECTION ( 'NONE',  ( 0.000000000000000000, 2.220446049250312588E-16, -1.000000000000000000 ) ) ;
#2056 = TOROIDAL_SURFACE ( 'NONE', #2243, 0.06634003316248800186, 0.02500000000000000139 ) ;
#2057 = DIRECTION ( 'NONE',  ( 0.9945218953682732899, -0.1045284632676542202, 0.000000000000000000 ) ) ;
#2058 = CARTESIAN_POINT ( 'NONE',  ( -0.2033629072083007472, 0.3806617308452343584, 0.1250000000000000555 ) ) ;
#2059 = DIRECTION ( 'NONE',  ( 0.1045284632676542202, 0.9945218953682732899, 0.000000000000000000 ) ) ;
#2060 = EDGE_LOOP ( 'NONE', ( #460, #1386, #2011, #1073 ) ) ;
#2061 = LINE ( 'NONE', #486, #2177 ) ;
#2062 = ORIENTED_EDGE ( 'NONE', *, *, #1176, .T. ) ;
#2063 = ORIENTED_EDGE ( 'NONE', *, *, #342, .T. ) ;
#2064 = AXIS2_PLACEMENT_3D ( 'NONE', #144, #1719, #305 ) ;
#2065 = ADVANCED_FACE ( 'NONE', ( #365 ), #901, .T. ) ;
#2066 = VECTOR ( 'NONE', #962, 39.37007874015748143 ) ;
#2067 = DIRECTION ( 'NONE',  ( 0.000000000000000000, -1.816388293659748819E-16, 1.000000000000000000 ) ) ;
#2068 = CARTESIAN_POINT ( 'NONE',  ( -0.1506421356237307163, 8.537024980200822558E-18, 0.04590000000000005187 ) ) ;
#2069 = ADVANCED_FACE ( 'NONE', ( #1041, #1120 ), #1632, .F. ) ;
#2070 = CARTESIAN_POINT ( 'NONE',  ( -0.1506421356237307163, 0.01000000000000003837, -0.04589999999999998248 ) ) ;
#2071 = ORIENTED_EDGE ( 'NONE', *, *, #809, .T. ) ;
#2072 = LINE ( 'NONE', #497, #191 ) ;
#2073 = ORIENTED_EDGE ( 'NONE', *, *, #443, .F. ) ;
#2074 = ORIENTED_EDGE ( 'NONE', *, *, #1026, .T. ) ;
#2075 = EDGE_CURVE ( 'NONE', #653, #2286, #1782, .T. ) ;
#2076 = AXIS2_PLACEMENT_3D ( 'NONE', #1465, #25, #422 ) ;
#2077 = MECHANICAL_DESIGN_GEOMETRIC_PRESENTATION_REPRESENTATION (  '', ( #1020 ), #1496 ) ;
#2078 = DIRECTION ( 'NONE',  ( 0.1045284632676542480, 0.9945218953682732899, -1.547573871255421173E-33 ) ) ;
#2079 =( CONVERSION_BASED_UNIT ( 'INCH', #876 ) LENGTH_UNIT ( ) NAMED_UNIT ( #464 ) );
#2080 = DIRECTION ( 'NONE',  ( 0.000000000000000000, -1.000000000000000000, -1.110223024625156540E-16 ) ) ;
#2081 = DIRECTION ( 'NONE',  ( -0.7071067811865440200, 0.7071067811865511255, 2.556463088530021569E-16 ) ) ;
#2082 = DIRECTION ( 'NONE',  ( 0.9945218953682730678, -0.1045284632676560382, -6.938893903907228378E-18 ) ) ;
#2083 = ORIENTED_EDGE ( 'NONE', *, *, #1767, .F. ) ;
#2084 = DIRECTION ( 'NONE',  ( 0.1045284632676559550, 0.9945218953682730678, 0.000000000000000000 ) ) ;
#2085 = VECTOR ( 'NONE', #1545, 39.37007874015748143 ) ;
#2086 = ADVANCED_FACE ( 'NONE', ( #774 ), #1087, .T. ) ;
#2087 = ORIENTED_EDGE ( 'NONE', *, *, #129, .F. ) ;
#2088 = ORIENTED_EDGE ( 'NONE', *, *, #374, .F. ) ;
#2089 = LINE ( 'NONE', #512, #2123 ) ;
#2090 = EDGE_CURVE ( 'NONE', #557, #1158, #1257, .T. ) ;
#2091 = CARTESIAN_POINT ( 'NONE',  ( -0.2239637387830286652, 0.08899018884816460584, -0.04599999999999999922 ) ) ;
#2092 = PLANE ( 'NONE',  #405 ) ;
#2093 = LINE ( 'NONE', #550, #1128 ) ;
#2094 = DIRECTION ( 'NONE',  ( 0.000000000000000000, -2.220446049250312588E-16, 1.000000000000000000 ) ) ;
#2095 = VECTOR ( 'NONE', #101, 39.37007874015748854 ) ;
#2096 = CARTESIAN_POINT ( 'NONE',  ( -0.2033629072083007472, 0.3806617308452344139, -0.1249999999999999306 ) ) ;
#2097 = EDGE_LOOP ( 'NONE', ( #1672, #837, #1862, #649 ) ) ;
#2098 = DIRECTION ( 'NONE',  ( 0.7071067811865504593, 0.7071067811865445751, 5.551115123125777772E-17 ) ) ;
#2099 = VERTEX_POINT ( 'NONE', #574 ) ;
#2100 = ORIENTED_EDGE ( 'NONE', *, *, #1515, .T. ) ;
#2101 = CARTESIAN_POINT ( 'NONE',  ( -0.1956752993482153424, 0.05200000000000001843, 0.04600000000000006861 ) ) ;
#2102 =( LENGTH_UNIT ( ) NAMED_UNIT ( * ) SI_UNIT ( $, .METRE. ) );
#2103 = CARTESIAN_POINT ( 'NONE',  ( -0.1435710678118653771, 0.002928932188134619839, -0.04589999999999998248 ) ) ;
#2104 = LINE ( 'NONE', #2281, #1380 ) ;
#2105 = VECTOR ( 'NONE', #1901, 39.37007874015748143 ) ;
#2106 = DIRECTION ( 'NONE',  ( 0.9945218953682731788, -0.1045284632676541925, 0.000000000000000000 ) ) ;
#2107 = DIRECTION ( 'NONE',  ( -1.000000000000000000, 0.000000000000000000, 0.000000000000000000 ) ) ;
#2108 = ORIENTED_EDGE ( 'NONE', *, *, #1003, .T. ) ;
#2109 = PLANE ( 'NONE',  #6 ) ;
#2110 = ORIENTED_EDGE ( 'NONE', *, *, #2145, .F. ) ;
#2111 = EDGE_LOOP ( 'NONE', ( #1624, #1244, #1082, #312 ) ) ;
#2112 = DIRECTION ( 'NONE',  ( 0.000000000000000000, 2.220446049250312588E-16, -1.000000000000000000 ) ) ;
#2113 = AXIS2_PLACEMENT_3D ( 'NONE', #473, #1683, #2067 ) ;
#2114 = CARTESIAN_POINT ( 'NONE',  ( -0.2022730596578578288, 0.3782138931689899009, -0.1249999999999999306 ) ) ;
#2115 = AXIS2_PLACEMENT_3D ( 'NONE', #526, #1392, #1234 ) ;
#2116 = DIRECTION ( 'NONE',  ( 0.000000000000000000, 2.220446049250312834E-16, -1.000000000000000000 ) ) ;
#2117 = LINE ( 'NONE', #1977, #1681 ) ;
#2118 = LINE ( 'NONE', #2096, #2157 ) ;
#2119 = ORIENTED_EDGE ( 'NONE', *, *, #799, .F. ) ;
#2120 = DIRECTION ( 'NONE',  ( 0.000000000000000000, -1.000000000000000000, 0.000000000000000000 ) ) ;
#2121 = CARTESIAN_POINT ( 'NONE',  ( -0.1802473332751952650, 0.3614224199695248996, 2.048885995248197414E-16 ) ) ;
#2122 = ORIENTED_EDGE ( 'NONE', *, *, #212, .T. ) ;
#2123 = VECTOR ( 'NONE', #1906, 39.37007874015748143 ) ;
#2124 = AXIS2_PLACEMENT_3D ( 'NONE', #960, #1667, #1818 ) ;
#2125 = CARTESIAN_POINT ( 'NONE',  ( -0.1941447340705992064, 0.2961776430409063243, 0.05307423749593497692 ) ) ;
#2126 = CARTESIAN_POINT ( 'NONE',  ( -0.2274999999999999523, 0.05534491082456498984, -0.1249999999999999306 ) ) ;
#2127 = CARTESIAN_POINT ( 'NONE',  ( -0.1956752993482153424, 0.01000000000000003837, -0.04599999999999999922 ) ) ;
#2128 = ORIENTED_EDGE ( 'NONE', *, *, #997, .T. ) ;
#2129 = CARTESIAN_POINT ( 'NONE',  ( -0.2374452189536826741, 0.05639019545724145016, 0.1250000000000000555 ) ) ;
#2130 = EDGE_CURVE ( 'NONE', #2241, #2146, #2135, .T. ) ;
#2131 = DIRECTION ( 'NONE',  ( 1.280104479605243548E-17, 3.330669073875468635E-16, -1.000000000000000000 ) ) ;
#2132 = ORIENTED_EDGE ( 'NONE', *, *, #570, .T. ) ;
#2133 = VECTOR ( 'NONE', #718, 39.37007874015748854 ) ;
#2134 = CYLINDRICAL_SURFACE ( 'NONE', #2023, 0.01500000000000000291 ) ;
#2135 = LINE ( 'NONE', #1486, #2266 ) ;
#2136 = CARTESIAN_POINT ( 'NONE',  ( 0.1425710678118655150, 0.002928932188134611599, -0.09999999999999992228 ) ) ;
#2137 = CIRCLE ( 'NONE', #1369, 0.009999999999999995004 ) ;
#2138 = ORIENTED_EDGE ( 'NONE', *, *, #1111, .F. ) ;
#2139 = LINE ( 'NONE', #1833, #2141 ) ;
#2140 = FACE_OUTER_BOUND ( 'NONE', #2182, .T. ) ;
#2141 = VECTOR ( 'NONE', #791, 39.37007874015748143 ) ;
#2142 = ADVANCED_FACE ( 'NONE', ( #377 ), #225, .T. ) ;
#2143 = FACE_OUTER_BOUND ( 'NONE', #1425, .T. ) ;
#2144 = EDGE_LOOP ( 'NONE', ( #239, #568, #1904, #2007 ) ) ;
#2145 = EDGE_CURVE ( 'NONE', #159, #1317, #1563, .T. ) ;
#2146 = VERTEX_POINT ( 'NONE', #1951 ) ;
#2147 = VECTOR ( 'NONE', #1225, 39.37007874015748143 ) ;
#2148 = CARTESIAN_POINT ( 'NONE',  ( -0.1951651617057192645, 0.3629903469185398746, 1.707404996040164512E-16 ) ) ;
#2149 = ADVANCED_FACE ( 'NONE', ( #1132 ), #1442, .T. ) ;
#2150 = ORIENTED_EDGE ( 'NONE', *, *, #2257, .F. ) ;
#2151 = LINE ( 'NONE', #1807, #378 ) ;
#2152 = DIRECTION ( 'NONE',  ( 0.1045284632676537623, 0.9945218953682732899, 0.000000000000000000 ) ) ;
#2153 = CARTESIAN_POINT ( 'NONE',  ( -0.3064999999999999947, 1.707404996040164512E-17, 0.03090000000000007324 ) ) ;
#2154 = EDGE_CURVE ( 'NONE', #1478, #1735, #2040, .T. ) ;
#2155 = ORIENTED_EDGE ( 'NONE', *, *, #1344, .T. ) ;
#2156 = CARTESIAN_POINT ( 'NONE',  ( -0.1942274526318747696, 0.3847290972759923044, -0.1250000000000000555 ) ) ;
#2157 = VECTOR ( 'NONE', #517, 39.37007874015748143 ) ;
#2158 = VECTOR ( 'NONE', #787, 39.37007874015748143 ) ;
#2159 = VERTEX_POINT ( 'NONE', #760 ) ;
#2160 = ADVANCED_FACE ( 'NONE', ( #1292 ), #235, .T. ) ;
#2161 = DIRECTION ( 'NONE',  ( 0.000000000000000000, 2.220446049250311602E-16, -1.000000000000000000 ) ) ;
#2162 = CARTESIAN_POINT ( 'NONE',  ( -0.1364999999999999547, 0.01000000000000003837, -0.04599999999999999922 ) ) ;
#2163 = VERTEX_POINT ( 'NONE', #1829 ) ;
#2164 = DIRECTION ( 'NONE',  ( 0.000000000000000000, -2.220446049250312588E-16, 1.000000000000000000 ) ) ;
#2165 = FACE_OUTER_BOUND ( 'NONE', #2144, .T. ) ;
#2166 = DIRECTION ( 'NONE',  ( -1.000000000000000000, 0.000000000000000000, 0.000000000000000000 ) ) ;
#2167 = ORIENTED_EDGE ( 'NONE', *, *, #2002, .T. ) ;
#2168 = EDGE_CURVE ( 'NONE', #85, #1835, #1655, .T. ) ;
#2169 = CARTESIAN_POINT ( 'NONE',  ( -0.1956752993482153424, 0.05200000000000008782, -0.1864171334248681811 ) ) ;
#2170 = ORIENTED_EDGE ( 'NONE', *, *, #773, .T. ) ;
#2171 = ORIENTED_EDGE ( 'NONE', *, *, #1590, .F. ) ;
#2172 = DIRECTION ( 'NONE',  ( 1.000000000000000000, 0.000000000000000000, 0.000000000000000000 ) ) ;
#2173 = DIRECTION ( 'NONE',  ( 0.000000000000000000, 2.220446049250313081E-16, -1.000000000000000000 ) ) ;
#2174 = EDGE_LOOP ( 'NONE', ( #1953, #1151 ) ) ;
#2175 = CARTESIAN_POINT ( 'NONE',  ( -0.2374452189536826741, 0.05639019545724146404, 0.04600000000000003392 ) ) ;
#2176 = EDGE_CURVE ( 'NONE', #1721, #583, #959, .T. ) ;
#2177 = VECTOR ( 'NONE', #1880, 39.37007874015748143 ) ;
#2178 = DIRECTION ( 'NONE',  ( 0.7071067811865440200, -0.7071067811865511255, -2.775557561562891351E-17 ) ) ;
#2179 = ORIENTED_EDGE ( 'NONE', *, *, #34, .T. ) ;
#2180 = LINE ( 'NONE', #2156, #1630 ) ;
#2181 = AXIS2_PLACEMENT_3D ( 'NONE', #751, #1447, #2152 ) ;
#2182 = EDGE_LOOP ( 'NONE', ( #1653, #1892, #425, #1338, #257, #9, #45, #1924, #1108, #1171 ) ) ;
#2183 = EDGE_LOOP ( 'NONE', ( #28, #759, #2187, #307, #1686, #250 ) ) ;
#2184 = DIRECTION ( 'NONE',  ( 0.9945218953682732899, -0.1045284632676538317, 0.000000000000000000 ) ) ;
#2185 = EDGE_CURVE ( 'NONE', #1735, #1811, #1268, .T. ) ;
#2186 = DIRECTION ( 'NONE',  ( 0.000000000000000000, 2.220446049250312588E-16, -1.000000000000000000 ) ) ;
#2187 = ORIENTED_EDGE ( 'NONE', *, *, #1261, .T. ) ;
#2188 = DIRECTION ( 'NONE',  ( -1.000000000000000000, 0.000000000000000000, 0.000000000000000000 ) ) ;
#2189 = CIRCLE ( 'NONE', #942, 0.01500000000000000291 ) ;
#2190 = FACE_OUTER_BOUND ( 'NONE', #1676, .T. ) ;
#2191 = ORIENTED_EDGE ( 'NONE', *, *, #2053, .T. ) ;
#2192 = AXIS2_PLACEMENT_3D ( 'NONE', #643, #1166, #2208 ) ;
#2193 = CARTESIAN_POINT ( 'NONE',  ( 0.3064999999999999947, 0.01000000000000005572, -0.1000000000000000611 ) ) ;
#2194 = ORIENTED_EDGE ( 'NONE', *, *, #1554, .T. ) ;
#2195 = ORIENTED_EDGE ( 'NONE', *, *, #995, .T. ) ;
#2196 = CIRCLE ( 'NONE', #170, 0.04199999999999998873 ) ;
#2197 = DIRECTION ( 'NONE',  ( 0.9135454576426007556, 0.4067366430758004303, 2.775557561562890735E-17 ) ) ;
#2198 = CARTESIAN_POINT ( 'NONE',  ( -0.1956752993482153424, 0.02000000000000006287, -0.1249999999999999306 ) ) ;
#2199 = ORIENTED_EDGE ( 'NONE', *, *, #1916, .T. ) ;
#2200 = FACE_OUTER_BOUND ( 'NONE', #687, .T. ) ;
#2201 = MANIFOLD_SOLID_BREP ( 'NONE', #1402 ) ;
#2202 = DIRECTION ( 'NONE',  ( 1.000000000000000000, 0.000000000000000000, 0.000000000000000000 ) ) ;
#2203 = ORIENTED_EDGE ( 'NONE', *, *, #1169, .F. ) ;
#2204 = EDGE_CURVE ( 'NONE', #489, #415, #462, .T. ) ;
#2205 = DIRECTION ( 'NONE',  ( -1.088504553360780300E-16, 2.220446049250312588E-16, -1.000000000000000000 ) ) ;
#2206 = AXIS2_PLACEMENT_3D ( 'NONE', #1438, #11, #187 ) ;
#2207 = EDGE_LOOP ( 'NONE', ( #1129, #1682, #872, #234 ) ) ;
#2208 = DIRECTION ( 'NONE',  ( -1.000000000000000000, 0.000000000000000000, 0.000000000000000000 ) ) ;
#2209 = CARTESIAN_POINT ( 'NONE',  ( -0.2189792240986023486, 0.2320824005121130684, 1.365923996832131609E-16 ) ) ;
#2210 = ADVANCED_FACE ( 'NONE', ( #128 ), #117, .F. ) ;
#2211 = EDGE_LOOP ( 'NONE', ( #136, #1777, #496, #873 ) ) ;
#2212 = CARTESIAN_POINT ( 'NONE',  ( -0.2374452189536826741, 0.05639019545724149873, -0.04599999999999999922 ) ) ;
#2213 = CARTESIAN_POINT ( 'NONE',  ( -0.2274999999999999523, 0.05534491082456498984, -0.1249999999999999306 ) ) ;
#2214 = VERTEX_POINT ( 'NONE', #445 ) ;
#2215 = DIRECTION ( 'NONE',  ( 0.000000000000000000, -2.220446049250312588E-16, 1.000000000000000000 ) ) ;
#2216 = EDGE_CURVE ( 'NONE', #343, #2251, #1347, .T. ) ;
#2217 = ORIENTED_EDGE ( 'NONE', *, *, #1567, .F. ) ;
#2218 = AXIS2_PLACEMENT_3D ( 'NONE', #1701, #2048, #1010 ) ;
#2219 = ADVANCED_FACE ( 'NONE', ( #1520 ), #1853, .F. ) ;
#2220 = DIRECTION ( 'NONE',  ( 0.1045284632676538039, 0.9945218953682732899, -1.665334536937734811E-16 ) ) ;
#2221 = PLANE ( 'NONE',  #1576 ) ;
#2222 = CARTESIAN_POINT ( 'NONE',  ( -0.2033629072083007472, 0.3806617308452344139, -0.1249999999999999306 ) ) ;
#2223 = ADVANCED_FACE ( 'NONE', ( #1154 ), #107, .F. ) ;
#2224 = CARTESIAN_POINT ( 'NONE',  ( -0.1506421356237307163, 0.01000000000000003837, -0.04589999999999998248 ) ) ;
#2225 = VERTEX_POINT ( 'NONE', #1005 ) ;
#2226 = DIRECTION ( 'NONE',  ( -0.9945218953682731788, 0.1045284632676560521, 6.938893903907229918E-18 ) ) ;
#2227 = VECTOR ( 'NONE', #1113, 39.37007874015748143 ) ;
#2228 = EDGE_CURVE ( 'NONE', #726, #2286, #2054, .T. ) ;
#2229 = ORIENTED_EDGE ( 'NONE', *, *, #589, .T. ) ;
#2230 =( NAMED_UNIT ( * ) SI_UNIT ( $, .STERADIAN. ) SOLID_ANGLE_UNIT ( ) );
#2231 = ADVANCED_FACE ( 'NONE', ( #1872 ), #1530, .F. ) ;
#2232 = CARTESIAN_POINT ( 'NONE',  ( -0.1941447340705992064, 0.2961776430409064353, -0.05307423749593463691 ) ) ;
#2233 = AXIS2_PLACEMENT_3D ( 'NONE', #716, #2, #875 ) ;
#2234 = CARTESIAN_POINT ( 'NONE',  ( -0.1364999999999999547, 0.01000000000000003837, -0.04599999999999999922 ) ) ;
#2235 = CIRCLE ( 'NONE', #953, 0.06001250000000000334 ) ;
#2236 = DIRECTION ( 'NONE',  ( 0.000000000000000000, -1.000000000000000000, -1.110223024625156294E-16 ) ) ;
#2237 = DIRECTION ( 'NONE',  ( 0.000000000000000000, -2.220446049250312588E-16, 1.000000000000000000 ) ) ;
#2238 = EDGE_LOOP ( 'NONE', ( #510, #948, #1903, #247, #432 ) ) ;
#2239 = DIRECTION ( 'NONE',  ( 0.1045284632676537623, 0.9945218953682732899, -8.326672684688672081E-16 ) ) ;
#2240 = EDGE_CURVE ( 'NONE', #368, #1365, #982, .T. ) ;
#2241 = VERTEX_POINT ( 'NONE', #1498 ) ;
#2242 = ADVANCED_FACE ( 'NONE', ( #797 ), #1144, .F. ) ;
#2243 = AXIS2_PLACEMENT_3D ( 'NONE', #594, #767, #2029 ) ;
#2244 = DIRECTION ( 'NONE',  ( 0.1045284632676545811, 0.9945218953682731788, 0.000000000000000000 ) ) ;
#2245 = DIRECTION ( 'NONE',  ( 1.000000000000000000, 0.000000000000000000, 0.000000000000000000 ) ) ;
#2246 = EDGE_CURVE ( 'NONE', #1317, #576, #1842, .T. ) ;
#2247 = DIRECTION ( 'NONE',  ( 0.000000000000000000, -2.220446049250312588E-16, 1.000000000000000000 ) ) ;
#2248 = ORIENTED_EDGE ( 'NONE', *, *, #698, .T. ) ;
#2249 = EDGE_CURVE ( 'NONE', #1991, #745, #624, .T. ) ;
#2250 = DIRECTION ( 'NONE',  ( 0.9945218953682731788, -0.1045284632676541925, 0.000000000000000000 ) ) ;
#2251 = VERTEX_POINT ( 'NONE', #1677 ) ;
#2252 = ORIENTED_EDGE ( 'NONE', *, *, #171, .F. ) ;
#2253 = CARTESIAN_POINT ( 'NONE',  ( -0.2033629072083007472, 0.3806617308452344139, -0.1249999999999999306 ) ) ;
#2254 = AXIS2_PLACEMENT_3D ( 'NONE', #478, #2226, #650 ) ;
#2255 = SURFACE_SIDE_STYLE ('',( #690 ) ) ;
#2256 = AXIS2_PLACEMENT_3D ( 'NONE', #1479, #605, #1658 ) ;
#2257 = EDGE_CURVE ( 'NONE', #431, #618, #1335, .T. ) ;
#2258 = CYLINDRICAL_SURFACE ( 'NONE', #830, 0.009999999999999995004 ) ;
#2259 = DIRECTION ( 'NONE',  ( 1.394938722255049692E-16, -2.220446049250312588E-16, 1.000000000000000000 ) ) ;
#2260 = CARTESIAN_POINT ( 'NONE',  ( -0.1453299296272456687, 0.2503175290990256596, 6.829619984160658046E-17 ) ) ;
#2261 = ORIENTED_EDGE ( 'NONE', *, *, #752, .T. ) ;
#2262 = LINE ( 'NONE', #1426, #717 ) ;
#2263 = EDGE_CURVE ( 'NONE', #714, #913, #1509, .T. ) ;
#2264 = ORIENTED_EDGE ( 'NONE', *, *, #2145, .T. ) ;
#2265 = ORIENTED_EDGE ( 'NONE', *, *, #941, .T. ) ;
#2266 = VECTOR ( 'NONE', #1476, 39.37007874015748143 ) ;
#2267 = COLOUR_RGB ( '',0.7921568627450980005, 0.8196078431372548767, 0.9333333333333333481 ) ;
#2268 = CARTESIAN_POINT ( 'NONE',  ( 0.3064999999999999947, 4.268512490100411279E-17, -0.08499999999999995060 ) ) ;
#2269 = DIRECTION ( 'NONE',  ( 0.000000000000000000, 1.000000000000000000, 0.000000000000000000 ) ) ;
#2270 = DIRECTION ( 'NONE',  ( 0.000000000000000000, -1.000000000000000000, 0.000000000000000000 ) ) ;
#2271 = AXIS2_PLACEMENT_3D ( 'NONE', #1899, #2049, #1183 ) ;
#2272 = DIRECTION ( 'NONE',  ( 0.9945218953682734009, -0.1045284632676540537, 0.000000000000000000 ) ) ;
#2273 = ORIENTED_EDGE ( 'NONE', *, *, #1990, .F. ) ;
#2274 = LINE ( 'NONE', #699, #78 ) ;
#2275 = AXIS2_PLACEMENT_3D ( 'NONE', #293, #2055, #1007 ) ;
#2276 = ORIENTED_EDGE ( 'NONE', *, *, #1407, .F. ) ;
#2277 = ORIENTED_EDGE ( 'NONE', *, *, #32, .F. ) ;
#2278 = CARTESIAN_POINT ( 'NONE',  ( -0.1364999999999999547, 0.02000000000000000736, 0.04600000000000006861 ) ) ;
#2279 = DIRECTION ( 'NONE',  ( -1.000000000000000000, 0.000000000000000000, 0.000000000000000000 ) ) ;
#2280 = DIRECTION ( 'NONE',  ( -0.000000000000000000, 0.000000000000000000, 1.000000000000000000 ) ) ;
#2281 = CARTESIAN_POINT ( 'NONE',  ( -0.1364999999999999547, 0.01000000000000003837, -0.04599999999999999922 ) ) ;
#2282 = FACE_OUTER_BOUND ( 'NONE', #1153, .T. ) ;
#2283 = DIRECTION ( 'NONE',  ( 0.000000000000000000, 2.220446049250312588E-16, -1.000000000000000000 ) ) ;
#2284 = ORIENTED_EDGE ( 'NONE', *, *, #732, .T. ) ;
#2285 = CARTESIAN_POINT ( 'NONE',  ( -0.1933629072083007938, 0.3806617308452344139, -0.1249999999999999306 ) ) ;
#2286 = VERTEX_POINT ( 'NONE', #2091 ) ;
#2287 = ORIENTED_EDGE ( 'NONE', *, *, #1990, .T. ) ;
ENDSEC;
END-ISO-10303-21;
