ISO-10303-21;
HEADER;
FILE_DESCRIPTION (( 'STEP AP214' ),
    '1' );
FILE_NAME ('User Library-ER14250.STEP',
    '2026-04-01T09:01:45',
    ( '' ),
    ( 'ER14250 1/2AA Li-SOCl2 cell — generic model' ),
    'SwSTEP 2.0',
    'SolidWorks 2022',
    '' );
FILE_SCHEMA (( 'AUTOMOTIVE_DESIGN' ));
ENDSEC;

DATA;
#1 =( GEOMETRIC_REPRESENTATION_CONTEXT ( 3 ) GLOBAL_UNCERTAINTY_ASSIGNED_CONTEXT ( ( #823 ) ) GLOBAL_UNIT_ASSIGNED_CONTEXT ( ( #998, #279, #752 ) ) REPRESENTATION_CONTEXT ( 'NONE', 'WORKASPACE' ) );
#2 =( GEOMETRIC_REPRESENTATION_CONTEXT ( 3 ) GLOBAL_UNCERTAINTY_ASSIGNED_CONTEXT ( ( #1112 ) ) GLOBAL_UNIT_ASSIGNED_CONTEXT ( ( #218, #1126, #233 ) ) REPRESENTATION_CONTEXT ( 'NONE', 'WORKASPACE' ) );
#3 = VERTEX_POINT ( 'NONE', #230 ) ;
#4 = PRODUCT_DEFINITION_FORMATION_WITH_SPECIFIED_SOURCE ( 'ANY', '', #183, .NOT_KNOWN. ) ;
#5 = CARTESIAN_POINT ( 'NONE',  ( -6.250000000000000000, -7.654042494670957606E-16, 0.08284271247461902354 ) ) ;
#6 =( NAMED_UNIT ( * ) PLANE_ANGLE_UNIT ( ) SI_UNIT ( $, .RADIAN. ) );
#7 = EDGE_CURVE ( 'NONE', #320, #1415, #241, .T. ) ;
#8 =( LENGTH_UNIT ( ) NAMED_UNIT ( * ) SI_UNIT ( .MILLI., .METRE. ) );
#9 = DIRECTION ( 'NONE',  ( -1.000000000000000000, 1.224646799147352961E-16, 0.0000000000000000000 ) ) ;
#10 = PRESENTATION_STYLE_ASSIGNMENT (( #376 ) ) ;
#11 = SURFACE_STYLE_USAGE ( .BOTH. , #1483 ) ;
#12 = CYLINDRICAL_SURFACE ( 'NONE', #335, 6.250000000000000000 ) ;
#13 = CARTESIAN_POINT ( 'NONE',  ( 1.600000000000000089, 0.0000000000000000000, 25.39999999999999858 ) ) ;
#14 = FILL_AREA_STYLE_COLOUR ( '', #211 ) ;
#15 = CIRCLE ( 'NONE', #1161, 6.250000000000000000 ) ;
#16 = CARTESIAN_POINT ( 'NONE',  ( -1.600000000000000089, 1.959434878635765230E-16, 25.39999999999999858 ) ) ;
#17 = PRESENTATION_LAYER_ASSIGNMENT (  '', '', ( #1182 ) ) ;
#18 = CARTESIAN_POINT ( 'NONE',  ( 6.250000000000000000, -12.49999999999999822, 0.1999999999999999833 ) ) ;
#19 = APPLICATION_CONTEXT ( 'automotive_design' ) ;
#20 = CIRCLE ( 'NONE', #310, 2.099999999984447641 ) ;
#21 = CARTESIAN_POINT ( 'NONE',  ( 7.250000000000000000, -1.775737858763662015E-15, 23.00000000000000000 ) ) ;
#22 = AXIS2_PLACEMENT_3D ( 'NONE', #840, #1170, #500 ) ;
#23 = CIRCLE ( 'NONE', #495, 7.250000000000000000 ) ;
#24 = ADVANCED_FACE ( 'NONE', ( #1239 ), #1141, .T. ) ;
#25 = CARTESIAN_POINT ( 'NONE',  ( 6.250000000000000000, 1.530808498934191719E-15, 0.08284271247461902354 ) ) ;
#26 = PRODUCT ( 'Fillet003', 'Fillet003', '', ( #1191 ) ) ;
#27 = CARTESIAN_POINT ( 'NONE',  ( 1.600000000000000533, 3.199999999999999734, 25.39999999999999858 ) ) ;
#28 = CARTESIAN_POINT ( 'NONE',  ( 6.250000000000000000, 0.0000000000000000000, 24.00000000000000000 ) ) ;
#29 = CARTESIAN_POINT ( 'NONE',  ( -6.167157287525379061, -12.33431457505075812, 5.583609737426019729E-18 ) ) ;
#30 = DIRECTION ( 'NONE',  ( 1.000000000000000000, 0.0000000000000000000, 0.0000000000000000000 ) ) ;
#31 = ORIENTED_EDGE ( 'NONE', *, *, #151, .F. ) ;
#32 = DIRECTION ( 'NONE',  ( 0.0000000000000000000, 0.0000000000000000000, 1.000000000000000000 ) ) ;
#33 =( NAMED_UNIT ( * ) SI_UNIT ( $, .STERADIAN. ) SOLID_ANGLE_UNIT ( ) );
#34 = CARTESIAN_POINT ( 'NONE',  ( 2.099999999999999645, -4.200000000000000178, 25.19289321881345245 ) ) ;
#35 = CARTESIAN_POINT ( 'NONE',  ( -6.250000000000000000, -7.654042494670957606E-16, 0.1999999999999998723 ) ) ;
#36 = EDGE_CURVE ( 'NONE', #1122, #569, #1099, .T. ) ;
#37 = FILL_AREA_STYLE_COLOUR ( '', #265 ) ;
#38 = CARTESIAN_POINT ( 'NONE',  ( 6.050000000000000711, -12.09999999999999787, 2.710505431213761085E-17 ) ) ;
#39 =( NAMED_UNIT ( * ) PLANE_ANGLE_UNIT ( ) SI_UNIT ( $, .RADIAN. ) );
#40 = PRODUCT_DEFINITION_SHAPE ( 'NONE', 'NONE',  #515 ) ;
#41 = STYLED_ITEM ( 'NONE', ( #46 ), #1064 ) ;
#42 = AXIS2_PLACEMENT_3D ( 'NONE', #143, #700, #941 ) ;
#43 =( LENGTH_UNIT ( ) NAMED_UNIT ( * ) SI_UNIT ( .MILLI., .METRE. ) );
#44 =( GEOMETRIC_REPRESENTATION_CONTEXT ( 3 ) GLOBAL_UNCERTAINTY_ASSIGNED_CONTEXT ( ( #1356 ) ) GLOBAL_UNIT_ASSIGNED_CONTEXT ( ( #1308, #1085, #548 ) ) REPRESENTATION_CONTEXT ( 'NONE', 'WORKASPACE' ) );
#45 = AXIS2_PLACEMENT_3D ( 'NONE', #1362, #1352, #329 ) ;
#46 = PRESENTATION_STYLE_ASSIGNMENT (( #558 ) ) ;
#47 = CARTESIAN_POINT ( 'NONE',  ( 2.100000000000000533, -5.143516556418882928E-16, 25.19289321881344534 ) ) ;
#48 = CARTESIAN_POINT ( 'NONE',  ( -7.249999999999999112, -14.49999999999999822, 0.6142135623730948790 ) ) ;
#49 = ADVANCED_FACE ( 'NONE', ( #1386 ), #492, .T. ) ;
#50 = ORIENTED_EDGE ( 'NONE', *, *, #363, .F. ) ;
#51 = SURFACE_SIDE_STYLE ('',( #80 ) ) ;
#52 = ORIENTED_EDGE ( 'NONE', *, *, #626, .T. ) ;
#53 = DIRECTION ( 'NONE',  ( -0.0000000000000000000, -0.0000000000000000000, -1.000000000000000000 ) ) ;
#54 = SURFACE_STYLE_FILL_AREA ( #256 ) ;
#55 =( LENGTH_UNIT ( ) NAMED_UNIT ( * ) SI_UNIT ( .MILLI., .METRE. ) );
#56 =( NAMED_UNIT ( * ) SI_UNIT ( $, .STERADIAN. ) SOLID_ANGLE_UNIT ( ) );
#57 = CARTESIAN_POINT ( 'NONE',  ( 6.250000000000000000, 0.0000000000000000000, 24.00000000000000000 ) ) ;
#58 = CARTESIAN_POINT ( 'NONE',  ( 6.249999999999997335, 12.50000000000000000, 0.1999999999999998723 ) ) ;
#59 = PRODUCT_DEFINITION ( 'UNKNOWN', '', #701, #299 ) ;
#60 = CARTESIAN_POINT ( 'NONE',  ( 0.0000000000000000000, 0.0000000000000000000, 19.00000000000000000 ) ) ;
#61 = ORIENTED_EDGE ( 'NONE', *, *, #467, .T. ) ;
#62 = CARTESIAN_POINT ( 'NONE',  ( 0.0000000000000000000, 0.0000000000000000000, 19.00000000000000000 ) ) ;
#63 = CARTESIAN_POINT ( 'NONE',  ( 0.0000000000000000000, 0.0000000000000000000, 0.0000000000000000000 ) ) ;
#64 = SURFACE_SIDE_STYLE ('',( #1198 ) ) ;
#65 =( LENGTH_UNIT ( ) NAMED_UNIT ( * ) SI_UNIT ( .MILLI., .METRE. ) );
#66 =( LENGTH_UNIT ( ) NAMED_UNIT ( * ) SI_UNIT ( .MILLI., .METRE. ) );
#67 = MECHANICAL_DESIGN_GEOMETRIC_PRESENTATION_REPRESENTATION (  '', ( #1319 ), #179 ) ;
#68 = CLOSED_SHELL ( 'NONE', ( #831, #380, #1442, #999, #24, #1045 ) ) ;
#69 = ORIENTED_EDGE ( 'NONE', *, *, #454, .F. ) ;
#70 = SURFACE_STYLE_USAGE ( .BOTH. , #669 ) ;
#71 =( NAMED_UNIT ( * ) SI_UNIT ( $, .STERADIAN. ) SOLID_ANGLE_UNIT ( ) );
#72 =( GEOMETRIC_REPRESENTATION_CONTEXT ( 3 ) GLOBAL_UNCERTAINTY_ASSIGNED_CONTEXT ( ( #79 ) ) GLOBAL_UNIT_ASSIGNED_CONTEXT ( ( #1040, #361, #816 ) ) REPRESENTATION_CONTEXT ( 'NONE', 'WORKASPACE' ) );
#73 = CARTESIAN_POINT ( 'NONE',  ( -6.835786437626904188, 13.67157287525380838, 24.00000000000000000 ) ) ;
#74 = CARTESIAN_POINT ( 'NONE',  ( 0.0000000000000000000, 0.0000000000000000000, 0.0000000000000000000 ) ) ;
#75 = SURFACE_STYLE_FILL_AREA ( #173 ) ;
#76 = SURFACE_STYLE_USAGE ( .BOTH. , #418 ) ;
#77 = SURFACE_STYLE_FILL_AREA ( #1027 ) ;
#78 = EDGE_LOOP ( 'NONE', ( #738, #1453 ) ) ;
#79 = UNCERTAINTY_MEASURE_WITH_UNIT (LENGTH_MEASURE( 1.000000000000000082E-05 ), #1040, 'distance_accuracy_value', 'NONE');
#80 = SURFACE_STYLE_FILL_AREA ( #656 ) ;
#81 =( NAMED_UNIT ( * ) PLANE_ANGLE_UNIT ( ) SI_UNIT ( $, .RADIAN. ) );
#82 = PRODUCT_DEFINITION ( 'UNKNOWN', '', #343, #561 ) ;
#83 = CARTESIAN_POINT ( 'NONE',  ( -2.099999999999999645, 4.199999999999999289, 24.90000000000000213 ) ) ;
#84 = FILL_AREA_STYLE_COLOUR ( '', #977 ) ;
#85 = CARTESIAN_POINT ( 'NONE',  ( -6.250000000000000000, -7.654042494670957606E-16, 1.199999999999999956 ) ) ;
#86 = FILL_AREA_STYLE ('',( #1188 ) ) ;
#87 = EDGE_CURVE ( 'NONE', #100, #1415, #556, .T. ) ;
#88 = LINE ( 'NONE', #1333, #713 ) ;
#89 = UNCERTAINTY_MEASURE_WITH_UNIT (LENGTH_MEASURE( 1.000000000000000082E-05 ), #611, 'distance_accuracy_value', 'NONE');
#90 = DIRECTION ( 'NONE',  ( -0.0000000000000000000, -0.0000000000000000000, -1.000000000000000000 ) ) ;
#91 = AXIS2_PLACEMENT_3D ( 'NONE', #356, #826, #598 ) ;
#92 = AXIS2_PLACEMENT_3D ( 'NONE', #1057, #710, #933 ) ;
#93 = MECHANICAL_DESIGN_GEOMETRIC_PRESENTATION_REPRESENTATION (  '', ( #1069 ), #1236 ) ;
#94 = SURFACE_STYLE_USAGE ( .BOTH. , #1007 ) ;
#95 = CARTESIAN_POINT ( 'NONE',  ( -6.250000000000000000, 7.654042494670957606E-16, 1.000000000000000000 ) ) ;
#96 = CARTESIAN_POINT ( 'NONE',  ( 0.0000000000000000000, 0.0000000000000000000, 0.0000000000000000000 ) ) ;
#97 = EDGE_CURVE ( 'NONE', #583, #3, #1348, .T. ) ;
#98 = VERTEX_POINT ( 'NONE', #1092 ) ;
#99 = SURFACE_STYLE_FILL_AREA ( #197 ) ;
#100 = VERTEX_POINT ( 'NONE', #753 ) ;
#101 = FILL_AREA_STYLE_COLOUR ( '', #1179 ) ;
#102 = CARTESIAN_POINT ( 'NONE',  ( 6.250000000000000000, 0.0000000000000000000, 0.1999999999999999278 ) ) ;
#103 = VERTEX_POINT ( 'NONE', #170 ) ;
#104 = UNCERTAINTY_MEASURE_WITH_UNIT (LENGTH_MEASURE( 1.000000000000000082E-05 ), #8, 'distance_accuracy_value', 'NONE');
#105 =( NAMED_UNIT ( * ) PLANE_ANGLE_UNIT ( ) SI_UNIT ( $, .RADIAN. ) );
#106 = EDGE_LOOP ( 'NONE', ( #362, #457, #571, #1479 ) ) ;
#107 = CARTESIAN_POINT ( 'NONE',  ( 6.049999999999999822, 1.481822626968297304E-15, 2.710505431213761085E-17 ) ) ;
#108 =( BOUNDED_SURFACE ( )  B_SPLINE_SURFACE ( 3, 3, ( 
 ( #711, #834, #1162, #619 ),
 ( #479, #929, #484, #1371 ),
 ( #359, #821, #1265, #1050 ),
 ( #702, #942, #1382, #21 ) ),
 .UNSPECIFIED., .F., .F., .T. ) 
 B_SPLINE_SURFACE_WITH_KNOTS ( ( 4, 4 ),
 ( 4, 4 ),
 ( 0.0000000000000000000, 1.000000000000000000 ),
 ( 0.0000000000000000000, 1.000000000000000000 ),
 .UNSPECIFIED. ) 
 GEOMETRIC_REPRESENTATION_ITEM ( )  RATIONAL_B_SPLINE_SURFACE ( (
 ( 1.000000000000000000, 0.3333333333333334259, 0.3333333333333334259, 1.000000000000000000),
 ( 0.8047378541243649375, 0.2682459513747884050, 0.2682459513747884050, 0.8047378541243649375),
 ( 0.8047378541243649375, 0.2682459513747884050, 0.2682459513747884050, 0.8047378541243649375),
 ( 1.000000000000000000, 0.3333333333333334259, 0.3333333333333334259, 1.000000000000000000) ) ) 
 REPRESENTATION_ITEM ( '' )  SURFACE ( )  );
#109 =( NAMED_UNIT ( * ) SI_UNIT ( $, .STERADIAN. ) SOLID_ANGLE_UNIT ( ) );
#110 = CARTESIAN_POINT ( 'NONE',  ( 7.250000000000000000, 1.775737858763662015E-15, 1.199999999999999956 ) ) ;
#111 = CARTESIAN_POINT ( 'NONE',  ( -2.100000000000000089, 2.571758278209441957E-16, 24.89999999999999858 ) ) ;
#112 = FILL_AREA_STYLE_COLOUR ( '', #936 ) ;
#113 =( NAMED_UNIT ( * ) SI_UNIT ( $, .STERADIAN. ) SOLID_ANGLE_UNIT ( ) );
#114 = FILL_AREA_STYLE_COLOUR ( '', #767 ) ;
#115 = ORIENTED_EDGE ( 'NONE', *, *, #1472, .F. ) ;
#116 =( GEOMETRIC_REPRESENTATION_CONTEXT ( 3 ) GLOBAL_UNCERTAINTY_ASSIGNED_CONTEXT ( ( #1336 ) ) GLOBAL_UNIT_ASSIGNED_CONTEXT ( ( #232, #1137, #925 ) ) REPRESENTATION_CONTEXT ( 'NONE', 'WORKASPACE' ) );
#117 = EDGE_CURVE ( 'NONE', #3, #404, #1290, .T. ) ;
#118 =( GEOMETRIC_REPRESENTATION_CONTEXT ( 3 ) GLOBAL_UNCERTAINTY_ASSIGNED_CONTEXT ( ( #1096 ) ) GLOBAL_UNIT_ASSIGNED_CONTEXT ( ( #1273, #705, #139 ) ) REPRESENTATION_CONTEXT ( 'NONE', 'WORKASPACE' ) );
#119 = APPLICATION_CONTEXT ( 'automotive_design' ) ;
#120 =( LENGTH_UNIT ( ) NAMED_UNIT ( * ) SI_UNIT ( .MILLI., .METRE. ) );
#121 = COLOUR_RGB ( '',0.8000000000000000444, 0.8000000000000000444, 0.8000000000000000444 ) ;
#122 = FILL_AREA_STYLE_COLOUR ( '', #308 ) ;
#123 = MECHANICAL_DESIGN_GEOMETRIC_PRESENTATION_REPRESENTATION (  '', ( #1384 ), #190 ) ;
#124 =( GEOMETRIC_REPRESENTATION_CONTEXT ( 3 ) GLOBAL_UNCERTAINTY_ASSIGNED_CONTEXT ( ( #89 ) ) GLOBAL_UNIT_ASSIGNED_CONTEXT ( ( #611, #957, #733 ) ) REPRESENTATION_CONTEXT ( 'NONE', 'WORKASPACE' ) );
#125 = VERTEX_POINT ( 'NONE', #618 ) ;
#126 = CARTESIAN_POINT ( 'NONE',  ( 0.0000000000000000000, 0.0000000000000000000, 0.0000000000000000000 ) ) ;
#127 = DIRECTION ( 'NONE',  ( -0.0000000000000000000, -0.0000000000000000000, -1.000000000000000000 ) ) ;
#128 =( NAMED_UNIT ( * ) PLANE_ANGLE_UNIT ( ) SI_UNIT ( $, .RADIAN. ) );
#129 = DIRECTION ( 'NONE',  ( 0.0000000000000000000, 0.0000000000000000000, 1.000000000000000000 ) ) ;
#130 = CARTESIAN_POINT ( 'NONE',  ( -6.167157287525382614, 12.33431457505075812, 5.583609737426019729E-18 ) ) ;
#131 = EDGE_CURVE ( 'NONE', #1358, #583, #887, .T. ) ;
#132 = ADVANCED_BREP_SHAPE_REPRESENTATION ( '', ( #263, #610 ), #632 ) ;
#133 = UNCERTAINTY_MEASURE_WITH_UNIT (LENGTH_MEASURE( 1.000000000000000082E-05 ), #720, 'distance_accuracy_value', 'NONE');
#134 = FILL_AREA_STYLE_COLOUR ( '', #167 ) ;
#135 = CARTESIAN_POINT ( 'NONE',  ( 6.167157287525379061, 1.510517886401246059E-15, 5.583609737426018188E-18 ) ) ;
#136 = MECHANICAL_DESIGN_GEOMETRIC_PRESENTATION_REPRESENTATION (  '', ( #862 ), #606 ) ;
#137 = FILL_AREA_STYLE_COLOUR ( '', #1217 ) ;
#138 = STYLED_ITEM ( 'NONE', ( #225 ), #614 ) ;
#139 =( NAMED_UNIT ( * ) SI_UNIT ( $, .STERADIAN. ) SOLID_ANGLE_UNIT ( ) );
#140 = AXIS2_PLACEMENT_3D ( 'NONE', #786, #449, #194 ) ;
#141 = SURFACE_STYLE_USAGE ( .BOTH. , #627 ) ;
#142 = COLOUR_RGB ( '',0.2196078431372548989, 0.4313725490196078649, 1.000000000000000000 ) ;
#143 = CARTESIAN_POINT ( 'NONE',  ( 6.250000000000000000, 0.0000000000000000000, 1.199999999999999956 ) ) ;
#144 = SURFACE_SIDE_STYLE ('',( #375 ) ) ;
#145 = CIRCLE ( 'NONE', #1128, 6.250000000000000000 ) ;
#146 =( LENGTH_UNIT ( ) NAMED_UNIT ( * ) SI_UNIT ( .MILLI., .METRE. ) );
#147 = PRESENTATION_STYLE_ASSIGNMENT (( #1166 ) ) ;
#148 = CARTESIAN_POINT ( 'NONE',  ( 0.0000000000000000000, 0.0000000000000000000, 23.99999999999380407 ) ) ;
#149 =( LENGTH_UNIT ( ) NAMED_UNIT ( * ) SI_UNIT ( .MILLI., .METRE. ) );
#150 = PRODUCT ( 'Fillet', 'Fillet', '', ( #813 ) ) ;
#151 = EDGE_CURVE ( 'NONE', #1470, #1127, #796, .T. ) ;
#152 = FILL_AREA_STYLE_COLOUR ( '', #1396 ) ;
#153 = SURFACE_STYLE_FILL_AREA ( #715 ) ;
#154 = CARTESIAN_POINT ( 'NONE',  ( -2.099999999984447641, 0.0000000000000000000, 24.50000000000304112 ) ) ;
#155 = CARTESIAN_POINT ( 'NONE',  ( -6.049999999999999822, -7.409113134841486521E-16, 2.710505431213761085E-17 ) ) ;
#156 = CARTESIAN_POINT ( 'NONE',  ( 1.600000000000000533, -3.199999999999999734, 25.39999999999999858 ) ) ;
#157 = CARTESIAN_POINT ( 'NONE',  ( 6.835786437626905965, 13.67157287525380838, 24.00000000000000000 ) ) ;
#158 = CARTESIAN_POINT ( 'NONE',  ( -6.249999999999997335, -12.49999999999999467, 0.08284271247461902354 ) ) ;
#159 = SURFACE_STYLE_USAGE ( .BOTH. , #1102 ) ;
#160 = VECTOR ( 'NONE', #1327, 1000.000000000000000 ) ;
#161 = PRESENTATION_LAYER_ASSIGNMENT (  '', '', ( #182 ) ) ;
#162 = PRESENTATION_LAYER_ASSIGNMENT (  '', '', ( #593 ) ) ;
#163 = AXIS2_PLACEMENT_3D ( 'NONE', #1305, #967, #171 ) ;
#164 = FILL_AREA_STYLE_COLOUR ( '', #1151 ) ;
#165 = ORIENTED_EDGE ( 'NONE', *, *, #1144, .T. ) ;
#166 =( BOUNDED_SURFACE ( )  B_SPLINE_SURFACE ( 3, 3, ( 
 ( #28, #1295, #504, #949 ),
 ( #385, #157, #73, #560 ),
 ( #423, #1460, #1235, #565 ),
 ( #1229, #680, #1131, #1324 ) ),
 .UNSPECIFIED., .F., .F., .T. ) 
 B_SPLINE_SURFACE_WITH_KNOTS ( ( 4, 4 ),
 ( 4, 4 ),
 ( 0.0000000000000000000, 1.000000000000000000 ),
 ( 0.0000000000000000000, 1.000000000000000000 ),
 .UNSPECIFIED. ) 
 GEOMETRIC_REPRESENTATION_ITEM ( )  RATIONAL_B_SPLINE_SURFACE ( (
 ( 1.000000000000000000, 0.3333333333333334259, 0.3333333333333334259, 1.000000000000000000),
 ( 0.8047378541243649375, 0.2682459513747884050, 0.2682459513747884050, 0.8047378541243649375),
 ( 0.8047378541243649375, 0.2682459513747884050, 0.2682459513747884050, 0.8047378541243649375),
 ( 1.000000000000000000, 0.3333333333333334259, 0.3333333333333334259, 1.000000000000000000) ) ) 
 REPRESENTATION_ITEM ( '' )  SURFACE ( )  );
#167 = COLOUR_RGB ( '',0.8000000000000000444, 0.8000000000000000444, 0.8000000000000000444 ) ;
#168 = CARTESIAN_POINT ( 'NONE',  ( -6.250000000000002665, -12.50000000000000000, 24.00000000000000355 ) ) ;
#169 = MECHANICAL_DESIGN_GEOMETRIC_PRESENTATION_REPRESENTATION (  '', ( #526 ), #1167 ) ;
#170 = CARTESIAN_POINT ( 'NONE',  ( -6.250000000000000000, 0.0000000000000000000, 0.1999999999999999278 ) ) ;
#171 = DIRECTION ( 'NONE',  ( 1.000000000000000000, 0.0000000000000000000, 0.0000000000000000000 ) ) ;
#172 =( LENGTH_UNIT ( ) NAMED_UNIT ( * ) SI_UNIT ( .MILLI., .METRE. ) );
#173 = FILL_AREA_STYLE ('',( #177 ) ) ;
#174 = CARTESIAN_POINT ( 'NONE',  ( -6.835786437626905077, -8.371423980494679421E-16, 0.1999999999999997335 ) ) ;
#175 = EDGE_CURVE ( 'NONE', #318, #404, #1379, .T. ) ;
#176 = UNCERTAINTY_MEASURE_WITH_UNIT (LENGTH_MEASURE( 1.000000000000000082E-05 ), #66, 'distance_accuracy_value', 'NONE');
#177 = FILL_AREA_STYLE_COLOUR ( '', #866 ) ;
#178 = AXIS2_PLACEMENT_3D ( 'NONE', #62, #1293, #1088 ) ;
#179 =( GEOMETRIC_REPRESENTATION_CONTEXT ( 3 ) GLOBAL_UNCERTAINTY_ASSIGNED_CONTEXT ( ( #905 ) ) GLOBAL_UNIT_ASSIGNED_CONTEXT ( ( #252, #481, #493 ) ) REPRESENTATION_CONTEXT ( 'NONE', 'WORKASPACE' ) );
#180 = VERTEX_POINT ( 'NONE', #57 ) ;
#181 = COLOUR_RGB ( '',0.2196078431372548989, 0.4313725490196078649, 1.000000000000000000 ) ;
#182 = STYLED_ITEM ( 'NONE', ( #1443 ), #263 ) ;
#183 = PRODUCT ( 'Cono', 'Cono', '', ( #207 ) ) ;
#184 = FILL_AREA_STYLE_COLOUR ( '', #494 ) ;
#185 =( GEOMETRIC_REPRESENTATION_CONTEXT ( 3 ) GLOBAL_UNCERTAINTY_ASSIGNED_CONTEXT ( ( #301 ) ) GLOBAL_UNIT_ASSIGNED_CONTEXT ( ( #65, #554, #1171 ) ) REPRESENTATION_CONTEXT ( 'NONE', 'WORKASPACE' ) );
#186 =( LENGTH_UNIT ( ) NAMED_UNIT ( * ) SI_UNIT ( .MILLI., .METRE. ) );
#187 = DIRECTION ( 'NONE',  ( 1.000000000000000000, 0.0000000000000000000, 0.0000000000000000000 ) ) ;
#188 = MECHANICAL_DESIGN_GEOMETRIC_PRESENTATION_REPRESENTATION (  '', ( #518 ), #915 ) ;
#189 = CARTESIAN_POINT ( 'NONE',  ( 2.100000000000000089, 0.0000000000000000000, 24.89999999999999858 ) ) ;
#190 =( GEOMETRIC_REPRESENTATION_CONTEXT ( 3 ) GLOBAL_UNCERTAINTY_ASSIGNED_CONTEXT ( ( #1320 ) ) GLOBAL_UNIT_ASSIGNED_CONTEXT ( ( #120, #243, #808 ) ) REPRESENTATION_CONTEXT ( 'NONE', 'WORKASPACE' ) );
#191 = MECHANICAL_DESIGN_GEOMETRIC_PRESENTATION_REPRESENTATION (  '', ( #721 ), #525 ) ;
#192 = DIRECTION ( 'NONE',  ( 0.0000000000000000000, 0.0000000000000000000, 1.000000000000000000 ) ) ;
#193 = CARTESIAN_POINT ( 'NONE',  ( 6.250000000000000000, 1.530808498934191521E-15, 0.1999999999999998723 ) ) ;
#194 = DIRECTION ( 'NONE',  ( 1.000000000000000000, 0.0000000000000000000, 0.0000000000000000000 ) ) ;
#195 = ORIENTED_EDGE ( 'NONE', *, *, #893, .F. ) ;
#196 = UNCERTAINTY_MEASURE_WITH_UNIT (LENGTH_MEASURE( 1.000000000000000082E-05 ), #563, 'distance_accuracy_value', 'NONE');
#197 = FILL_AREA_STYLE ('',( #114 ) ) ;
#198 = CARTESIAN_POINT ( 'NONE',  ( -6.250000000000000000, -12.50000000000000000, 0.1999999999999999001 ) ) ;
#199 = CONTEXT_DEPENDENT_SHAPE_REPRESENTATION ( #465, #1209 ) ;
#200 = CARTESIAN_POINT ( 'NONE',  ( -1.892893218813452405, 3.785786437626904810, 25.39999999999999858 ) ) ;
#201 = FACE_OUTER_BOUND ( 'NONE', #106, .T. ) ;
#202 =( NAMED_UNIT ( * ) PLANE_ANGLE_UNIT ( ) SI_UNIT ( $, .RADIAN. ) );
#203 =( NAMED_UNIT ( * ) SI_UNIT ( $, .STERADIAN. ) SOLID_ANGLE_UNIT ( ) );
#204 = ORIENTED_EDGE ( 'NONE', *, *, #1345, .T. ) ;
#205 = SURFACE_STYLE_USAGE ( .BOTH. , #589 ) ;
#206 = CARTESIAN_POINT ( 'NONE',  ( 6.250000000000000000, -12.50000000000000000, 0.1999999999999999001 ) ) ;
#207 = PRODUCT_CONTEXT ( 'NONE', #1048, 'mechanical' ) ;
#208 = EDGE_CURVE ( 'NONE', #1145, #320, #1457, .T. ) ;
#209 =( NAMED_UNIT ( * ) PLANE_ANGLE_UNIT ( ) SI_UNIT ( $, .RADIAN. ) );
#210 = ORIENTED_EDGE ( 'NONE', *, *, #431, .F. ) ;
#211 = COLOUR_RGB ( '',0.2000000000000000111, 1.000000000000000000, 0.4705882352941176405 ) ;
#212 = PRESENTATION_STYLE_ASSIGNMENT (( #1232 ) ) ;
#213 = ORIENTED_EDGE ( 'NONE', *, *, #536, .T. ) ;
#214 = STYLED_ITEM ( 'NONE', ( #729 ), #792 ) ;
#215 = ITEM_DEFINED_TRANSFORMATION ( 'NONE', 'NONE', #1268,  #610 ) ;
#216 = PRESENTATION_LAYER_ASSIGNMENT (  '', '', ( #1069 ) ) ;
#217 = STYLED_ITEM ( 'NONE', ( #1190 ), #1256 ) ;
#218 =( LENGTH_UNIT ( ) NAMED_UNIT ( * ) SI_UNIT ( .MILLI., .METRE. ) );
#219 = PRESENTATION_LAYER_ASSIGNMENT (  '', '', ( #717 ) ) ;
#220 = CARTESIAN_POINT ( 'NONE',  ( -6.049999999999999822, 0.0000000000000000000, 1.355252715606880543E-17 ) ) ;
#221 = FILL_AREA_STYLE_COLOUR ( '', #367 ) ;
#222 = AXIS2_PLACEMENT_3D ( 'NONE', #126, #1132, #1294 ) ;
#223 = CYLINDRICAL_SURFACE ( 'NONE', #22, 6.250000000000000000 ) ;
#224 = EDGE_LOOP ( 'NONE', ( #679, #61, #165, #1424 ) ) ;
#225 = PRESENTATION_STYLE_ASSIGNMENT (( #476 ) ) ;
#226 = APPLICATION_CONTEXT ( 'automotive_design' ) ;
#227 = CARTESIAN_POINT ( 'NONE',  ( 2.100000000000000089, 0.0000000000000000000, 24.89999999999999858 ) ) ;
#228 = FILL_AREA_STYLE ('',( #1252 ) ) ;
#229 = FILL_AREA_STYLE_COLOUR ( '', #961 ) ;
#230 = CARTESIAN_POINT ( 'NONE',  ( 6.250000000000000000, 0.0000000000000000000, 0.2000000000000000111 ) ) ;
#231 = ITEM_DEFINED_TRANSFORMATION ( 'NONE', 'NONE', #316,  #610 ) ;
#232 =( LENGTH_UNIT ( ) NAMED_UNIT ( * ) SI_UNIT ( .MILLI., .METRE. ) );
#233 =( NAMED_UNIT ( * ) SI_UNIT ( $, .STERADIAN. ) SOLID_ANGLE_UNIT ( ) );
#234 = SURFACE_STYLE_USAGE ( .BOTH. , #1139 ) ;
#235 = DIRECTION ( 'NONE',  ( 1.000000000000000000, 0.0000000000000000000, 0.0000000000000000000 ) ) ;
#236 =( NAMED_UNIT ( * ) SI_UNIT ( $, .STERADIAN. ) SOLID_ANGLE_UNIT ( ) );
#237 = ORIENTED_EDGE ( 'NONE', *, *, #1472, .T. ) ;
#238 = CIRCLE ( 'NONE', #1203, 0.5000000000000002220 ) ;
#239 =( GEOMETRIC_REPRESENTATION_CONTEXT ( 3 ) GLOBAL_UNCERTAINTY_ASSIGNED_CONTEXT ( ( #176 ) ) GLOBAL_UNIT_ASSIGNED_CONTEXT ( ( #66, #39, #1215 ) ) REPRESENTATION_CONTEXT ( 'NONE', 'WORKASPACE' ) );
#240 = MECHANICAL_DESIGN_GEOMETRIC_PRESENTATION_REPRESENTATION (  '', ( #1010 ), #118 ) ;
#241 = CIRCLE ( 'NONE', #652, 2.100000000000000089 ) ;
#242 = PLANE ( 'NONE',  #677 ) ;
#243 =( NAMED_UNIT ( * ) PLANE_ANGLE_UNIT ( ) SI_UNIT ( $, .RADIAN. ) );
#244 = PRESENTATION_LAYER_ASSIGNMENT (  '', '', ( #892 ) ) ;
#245 = COLOUR_RGB ( '',0.7921568627450980005, 0.8196078431372548767, 0.9333333333333333481 ) ;
#246 =( GEOMETRIC_REPRESENTATION_CONTEXT ( 3 ) GLOBAL_UNCERTAINTY_ASSIGNED_CONTEXT ( ( #889 ) ) GLOBAL_UNIT_ASSIGNED_CONTEXT ( ( #313, #413, #1220 ) ) REPRESENTATION_CONTEXT ( 'NONE', 'WORKASPACE' ) );
#247 =( NAMED_UNIT ( * ) SI_UNIT ( $, .STERADIAN. ) SOLID_ANGLE_UNIT ( ) );
#248 = CARTESIAN_POINT ( 'NONE',  ( 6.049999999999997158, 12.09999999999999964, 2.710505431213761085E-17 ) ) ;
#249 = SURFACE_STYLE_FILL_AREA ( #845 ) ;
#250 = CARTESIAN_POINT ( 'NONE',  ( -7.250000000000000000, 8.878689293818310074E-16, 19.00000000000000000 ) ) ;
#251 = FILL_AREA_STYLE ('',( #134 ) ) ;
#252 =( LENGTH_UNIT ( ) NAMED_UNIT ( * ) SI_UNIT ( .MILLI., .METRE. ) );
#253 =( NAMED_UNIT ( * ) PLANE_ANGLE_UNIT ( ) SI_UNIT ( $, .RADIAN. ) );
#254 = CARTESIAN_POINT ( 'NONE',  ( 6.049999999999999822, -12.09999999999999609, 2.710505431213761085E-17 ) ) ;
#255 = VECTOR ( 'NONE', #867, 1000.000000000000000 ) ;
#256 = FILL_AREA_STYLE ('',( #137 ) ) ;
#257 = SURFACE_STYLE_FILL_AREA ( #838 ) ;
#258 = STYLED_ITEM ( 'NONE', ( #1024 ), #380 ) ;
#259 = PRESENTATION_LAYER_ASSIGNMENT (  '', '', ( #435 ) ) ;
#260 = PRESENTATION_STYLE_ASSIGNMENT (( #788 ) ) ;
#261 = SURFACE_STYLE_USAGE ( .BOTH. , #268 ) ;
#262 = PRESENTATION_LAYER_ASSIGNMENT (  '', '', ( #572 ) ) ;
#263 = MANIFOLD_SOLID_BREP ( 'Imported1', #1257 ) ;
#264 = CYLINDRICAL_SURFACE ( 'NONE', #550, 2.100000000000000089 ) ;
#265 = COLOUR_RGB ( '',0.8000000000000000444, 0.8000000000000000444, 0.8000000000000000444 ) ;
#266 =( NAMED_UNIT ( * ) PLANE_ANGLE_UNIT ( ) SI_UNIT ( $, .RADIAN. ) );
#267 =( LENGTH_UNIT ( ) NAMED_UNIT ( * ) SI_UNIT ( .MILLI., .METRE. ) );
#268 = SURFACE_SIDE_STYLE ('',( #1159 ) ) ;
#269 = DIRECTION ( 'NONE',  ( 0.0000000000000000000, 0.0000000000000000000, 1.000000000000000000 ) ) ;
#270 =( REPRESENTATION_RELATIONSHIP ('NONE','NONE', #637, #726 ) REPRESENTATION_RELATIONSHIP_WITH_TRANSFORMATION ( #355 )SHAPE_REPRESENTATION_RELATIONSHIP( ) );
#271 =( NAMED_UNIT ( * ) SI_UNIT ( $, .STERADIAN. ) SOLID_ANGLE_UNIT ( ) );
#272 =( NAMED_UNIT ( * ) PLANE_ANGLE_UNIT ( ) SI_UNIT ( $, .RADIAN. ) );
#273 = CARTESIAN_POINT ( 'NONE',  ( 6.167157287525379061, 0.0000000000000000000, 5.583609737426018188E-18 ) ) ;
#274 = CARTESIAN_POINT ( 'NONE',  ( -6.049999999999999822, 0.0000000000000000000, 1.355252715606880543E-17 ) ) ;
#275 = CARTESIAN_POINT ( 'NONE',  ( -6.250000000000000000, 12.50000000000000000, 24.00000000000000355 ) ) ;
#276 = ORIENTED_EDGE ( 'NONE', *, *, #638, .T. ) ;
#277 =( NAMED_UNIT ( * ) PLANE_ANGLE_UNIT ( ) SI_UNIT ( $, .RADIAN. ) );
#278 = CARTESIAN_POINT ( 'NONE',  ( -2.100000000000000089, -4.200000000000000178, 25.19289321881345245 ) ) ;
#279 =( NAMED_UNIT ( * ) PLANE_ANGLE_UNIT ( ) SI_UNIT ( $, .RADIAN. ) );
#280 =( GEOMETRIC_REPRESENTATION_CONTEXT ( 3 ) GLOBAL_UNCERTAINTY_ASSIGNED_CONTEXT ( ( #1254 ) ) GLOBAL_UNIT_ASSIGNED_CONTEXT ( ( #1438, #81, #764 ) ) REPRESENTATION_CONTEXT ( 'NONE', 'WORKASPACE' ) );
#281 = COLOUR_RGB ( '',0.8000000000000000444, 0.8000000000000000444, 0.8000000000000000444 ) ;
#282 = PRESENTATION_LAYER_ASSIGNMENT (  '', '', ( #543 ) ) ;
#283 = CARTESIAN_POINT ( 'NONE',  ( 6.250000000000000000, 0.0000000000000000000, 24.00000000000000000 ) ) ;
#284 = ORIENTED_EDGE ( 'NONE', *, *, #1408, .T. ) ;
#285 =( GEOMETRIC_REPRESENTATION_CONTEXT ( 3 ) GLOBAL_UNCERTAINTY_ASSIGNED_CONTEXT ( ( #1373 ) ) GLOBAL_UNIT_ASSIGNED_CONTEXT ( ( #402, #985, #56 ) ) REPRESENTATION_CONTEXT ( 'NONE', 'WORKASPACE' ) );
#286 = ORIENTED_EDGE ( 'NONE', *, *, #292, .T. ) ;
#287 = SURFACE_STYLE_FILL_AREA ( #971 ) ;
#288 = STYLED_ITEM ( 'NONE', ( #649 ), #132 ) ;
#289 = DIRECTION ( 'NONE',  ( 0.0000000000000000000, 0.0000000000000000000, 1.000000000000000000 ) ) ;
#290 = CARTESIAN_POINT ( 'NONE',  ( -6.250000000000000000, 7.654042494670957606E-16, 0.0000000000000000000 ) ) ;
#291 = SURFACE_SIDE_STYLE ('',( #751 ) ) ;
#292 = EDGE_CURVE ( 'NONE', #1122, #103, #835, .T. ) ;
#293 = SURFACE_STYLE_USAGE ( .BOTH. , #1213 ) ;
#294 = DIRECTION ( 'NONE',  ( -0.0000000000000000000, -0.0000000000000000000, -1.000000000000000000 ) ) ;
#295 = CARTESIAN_POINT ( 'NONE',  ( 7.250000000000000888, 1.775737858763662015E-15, 0.6142135623730948790 ) ) ;
#296 = PRESENTATION_STYLE_ASSIGNMENT (( #630 ) ) ;
#297 = CARTESIAN_POINT ( 'NONE',  ( 1.600000000000000089, -3.918869757271530460E-16, 25.39999999999999858 ) ) ;
#298 = CARTESIAN_POINT ( 'NONE',  ( -6.049999999999998046, -12.09999999999999787, 2.710505431213761085E-17 ) ) ;
#299 = PRODUCT_DEFINITION_CONTEXT ( 'detailed design', #119, 'design' ) ;
#300 = VERTEX_POINT ( 'NONE', #974 ) ;
#301 = UNCERTAINTY_MEASURE_WITH_UNIT (LENGTH_MEASURE( 1.000000000000000082E-05 ), #65, 'distance_accuracy_value', 'NONE');
#302 = CARTESIAN_POINT ( 'NONE',  ( 6.250000000000000000, -12.50000000000000000, 24.00000000000000355 ) ) ;
#303 = DIRECTION ( 'NONE',  ( -1.224646799147353207E-16, 1.000000000000000000, 0.0000000000000000000 ) ) ;
#304 = SURFACE_STYLE_FILL_AREA ( #553 ) ;
#305 = VECTOR ( 'NONE', #853, 1000.000000000000000 ) ;
#306 = LINE ( 'NONE', #766, #1004 ) ;
#307 = FILL_AREA_STYLE_COLOUR ( '', #181 ) ;
#308 = COLOUR_RGB ( '',0.2196078431372548989, 0.4313725490196078649, 1.000000000000000000 ) ;
#309 = MECHANICAL_DESIGN_GEOMETRIC_PRESENTATION_REPRESENTATION (  '', ( #214 ), #1397 ) ;
#310 = AXIS2_PLACEMENT_3D ( 'NONE', #452, #1364, #578 ) ;
#311 = MECHANICAL_DESIGN_GEOMETRIC_PRESENTATION_REPRESENTATION (  '', ( #392 ), #769 ) ;
#312 = SURFACE_STYLE_USAGE ( .BOTH. , #990 ) ;
#313 =( LENGTH_UNIT ( ) NAMED_UNIT ( * ) SI_UNIT ( .MILLI., .METRE. ) );
#314 = CARTESIAN_POINT ( 'NONE',  ( 1.599999999999999867, 3.199999999999999289, 25.39999999999999858 ) ) ;
#315 = PRESENTATION_LAYER_ASSIGNMENT (  '', '', ( #1306 ) ) ;
#316 = AXIS2_PLACEMENT_3D ( 'NONE', #1428, #1089, #750 ) ;
#317 = SURFACE_SIDE_STYLE ('',( #1326 ) ) ;
#318 = VERTEX_POINT ( 'NONE', #95 ) ;
#319 = DIRECTION ( 'NONE',  ( 0.0000000000000000000, 0.0000000000000000000, 1.000000000000000000 ) ) ;
#320 = VERTEX_POINT ( 'NONE', #227 ) ;
#321 = SURFACE_SIDE_STYLE ('',( #1332 ) ) ;
#322 = PLANE ( 'NONE',  #1051 ) ;
#323 = FILL_AREA_STYLE ('',( #221 ) ) ;
#324 = SURFACE_SIDE_STYLE ('',( #1029 ) ) ;
#325 = ORIENTED_EDGE ( 'NONE', *, *, #600, .T. ) ;
#326 = CARTESIAN_POINT ( 'NONE',  ( -1.892893218813452849, 2.318125621547625644E-16, 25.39999999999999858 ) ) ;
#327 =( LENGTH_UNIT ( ) NAMED_UNIT ( * ) SI_UNIT ( .MILLI., .METRE. ) );
#328 = CARTESIAN_POINT ( 'NONE',  ( 7.250000000000000000, 0.0000000000000000000, 19.00000000000000000 ) ) ;
#329 = DIRECTION ( 'NONE',  ( 1.000000000000000000, 0.0000000000000000000, 0.0000000000000000000 ) ) ;
#330 = SURFACE_SIDE_STYLE ('',( #456 ) ) ;
#331 = ORIENTED_EDGE ( 'NONE', *, *, #760, .T. ) ;
#332 = CIRCLE ( 'NONE', #383, 7.250000000000000000 ) ;
#333 = ORIENTED_EDGE ( 'NONE', *, *, #783, .T. ) ;
#334 = AXIS2_PLACEMENT_3D ( 'NONE', #1349, #1013, #1340 ) ;
#335 = AXIS2_PLACEMENT_3D ( 'NONE', #931, #832, #946 ) ;
#336 =( LENGTH_UNIT ( ) NAMED_UNIT ( * ) SI_UNIT ( .MILLI., .METRE. ) );
#337 = SURFACE_STYLE_USAGE ( .BOTH. , #347 ) ;
#338 = CIRCLE ( 'NONE', #773, 7.250000000000000000 ) ;
#339 = SURFACE_STYLE_USAGE ( .BOTH. , #1477 ) ;
#340 = SURFACE_STYLE_USAGE ( .BOTH. , #666 ) ;
#341 = SURFACE_STYLE_USAGE ( .BOTH. , #330 ) ;
#342 = ORIENTED_EDGE ( 'NONE', *, *, #389, .F. ) ;
#343 = PRODUCT_DEFINITION_FORMATION_WITH_SPECIFIED_SOURCE ( 'ANY', '', #150, .NOT_KNOWN. ) ;
#344 = FILL_AREA_STYLE_COLOUR ( '', #1212 ) ;
#345 = ORIENTED_EDGE ( 'NONE', *, *, #1059, .F. ) ;
#346 = SURFACE_SIDE_STYLE ('',( #686 ) ) ;
#347 = SURFACE_SIDE_STYLE ('',( #1346 ) ) ;
#348 = DIRECTION ( 'NONE',  ( 0.0000000000000000000, 0.0000000000000000000, 1.000000000000000000 ) ) ;
#349 = DIRECTION ( 'NONE',  ( 0.0000000000000000000, 0.0000000000000000000, 1.000000000000000000 ) ) ;
#350 = PRODUCT_DEFINITION ( 'UNKNOWN', '', #415, #507 ) ;
#351 = EDGE_LOOP ( 'NONE', ( #703, #52, #576, #69 ) ) ;
#352 = UNCERTAINTY_MEASURE_WITH_UNIT (LENGTH_MEASURE( 1.000000000000000082E-05 ), #777, 'distance_accuracy_value', 'NONE');
#353 = FILL_AREA_STYLE ('',( #1267 ) ) ;
#354 = ORIENTED_EDGE ( 'NONE', *, *, #87, .F. ) ;
#355 = ITEM_DEFINED_TRANSFORMATION ( 'NONE', 'NONE', #496,  #610 ) ;
#356 = CARTESIAN_POINT ( 'NONE',  ( 0.0000000000000000000, 0.0000000000000000000, 24.00000000000000000 ) ) ;
#357 = SURFACE_STYLE_USAGE ( .BOTH. , #926 ) ;
#358 = DIRECTION ( 'NONE',  ( 0.0000000000000000000, 0.0000000000000000000, 1.000000000000000000 ) ) ;
#359 = CARTESIAN_POINT ( 'NONE',  ( -7.250000000000000888, 8.878689293818310074E-16, 23.58578643762689708 ) ) ;
#360 = MECHANICAL_DESIGN_GEOMETRIC_PRESENTATION_REPRESENTATION (  '', ( #366 ), #1146 ) ;
#361 =( NAMED_UNIT ( * ) PLANE_ANGLE_UNIT ( ) SI_UNIT ( $, .RADIAN. ) );
#362 = ORIENTED_EDGE ( 'NONE', *, *, #731, .T. ) ;
#363 = EDGE_CURVE ( 'NONE', #98, #1473, #1425, .T. ) ;
#364 =( GEOMETRIC_REPRESENTATION_CONTEXT ( 3 ) GLOBAL_UNCERTAINTY_ASSIGNED_CONTEXT ( ( #1272 ) ) GLOBAL_UNIT_ASSIGNED_CONTEXT ( ( #1407, #521, #768 ) ) REPRESENTATION_CONTEXT ( 'NONE', 'WORKASPACE' ) );
#365 = FILL_AREA_STYLE ('',( #14 ) ) ;
#366 = STYLED_ITEM ( 'NONE', ( #982 ), #486 ) ;
#367 = COLOUR_RGB ( '',0.2000000000000000111, 1.000000000000000000, 0.4705882352941176405 ) ;
#368 = DIRECTION ( 'NONE',  ( 0.0000000000000000000, 0.0000000000000000000, 1.000000000000000000 ) ) ;
#369 = CARTESIAN_POINT ( 'NONE',  ( 0.0000000000000000000, 0.0000000000000000000, 23.99999999999380407 ) ) ;
#370 = MECHANICAL_DESIGN_GEOMETRIC_PRESENTATION_REPRESENTATION (  '', ( #288 ), #1189 ) ;
#371 = CARTESIAN_POINT ( 'NONE',  ( 6.250000000000000000, 0.0000000000000000000, 0.1999999999999999278 ) ) ;
#372 = EDGE_CURVE ( 'NONE', #1309, #320, #88, .T. ) ;
#373 = FACE_OUTER_BOUND ( 'NONE', #446, .T. ) ;
#374 = PRESENTATION_STYLE_ASSIGNMENT (( #1370 ) ) ;
#375 = SURFACE_STYLE_FILL_AREA ( #1387 ) ;
#376 = SURFACE_STYLE_USAGE ( .BOTH. , #1255 ) ;
#377 =( BOUNDED_CURVE ( )  B_SPLINE_CURVE ( 3, ( #877, #302, #168, #1175 ),
 .UNSPECIFIED., .F., .F. ) 
 B_SPLINE_CURVE_WITH_KNOTS ( ( 4, 4 ),
 ( 0.0000000000000000000, 0.5000000000000000000 ),
 .UNSPECIFIED. ) 
 CURVE ( )  GEOMETRIC_REPRESENTATION_ITEM ( )  RATIONAL_B_SPLINE_CURVE ( ( 1.000000000000000000, 0.3333333333333333703, 0.3333333333333333703, 1.000000000000000000 ) ) 
 REPRESENTATION_ITEM ( '' )  );
#378 = DIRECTION ( 'NONE',  ( -1.000000000000000000, -1.224646799147353454E-16, 0.0000000000000000000 ) ) ;
#379 = CARTESIAN_POINT ( 'NONE',  ( -7.250000000000000000, 8.878689293818310074E-16, 19.00000000000000000 ) ) ;
#380 = ADVANCED_FACE ( 'NONE', ( #901 ), #1000, .T. ) ;
#381 = FACE_OUTER_BOUND ( 'NONE', #1343, .T. ) ;
#382 = CARTESIAN_POINT ( 'NONE',  ( 0.0000000000000000000, 0.0000000000000000000, 19.00000000000000000 ) ) ;
#383 = AXIS2_PLACEMENT_3D ( 'NONE', #382, #510, #956 ) ;
#384 = SHAPE_REPRESENTATION_RELATIONSHIP ( 'NONE' , 'NONE' ,  #430, #491 ) ;
#385 = CARTESIAN_POINT ( 'NONE',  ( 6.835786437626905077, 0.0000000000000000000, 24.00000000000000000 ) ) ;
#386 =( GEOMETRIC_REPRESENTATION_CONTEXT ( 3 ) GLOBAL_UNCERTAINTY_ASSIGNED_CONTEXT ( ( #684 ) ) GLOBAL_UNIT_ASSIGNED_CONTEXT ( ( #1110, #209, #443 ) ) REPRESENTATION_CONTEXT ( 'NONE', 'WORKASPACE' ) );
#387 = PRESENTATION_LAYER_ASSIGNMENT (  '', '', ( #258 ) ) ;
#388 = CARTESIAN_POINT ( 'NONE',  ( 6.249999999999999112, -12.49999999999999467, 0.08284271247461902354 ) ) ;
#389 = EDGE_CURVE ( 'NONE', #1473, #1127, #306, .T. ) ;
#390 =( GEOMETRIC_REPRESENTATION_CONTEXT ( 3 ) GLOBAL_UNCERTAINTY_ASSIGNED_CONTEXT ( ( #588 ) ) GLOBAL_UNIT_ASSIGNED_CONTEXT ( ( #1411, #527, #1079 ) ) REPRESENTATION_CONTEXT ( 'NONE', 'WORKASPACE' ) );
#391 =( NAMED_UNIT ( * ) SI_UNIT ( $, .STERADIAN. ) SOLID_ANGLE_UNIT ( ) );
#392 = STYLED_ITEM ( 'NONE', ( #10 ), #1156 ) ;
#393 = ORIENTED_EDGE ( 'NONE', *, *, #1218, .T. ) ;
#394 = STYLED_ITEM ( 'NONE', ( #644 ), #828 ) ;
#395 = LINE ( 'NONE', #1186, #305 ) ;
#396 = PRESENTATION_STYLE_ASSIGNMENT (( #1421 ) ) ;
#397 =( LENGTH_UNIT ( ) NAMED_UNIT ( * ) SI_UNIT ( .MILLI., .METRE. ) );
#398 = PRODUCT_DEFINITION_CONTEXT ( 'detailed design', #1310, 'design' ) ;
#399 = PRODUCT_DEFINITION_SHAPE ( 'NONE', 'NONE',  #1488 ) ;
#400 = CARTESIAN_POINT ( 'NONE',  ( -1.600000000000000089, 1.959434878635765230E-16, 25.39999999999999858 ) ) ;
#401 = CARTESIAN_POINT ( 'NONE',  ( 7.250000000000000000, 0.0000000000000000000, 19.00000000000000000 ) ) ;
#402 =( LENGTH_UNIT ( ) NAMED_UNIT ( * ) SI_UNIT ( .MILLI., .METRE. ) );
#403 =( NAMED_UNIT ( * ) SI_UNIT ( $, .STERADIAN. ) SOLID_ANGLE_UNIT ( ) );
#404 = VERTEX_POINT ( 'NONE', #661 ) ;
#405 = PRODUCT_CONTEXT ( 'NONE', #1163, 'mechanical' ) ;
#406 = SHAPE_REPRESENTATION_RELATIONSHIP ( 'NONE' , 'NONE' ,  #726, #828 ) ;
#407 = AXIS2_PLACEMENT_3D ( 'NONE', #1427, #32, #1165 ) ;
#408 = MECHANICAL_DESIGN_GEOMETRIC_PRESENTATION_REPRESENTATION (  '', ( #1298 ), #935 ) ;
#409 = CARTESIAN_POINT ( 'NONE',  ( 6.835786437626900636, 13.67157287525381015, 0.1999999999999997335 ) ) ;
#410 = DIRECTION ( 'NONE',  ( 1.000000000000000000, 0.0000000000000000000, -0.0000000000000000000 ) ) ;
#411 = CARTESIAN_POINT ( 'NONE',  ( -1.600000000000000089, 1.959434878635765230E-16, 25.39999999999999858 ) ) ;
#412 = AXIS2_PLACEMENT_3D ( 'NONE', #1197, #289, #991 ) ;
#413 =( NAMED_UNIT ( * ) PLANE_ANGLE_UNIT ( ) SI_UNIT ( $, .RADIAN. ) );
#414 = ADVANCED_FACE ( 'NONE', ( #201 ), #1135, .T. ) ;
#415 = PRODUCT_DEFINITION_FORMATION_WITH_SPECIFIED_SOURCE ( 'ANY', '', #1426, .NOT_KNOWN. ) ;
#416 = FILL_AREA_STYLE ('',( #1090 ) ) ;
#417 = DIRECTION ( 'NONE',  ( 1.000000000000000000, 0.0000000000000000000, 0.0000000000000000000 ) ) ;
#418 = SURFACE_SIDE_STYLE ('',( #1444 ) ) ;
#419 = CARTESIAN_POINT ( 'NONE',  ( 0.0000000000000000000, 0.0000000000000000000, 23.99999999999380407 ) ) ;
#420 = DIRECTION ( 'NONE',  ( 0.0000000000000000000, 0.0000000000000000000, 1.000000000000000000 ) ) ;
#421 = PRODUCT ( 'Fillet001', 'Fillet001', '', ( #802 ) ) ;
#422 = PRODUCT_RELATED_PRODUCT_CATEGORY ( 'part', '', ( #26 ) ) ;
#423 = CARTESIAN_POINT ( 'NONE',  ( 7.250000000000000888, 0.0000000000000000000, 23.58578643762689708 ) ) ;
#424 = DIRECTION ( 'NONE',  ( 1.000000000000000000, 0.0000000000000000000, 0.0000000000000000000 ) ) ;
#425 = UNCERTAINTY_MEASURE_WITH_UNIT (LENGTH_MEASURE( 1.000000000000000082E-05 ), #1388, 'distance_accuracy_value', 'NONE');
#426 = DIRECTION ( 'NONE',  ( -0.0000000000000000000, -0.0000000000000000000, -1.000000000000000000 ) ) ;
#427 =( REPRESENTATION_RELATIONSHIP ('NONE','NONE', #637, #430 ) REPRESENTATION_RELATIONSHIP_WITH_TRANSFORMATION ( #1360 )SHAPE_REPRESENTATION_RELATIONSHIP( ) );
#428 = DIRECTION ( 'NONE',  ( 0.0000000000000000000, 0.0000000000000000000, 1.000000000000000000 ) ) ;
#429 = FILL_AREA_STYLE ('',( #84 ) ) ;
#430 = SHAPE_REPRESENTATION ( 'Fillet', ( #610 ), #1403 ) ;
#431 = EDGE_CURVE ( 'NONE', #453, #318, #1413, .T. ) ;
#432 = STYLED_ITEM ( 'NONE', ( #1103 ), #831 ) ;
#433 = SURFACE_STYLE_USAGE ( .BOTH. , #1247 ) ;
#434 = VERTEX_POINT ( 'NONE', #154 ) ;
#435 = STYLED_ITEM ( 'NONE', ( #396 ), #999 ) ;
#436 = ORIENTED_EDGE ( 'NONE', *, *, #692, .T. ) ;
#437 = AXIS2_PLACEMENT_3D ( 'NONE', #989, #1299, #1434 ) ;
#438 = CONTEXT_DEPENDENT_SHAPE_REPRESENTATION ( #270, #1286 ) ;
#439 =( GEOMETRIC_REPRESENTATION_CONTEXT ( 3 ) GLOBAL_UNCERTAINTY_ASSIGNED_CONTEXT ( ( #1142 ) ) GLOBAL_UNIT_ASSIGNED_CONTEXT ( ( #1317, #689, #203 ) ) REPRESENTATION_CONTEXT ( 'NONE', 'WORKASPACE' ) );
#440 = FILL_AREA_STYLE_COLOUR ( '', #540 ) ;
#441 = STYLED_ITEM ( 'NONE', ( #147 ), #748 ) ;
#442 =( NAMED_UNIT ( * ) PLANE_ANGLE_UNIT ( ) SI_UNIT ( $, .RADIAN. ) );
#443 =( NAMED_UNIT ( * ) SI_UNIT ( $, .STERADIAN. ) SOLID_ANGLE_UNIT ( ) );
#444 = ORIENTED_EDGE ( 'NONE', *, *, #1416, .T. ) ;
#445 = DIRECTION ( 'NONE',  ( 1.000000000000000000, 0.0000000000000000000, -0.0000000000000000000 ) ) ;
#446 = EDGE_LOOP ( 'NONE', ( #444, #474, #1337, #1248 ) ) ;
#447 = SHAPE_DEFINITION_REPRESENTATION ( #514, #1376 ) ;
#448 = FILL_AREA_STYLE_COLOUR ( '', #575 ) ;
#449 = DIRECTION ( 'NONE',  ( 0.0000000000000000000, 1.000000000000000000, 0.0000000000000000000 ) ) ;
#450 =( NAMED_UNIT ( * ) PLANE_ANGLE_UNIT ( ) SI_UNIT ( $, .RADIAN. ) );
#451 = VERTEX_POINT ( 'NONE', #516 ) ;
#452 = CARTESIAN_POINT ( 'NONE',  ( 0.0000000000000000000, 0.0000000000000000000, 24.50000000000304112 ) ) ;
#453 = VERTEX_POINT ( 'NONE', #1404 ) ;
#454 = EDGE_CURVE ( 'NONE', #1415, #320, #824, .T. ) ;
#455 = FACE_OUTER_BOUND ( 'NONE', #351, .T. ) ;
#456 = SURFACE_STYLE_FILL_AREA ( #323 ) ;
#457 = ORIENTED_EDGE ( 'NONE', *, *, #742, .T. ) ;
#458 =( GEOMETRIC_REPRESENTATION_CONTEXT ( 3 ) GLOBAL_UNCERTAINTY_ASSIGNED_CONTEXT ( ( #995 ) ) GLOBAL_UNIT_ASSIGNED_CONTEXT ( ( #1138, #442, #109 ) ) REPRESENTATION_CONTEXT ( 'NONE', 'WORKASPACE' ) );
#459 = MECHANICAL_DESIGN_GEOMETRIC_PRESENTATION_REPRESENTATION (  '', ( #934 ), #841 ) ;
#460 = CARTESIAN_POINT ( 'NONE',  ( 0.0000000000000000000, 0.0000000000000000000, 24.50000000000000000 ) ) ;
#461 = VERTEX_POINT ( 'NONE', #401 ) ;
#462 = PRESENTATION_LAYER_ASSIGNMENT (  '', '', ( #1098 ) ) ;
#463 = AXIS2_PLACEMENT_3D ( 'NONE', #1433, #758, #963 ) ;
#464 = APPLICATION_PROTOCOL_DEFINITION ( 'draft international standard', 'automotive_design', 1998, #119 ) ;
#465 =( REPRESENTATION_RELATIONSHIP ('NONE','NONE', #637, #541 ) REPRESENTATION_RELATIONSHIP_WITH_TRANSFORMATION ( #1034 )SHAPE_REPRESENTATION_RELATIONSHIP( ) );
#466 = COLOUR_RGB ( '',0.2196078431372548989, 0.4313725490196078649, 1.000000000000000000 ) ;
#467 = EDGE_CURVE ( 'NONE', #537, #300, #395, .T. ) ;
#468 = AXIS2_PLACEMENT_3D ( 'NONE', #882, #428, #1314 ) ;
#469 = PRESENTATION_STYLE_ASSIGNMENT (( #340 ) ) ;
#470 = CARTESIAN_POINT ( 'NONE',  ( -6.050000000000001599, 12.09999999999999787, 2.710505431213761085E-17 ) ) ;
#471 = ORIENTED_EDGE ( 'NONE', *, *, #151, .T. ) ;
#472 = CARTESIAN_POINT ( 'NONE',  ( 1.599999999999999201, -3.199999999999999734, 25.39999999999999858 ) ) ;
#473 = PRESENTATION_STYLE_ASSIGNMENT (( #70 ) ) ;
#474 = ORIENTED_EDGE ( 'NONE', *, *, #431, .T. ) ;
#475 = APPLICATION_PROTOCOL_DEFINITION ( 'draft international standard', 'automotive_design', 1998, #1211 ) ;
#476 = SURFACE_STYLE_USAGE ( .BOTH. , #346 ) ;
#477 = SURFACE_SIDE_STYLE ('',( #77 ) ) ;
#478 =( NAMED_UNIT ( * ) PLANE_ANGLE_UNIT ( ) SI_UNIT ( $, .RADIAN. ) );
#479 = CARTESIAN_POINT ( 'NONE',  ( -6.835786437626905077, 8.371423980494679421E-16, 24.00000000000000000 ) ) ;
#480 = UNCERTAINTY_MEASURE_WITH_UNIT (LENGTH_MEASURE( 1.000000000000000082E-05 ), #810, 'distance_accuracy_value', 'NONE');
#481 =( NAMED_UNIT ( * ) PLANE_ANGLE_UNIT ( ) SI_UNIT ( $, .RADIAN. ) );
#482 = SHAPE_REPRESENTATION_RELATIONSHIP ( 'NONE' , 'NONE' ,  #736, #748 ) ;
#483 = CARTESIAN_POINT ( 'NONE',  ( 0.0000000000000000000, 0.0000000000000000000, 19.00000000000000000 ) ) ;
#484 = CARTESIAN_POINT ( 'NONE',  ( 6.835786437626900636, -13.67157287525381015, 24.00000000000000000 ) ) ;
#485 =( BOUNDED_SURFACE ( )  B_SPLINE_SURFACE ( 3, 3, ( 
 ( #581, #314, #670, #1313 ),
 ( #765, #1338, #200, #326 ),
 ( #1017, #1475, #1440, #1210 ),
 ( #189, #660, #83, #997 ) ),
 .UNSPECIFIED., .F., .F., .T. ) 
 B_SPLINE_SURFACE_WITH_KNOTS ( ( 4, 4 ),
 ( 4, 4 ),
 ( 0.0000000000000000000, 1.000000000000000000 ),
 ( 0.0000000000000000000, 1.000000000000000000 ),
 .UNSPECIFIED. ) 
 GEOMETRIC_REPRESENTATION_ITEM ( )  RATIONAL_B_SPLINE_SURFACE ( (
 ( 1.000000000000000000, 0.3333333333333334259, 0.3333333333333334259, 1.000000000000000000),
 ( 0.8047378541243649375, 0.2682459513747884050, 0.2682459513747884050, 0.8047378541243649375),
 ( 0.8047378541243649375, 0.2682459513747884050, 0.2682459513747884050, 0.8047378541243649375),
 ( 1.000000000000000000, 0.3333333333333334259, 0.3333333333333334259, 1.000000000000000000) ) ) 
 REPRESENTATION_ITEM ( '' )  SURFACE ( )  );
#486 = ADVANCED_FACE ( 'NONE', ( #1283 ), #166, .T. ) ;
#487 =( GEOMETRIC_REPRESENTATION_CONTEXT ( 3 ) GLOBAL_UNCERTAINTY_ASSIGNED_CONTEXT ( ( #1204 ) ) GLOBAL_UNIT_ASSIGNED_CONTEXT ( ( #336, #992, #1467 ) ) REPRESENTATION_CONTEXT ( 'NONE', 'WORKASPACE' ) );
#488 = SURFACE_STYLE_USAGE ( .BOTH. , #602 ) ;
#489 = COLOUR_RGB ( '',0.0000000000000000000, 0.0000000000000000000, 0.0000000000000000000 ) ;
#490 =( BOUNDED_SURFACE ( )  B_SPLINE_SURFACE ( 3, 3, ( 
 ( #1391, #254, #1289, #155 ),
 ( #273, #1049, #29, #735 ),
 ( #1177, #388, #158, #1075 ),
 ( #846, #18, #506, #708 ) ),
 .UNSPECIFIED., .F., .F., .T. ) 
 B_SPLINE_SURFACE_WITH_KNOTS ( ( 4, 4 ),
 ( 4, 4 ),
 ( 0.0000000000000000000, 1.000000000000000000 ),
 ( 0.0000000000000000000, 1.000000000000000000 ),
 .UNSPECIFIED. ) 
 GEOMETRIC_REPRESENTATION_ITEM ( )  RATIONAL_B_SPLINE_SURFACE ( (
 ( 1.000000000000000000, 0.3333333333333334259, 0.3333333333333334259, 1.000000000000000000),
 ( 0.8047378541243649375, 0.2682459513747884050, 0.2682459513747884050, 0.8047378541243649375),
 ( 0.8047378541243649375, 0.2682459513747884050, 0.2682459513747884050, 0.8047378541243649375),
 ( 1.000000000000000000, 0.3333333333333334259, 0.3333333333333334259, 1.000000000000000000) ) ) 
 REPRESENTATION_ITEM ( '' )  SURFACE ( )  );
#491 = ADVANCED_BREP_SHAPE_REPRESENTATION ( '', ( #776, #610 ), #1403 ) ;
#492 = CONICAL_SURFACE ( 'NONE', #1261, 6.250000000022737368, 1.450892341428774657 ) ;
#493 =( NAMED_UNIT ( * ) SI_UNIT ( $, .STERADIAN. ) SOLID_ANGLE_UNIT ( ) );
#494 = COLOUR_RGB ( '',0.0000000000000000000, 0.0000000000000000000, 0.0000000000000000000 ) ;
#495 = AXIS2_PLACEMENT_3D ( 'NONE', #1019, #1044, #586 ) ;
#496 = AXIS2_PLACEMENT_3D ( 'NONE', #529, #1439, #187 ) ;
#497 = CARTESIAN_POINT ( 'NONE',  ( -6.049999999999999822, -7.409113134841486521E-16, 2.710505431213761085E-17 ) ) ;
#498 = SURFACE_STYLE_USAGE ( .BOTH. , #144 ) ;
#499 = PRODUCT_DEFINITION_SHAPE ( 'NONE', 'NONE',  #350 ) ;
#500 = DIRECTION ( 'NONE',  ( 1.000000000000000000, 0.0000000000000000000, 0.0000000000000000000 ) ) ;
#501 = SURFACE_STYLE_USAGE ( .BOTH. , #1418 ) ;
#502 =( NAMED_UNIT ( * ) SI_UNIT ( $, .STERADIAN. ) SOLID_ANGLE_UNIT ( ) );
#503 = ADVANCED_FACE ( 'NONE', ( #455 ), #485, .T. ) ;
#504 = CARTESIAN_POINT ( 'NONE',  ( -6.249999999999999112, 12.49999999999999822, 24.00000000000000000 ) ) ;
#505 = PRESENTATION_STYLE_ASSIGNMENT (( #693 ) ) ;
#506 = CARTESIAN_POINT ( 'NONE',  ( -6.249999999999999112, -12.49999999999999822, 0.1999999999999999833 ) ) ;
#507 = PRODUCT_DEFINITION_CONTEXT ( 'detailed design', #919, 'design' ) ;
#508 = FACE_OUTER_BOUND ( 'NONE', #1355, .T. ) ;
#509 = PRESENTATION_LAYER_ASSIGNMENT (  '', '', ( #739 ) ) ;
#510 = DIRECTION ( 'NONE',  ( -0.0000000000000000000, -0.0000000000000000000, -1.000000000000000000 ) ) ;
#511 = CIRCLE ( 'NONE', #1026, 7.250000000000000000 ) ;
#512 = SURFACE_SIDE_STYLE ('',( #153 ) ) ;
#513 = MECHANICAL_DESIGN_GEOMETRIC_PRESENTATION_REPRESENTATION (  '', ( #822 ), #239 ) ;
#514 = PRODUCT_DEFINITION_SHAPE ( 'NONE', 'NONE',  #59 ) ;
#515 = PRODUCT_DEFINITION ( 'UNKNOWN', '', #4, #1451 ) ;
#516 = CARTESIAN_POINT ( 'NONE',  ( -1.600000000000000089, 1.959434878635765230E-16, 25.39999999999999858 ) ) ;
#517 = CARTESIAN_POINT ( 'NONE',  ( -6.835786437626904188, -13.67157287525380838, 0.1999999999999997335 ) ) ;
#518 = STYLED_ITEM ( 'NONE', ( #212 ), #1116 ) ;
#519 = PRESENTATION_LAYER_ASSIGNMENT (  '', '', ( #843 ) ) ;
#520 = SURFACE_STYLE_USAGE ( .BOTH. , #951 ) ;
#521 =( NAMED_UNIT ( * ) PLANE_ANGLE_UNIT ( ) SI_UNIT ( $, .RADIAN. ) );
#522 = PRESENTATION_LAYER_ASSIGNMENT (  '', '', ( #1384 ) ) ;
#523 = SURFACE_SIDE_STYLE ('',( #620 ) ) ;
#524 = ORIENTED_EDGE ( 'NONE', *, *, #175, .F. ) ;
#525 =( GEOMETRIC_REPRESENTATION_CONTEXT ( 3 ) GLOBAL_UNCERTAINTY_ASSIGNED_CONTEXT ( ( #772 ) ) GLOBAL_UNIT_ASSIGNED_CONTEXT ( ( #327, #805, #1367 ) ) REPRESENTATION_CONTEXT ( 'NONE', 'WORKASPACE' ) );
#526 = STYLED_ITEM ( 'NONE', ( #1230 ), #491 ) ;
#527 =( NAMED_UNIT ( * ) PLANE_ANGLE_UNIT ( ) SI_UNIT ( $, .RADIAN. ) );
#528 = DIRECTION ( 'NONE',  ( 1.000000000000000000, 0.0000000000000000000, 0.0000000000000000000 ) ) ;
#529 = CARTESIAN_POINT ( 'NONE',  ( 0.0000000000000000000, 0.0000000000000000000, 0.0000000000000000000 ) ) ;
#530 = CARTESIAN_POINT ( 'NONE',  ( 7.250000000000001776, -14.49999999999999822, 1.199999999999999956 ) ) ;
#531 = CARTESIAN_POINT ( 'NONE',  ( -6.250000000000000000, 7.654042494670957606E-16, 24.00000000000000000 ) ) ;
#532 = SHAPE_DEFINITION_REPRESENTATION ( #499, #637 ) ;
#533 = CARTESIAN_POINT ( 'NONE',  ( -7.249999999999999112, -14.50000000000000000, 1.199999999999999956 ) ) ;
#534 = DIRECTION ( 'NONE',  ( 0.0000000000000000000, 1.000000000000000000, 0.0000000000000000000 ) ) ;
#535 = CARTESIAN_POINT ( 'NONE',  ( -6.835786437626907741, 13.67157287525380838, 0.1999999999999997335 ) ) ;
#536 = EDGE_CURVE ( 'NONE', #537, #434, #1297, .T. ) ;
#537 = VERTEX_POINT ( 'NONE', #1221 ) ;
#538 = DIRECTION ( 'NONE',  ( 1.000000000000000000, 0.0000000000000000000, 0.0000000000000000000 ) ) ;
#539 = SURFACE_STYLE_USAGE ( .BOTH. , #64 ) ;
#540 = COLOUR_RGB ( '',0.8000000000000000444, 0.8000000000000000444, 0.8000000000000000444 ) ;
#541 = SHAPE_REPRESENTATION ( 'Fillet003', ( #610 ), #632 ) ;
#542 =( NAMED_UNIT ( * ) PLANE_ANGLE_UNIT ( ) SI_UNIT ( $, .RADIAN. ) );
#543 = STYLED_ITEM ( 'NONE', ( #374 ), #49 ) ;
#544 = CARTESIAN_POINT ( 'NONE',  ( -7.250000000000001776, 14.49999999999999645, 0.6142135623730948790 ) ) ;
#545 = PRODUCT ( 'Fillet002', 'Fillet002', '', ( #685 ) ) ;
#546 = PRESENTATION_LAYER_ASSIGNMENT (  '', '', ( #1263 ) ) ;
#547 = UNCERTAINTY_MEASURE_WITH_UNIT (LENGTH_MEASURE( 1.000000000000000082E-05 ), #844, 'distance_accuracy_value', 'NONE');
#548 =( NAMED_UNIT ( * ) SI_UNIT ( $, .STERADIAN. ) SOLID_ANGLE_UNIT ( ) );
#549 = ORIENTED_EDGE ( 'NONE', *, *, #682, .F. ) ;
#550 = AXIS2_PLACEMENT_3D ( 'NONE', #613, #1061, #30 ) ;
#551 = PRESENTATION_STYLE_ASSIGNMENT (( #312 ) ) ;
#552 = SHAPE_REPRESENTATION_RELATIONSHIP ( 'NONE' , 'NONE' ,  #541, #132 ) ;
#553 = FILL_AREA_STYLE ('',( #101 ) ) ;
#554 =( NAMED_UNIT ( * ) PLANE_ANGLE_UNIT ( ) SI_UNIT ( $, .RADIAN. ) );
#555 = DIRECTION ( 'NONE',  ( 0.0000000000000000000, 0.0000000000000000000, 1.000000000000000000 ) ) ;
#556 = LINE ( 'NONE', #1076, #568 ) ;
#557 = ORIENTED_EDGE ( 'NONE', *, *, #175, .T. ) ;
#558 = SURFACE_STYLE_USAGE ( .BOTH. , #51 ) ;
#559 =( LENGTH_UNIT ( ) NAMED_UNIT ( * ) SI_UNIT ( .MILLI., .METRE. ) );
#560 = CARTESIAN_POINT ( 'NONE',  ( -6.835786437626905077, 8.371423980494677449E-16, 24.00000000000000000 ) ) ;
#561 = PRODUCT_DEFINITION_CONTEXT ( 'detailed design', #226, 'design' ) ;
#562 = DIRECTION ( 'NONE',  ( 0.0000000000000000000, 0.0000000000000000000, 1.000000000000000000 ) ) ;
#563 =( LENGTH_UNIT ( ) NAMED_UNIT ( * ) SI_UNIT ( .MILLI., .METRE. ) );
#564 = APPLICATION_PROTOCOL_DEFINITION ( 'draft international standard', 'automotive_design', 1998, #1448 ) ;
#565 = CARTESIAN_POINT ( 'NONE',  ( -7.250000000000000888, 8.878689293818313032E-16, 23.58578643762689708 ) ) ;
#566 = PRODUCT_RELATED_PRODUCT_CATEGORY ( 'part', '', ( #545 ) ) ;
#567 = MECHANICAL_DESIGN_GEOMETRIC_PRESENTATION_REPRESENTATION (  '', ( #1182 ), #386 ) ;
#568 = VECTOR ( 'NONE', #1406, 1000.000000000000000 ) ;
#569 = VERTEX_POINT ( 'NONE', #1125 ) ;
#570 =( GEOMETRIC_REPRESENTATION_CONTEXT ( 3 ) GLOBAL_UNCERTAINTY_ASSIGNED_CONTEXT ( ( #655 ) ) GLOBAL_UNIT_ASSIGNED_CONTEXT ( ( #1143, #800, #662 ) ) REPRESENTATION_CONTEXT ( 'NONE', 'WORKASPACE' ) );
#571 = ORIENTED_EDGE ( 'NONE', *, *, #7, .F. ) ;
#572 = STYLED_ITEM ( 'NONE', ( #296 ), #1202 ) ;
#573 = CONTEXT_DEPENDENT_SHAPE_REPRESENTATION ( #597, #399 ) ;
#574 = AXIS2_PLACEMENT_3D ( 'NONE', #617, #1271, #1056 ) ;
#575 = COLOUR_RGB ( '',0.7921568627450980005, 0.8196078431372548767, 0.9333333333333333481 ) ;
#576 = ORIENTED_EDGE ( 'NONE', *, *, #208, .T. ) ;
#577 = UNCERTAINTY_MEASURE_WITH_UNIT (LENGTH_MEASURE( 1.000000000000000082E-05 ), #146, 'distance_accuracy_value', 'NONE');
#578 = DIRECTION ( 'NONE',  ( -1.000000000000000000, 0.0000000000000000000, 0.0000000000000000000 ) ) ;
#579 = EDGE_LOOP ( 'NONE', ( #1226, #1466 ) ) ;
#580 =( REPRESENTATION_RELATIONSHIP ('NONE','NONE', #637, #1376 ) REPRESENTATION_RELATIONSHIP_WITH_TRANSFORMATION ( #231 )SHAPE_REPRESENTATION_RELATIONSHIP( ) );
#581 = CARTESIAN_POINT ( 'NONE',  ( 1.600000000000000089, 0.0000000000000000000, 25.39999999999999858 ) ) ;
#582 = SURFACE_STYLE_FILL_AREA ( #585 ) ;
#583 = VERTEX_POINT ( 'NONE', #663 ) ;
#584 = ORIENTED_EDGE ( 'NONE', *, *, #363, .T. ) ;
#585 = FILL_AREA_STYLE ('',( #1244 ) ) ;
#586 = DIRECTION ( 'NONE',  ( 1.000000000000000000, 0.0000000000000000000, 0.0000000000000000000 ) ) ;
#587 = ORIENTED_EDGE ( 'NONE', *, *, #1194, .F. ) ;
#588 = UNCERTAINTY_MEASURE_WITH_UNIT (LENGTH_MEASURE( 1.000000000000000082E-05 ), #1411, 'distance_accuracy_value', 'NONE');
#589 = SURFACE_SIDE_STYLE ('',( #774 ) ) ;
#590 = EDGE_LOOP ( 'NONE', ( #801, #1344 ) ) ;
#591 = AXIS2_PLACEMENT_3D ( 'NONE', #855, #534, #417 ) ;
#592 = PRODUCT_RELATED_PRODUCT_CATEGORY ( 'part', '', ( #183 ) ) ;
#593 = STYLED_ITEM ( 'NONE', ( #906 ), #1109 ) ;
#594 = STYLED_ITEM ( 'NONE', ( #724 ), #1153 ) ;
#595 = ADVANCED_FACE ( 'NONE', ( #1114 ), #1041, .T. ) ;
#596 = SURFACE_STYLE_FILL_AREA ( #688 ) ;
#597 =( REPRESENTATION_RELATIONSHIP ('NONE','NONE', #637, #736 ) REPRESENTATION_RELATIONSHIP_WITH_TRANSFORMATION ( #215 )SHAPE_REPRESENTATION_RELATIONSHIP( ) );
#598 = DIRECTION ( 'NONE',  ( 1.000000000000000000, 0.0000000000000000000, -0.0000000000000000000 ) ) ;
#599 = FILL_AREA_STYLE_COLOUR ( '', #658 ) ;
#600 = EDGE_CURVE ( 'NONE', #1358, #453, #1097, .T. ) ;
#601 = CARTESIAN_POINT ( 'NONE',  ( 6.049999999999999822, 0.0000000000000000000, 1.355252715606880543E-17 ) ) ;
#602 = SURFACE_SIDE_STYLE ('',( #1383 ) ) ;
#603 = CARTESIAN_POINT ( 'NONE',  ( -6.249999999999999112, -7.654042494670956620E-16, 0.2000000000000000111 ) ) ;
#604 = DIRECTION ( 'NONE',  ( 1.000000000000000000, 0.0000000000000000000, -0.0000000000000000000 ) ) ;
#605 = CLOSED_SHELL ( 'NONE', ( #1256, #944, #49, #1064 ) ) ;
#606 =( GEOMETRIC_REPRESENTATION_CONTEXT ( 3 ) GLOBAL_UNCERTAINTY_ASSIGNED_CONTEXT ( ( #352 ) ) GLOBAL_UNIT_ASSIGNED_CONTEXT ( ( #777, #1009, #785 ) ) REPRESENTATION_CONTEXT ( 'NONE', 'WORKASPACE' ) );
#607 = PRESENTATION_LAYER_ASSIGNMENT (  '', '', ( #214 ) ) ;
#608 = MECHANICAL_DESIGN_GEOMETRIC_PRESENTATION_REPRESENTATION (  '', ( #182 ), #981 ) ;
#609 =( GEOMETRIC_REPRESENTATION_CONTEXT ( 3 ) GLOBAL_UNCERTAINTY_ASSIGNED_CONTEXT ( ( #1020 ) ) GLOBAL_UNIT_ASSIGNED_CONTEXT ( ( #267, #734, #1431 ) ) REPRESENTATION_CONTEXT ( 'NONE', 'WORKASPACE' ) );
#610 = AXIS2_PLACEMENT_3D ( 'NONE', #74, #555, #1117 ) ;
#611 =( LENGTH_UNIT ( ) NAMED_UNIT ( * ) SI_UNIT ( .MILLI., .METRE. ) );
#612 = SURFACE_STYLE_FILL_AREA ( #947 ) ;
#613 = CARTESIAN_POINT ( 'NONE',  ( 0.0000000000000000000, 0.0000000000000000000, 23.40000000000000213 ) ) ;
#614 = ADVANCED_FACE ( 'NONE', ( #1036 ), #836, .T. ) ;
#615 = CARTESIAN_POINT ( 'NONE',  ( -2.100000000000000533, 2.571758278209441464E-16, 25.19289321881344534 ) ) ;
#616 = PLANE ( 'NONE',  #1031 ) ;
#617 = CARTESIAN_POINT ( 'NONE',  ( 0.0000000000000000000, 0.0000000000000000000, 23.40000000000000213 ) ) ;
#618 = CARTESIAN_POINT ( 'NONE',  ( 7.250000000000000000, 0.0000000000000000000, 23.00000000000000000 ) ) ;
#619 = CARTESIAN_POINT ( 'NONE',  ( 6.250000000000000000, -1.530808498934191521E-15, 24.00000000000000000 ) ) ;
#620 = SURFACE_STYLE_FILL_AREA ( #1174 ) ;
#621 = ORIENTED_EDGE ( 'NONE', *, *, #1416, .F. ) ;
#622 = CARTESIAN_POINT ( 'NONE',  ( -1.600000000000000533, -3.199999999999999734, 25.39999999999999858 ) ) ;
#623 = MECHANICAL_DESIGN_GEOMETRIC_PRESENTATION_REPRESENTATION (  '', ( #432 ), #364 ) ;
#624 = AXIS2_PLACEMENT_3D ( 'NONE', #986, #645, #746 ) ;
#625 = CARTESIAN_POINT ( 'NONE',  ( 6.835786437626905077, 0.0000000000000000000, 0.1999999999999997335 ) ) ;
#626 = EDGE_CURVE ( 'NONE', #451, #1145, #633, .T. ) ;
#627 = SURFACE_SIDE_STYLE ('',( #596 ) ) ;
#628 = AXIS2_PLACEMENT_3D ( 'NONE', #60, #970, #1414 ) ;
#629 =( NAMED_UNIT ( * ) SI_UNIT ( $, .STERADIAN. ) SOLID_ANGLE_UNIT ( ) );
#630 = SURFACE_STYLE_USAGE ( .BOTH. , #523 ) ;
#631 = ORIENTED_EDGE ( 'NONE', *, *, #1390, .T. ) ;
#632 =( GEOMETRIC_REPRESENTATION_CONTEXT ( 3 ) GLOBAL_UNCERTAINTY_ASSIGNED_CONTEXT ( ( #547 ) ) GLOBAL_UNIT_ASSIGNED_CONTEXT ( ( #844, #266, #502 ) ) REPRESENTATION_CONTEXT ( 'NONE', 'WORKASPACE' ) );
#633 =( BOUNDED_CURVE ( )  B_SPLINE_CURVE ( 3, ( #411, #1080, #27, #1276 ),
 .UNSPECIFIED., .F., .F. ) 
 B_SPLINE_CURVE_WITH_KNOTS ( ( 4, 4 ),
 ( 0.5000000000000000000, 1.000000000000000000 ),
 .UNSPECIFIED. ) 
 CURVE ( )  GEOMETRIC_REPRESENTATION_ITEM ( )  RATIONAL_B_SPLINE_CURVE ( ( 1.000000000000000000, 0.3333333333333333703, 0.3333333333333333703, 1.000000000000000000 ) ) 
 REPRESENTATION_ITEM ( '' )  );
#634 = APPLICATION_PROTOCOL_DEFINITION ( 'draft international standard', 'automotive_design', 1998, #1163 ) ;
#635 =( NAMED_UNIT ( * ) SI_UNIT ( $, .STERADIAN. ) SOLID_ANGLE_UNIT ( ) );
#636 = CARTESIAN_POINT ( 'NONE',  ( 6.250000000000001776, -12.49999999999999822, 0.1999999999999998723 ) ) ;
#637 = SHAPE_REPRESENTATION ( 'User Library-ER14250', ( #222, #496, #316, #1241, #1268, #804 ), #246 ) ;
#638 = EDGE_CURVE ( 'NONE', #404, #318, #15, .T. ) ;
#639 = CARTESIAN_POINT ( 'NONE',  ( 6.049999999999999822, 0.0000000000000000000, 1.355252715606880543E-17 ) ) ;
#640 = DIRECTION ( 'NONE',  ( 0.0000000000000000000, 0.0000000000000000000, 1.000000000000000000 ) ) ;
#641 = SURFACE_SIDE_STYLE ('',( #54 ) ) ;
#642 = CARTESIAN_POINT ( 'NONE',  ( 1.892893218813452849, -4.636251243095251289E-16, 25.39999999999999858 ) ) ;
#643 = FILL_AREA_STYLE_COLOUR ( '', #466 ) ;
#644 = PRESENTATION_STYLE_ASSIGNMENT (( #293 ) ) ;
#645 = DIRECTION ( 'NONE',  ( 0.0000000000000000000, -1.000000000000000000, 0.0000000000000000000 ) ) ;
#646 = CARTESIAN_POINT ( 'NONE',  ( -7.250000000000002665, 14.49999999999999822, 1.199999999999999956 ) ) ;
#647 = ORIENTED_EDGE ( 'NONE', *, *, #709, .F. ) ;
#648 = ADVANCED_FACE ( 'NONE', ( #1412 ), #1282, .T. ) ;
#649 = PRESENTATION_STYLE_ASSIGNMENT (( #874 ) ) ;
#650 = PRESENTATION_LAYER_ASSIGNMENT (  '', '', ( #138 ) ) ;
#651 = DIRECTION ( 'NONE',  ( -1.000000000000000000, 0.0000000000000000000, 0.0000000000000000000 ) ) ;
#652 = AXIS2_PLACEMENT_3D ( 'NONE', #690, #90, #898 ) ;
#653 = PRODUCT_DEFINITION_SHAPE ( 'NONE', 'NONE',  #806 ) ;
#654 = EDGE_LOOP ( 'NONE', ( #780, #213, #1328, #852 ) ) ;
#655 = UNCERTAINTY_MEASURE_WITH_UNIT (LENGTH_MEASURE( 1.000000000000000082E-05 ), #1143, 'distance_accuracy_value', 'NONE');
#656 = FILL_AREA_STYLE ('',( #184 ) ) ;
#657 = EDGE_CURVE ( 'NONE', #1078, #569, #511, .T. ) ;
#658 = COLOUR_RGB ( '',0.7921568627450980005, 0.8196078431372548767, 0.9333333333333333481 ) ;
#659 = CARTESIAN_POINT ( 'NONE',  ( 0.0000000000000000000, 0.0000000000000000000, 0.0000000000000000000 ) ) ;
#660 = CARTESIAN_POINT ( 'NONE',  ( 2.100000000000000089, 4.199999999999999289, 24.90000000000000213 ) ) ;
#661 = CARTESIAN_POINT ( 'NONE',  ( 6.250000000000000000, 0.0000000000000000000, 1.000000000000000000 ) ) ;
#662 =( NAMED_UNIT ( * ) SI_UNIT ( $, .STERADIAN. ) SOLID_ANGLE_UNIT ( ) );
#663 = CARTESIAN_POINT ( 'NONE',  ( 6.049999999999999822, 0.0000000000000000000, 1.355252715606880543E-17 ) ) ;
#664 =( NAMED_UNIT ( * ) PLANE_ANGLE_UNIT ( ) SI_UNIT ( $, .RADIAN. ) );
#665 = PRESENTATION_STYLE_ASSIGNMENT (( #1118 ) ) ;
#666 = SURFACE_SIDE_STYLE ('',( #1222 ) ) ;
#667 = ORIENTED_EDGE ( 'NONE', *, *, #1303, .T. ) ;
#668 = ORIENTED_EDGE ( 'NONE', *, *, #657, .T. ) ;
#669 = SURFACE_SIDE_STYLE ('',( #1331 ) ) ;
#670 = CARTESIAN_POINT ( 'NONE',  ( -1.599999999999999645, 3.199999999999999289, 25.39999999999999858 ) ) ;
#671 = AXIS2_PLACEMENT_3D ( 'NONE', #1449, #426, #775 ) ;
#672 = DIRECTION ( 'NONE',  ( 1.000000000000000000, 0.0000000000000000000, 0.0000000000000000000 ) ) ;
#673 =( NAMED_UNIT ( * ) SI_UNIT ( $, .STERADIAN. ) SOLID_ANGLE_UNIT ( ) );
#674 = SURFACE_STYLE_USAGE ( .BOTH. , #477 ) ;
#675 = COLOUR_RGB ( '',0.0000000000000000000, 0.0000000000000000000, 0.0000000000000000000 ) ;
#676 = DIRECTION ( 'NONE',  ( 1.000000000000000000, 0.0000000000000000000, 0.0000000000000000000 ) ) ;
#677 = AXIS2_PLACEMENT_3D ( 'NONE', #1385, #1278, #604 ) ;
#678 = SURFACE_SIDE_STYLE ('',( #99 ) ) ;
#679 = ORIENTED_EDGE ( 'NONE', *, *, #1084, .T. ) ;
#680 = CARTESIAN_POINT ( 'NONE',  ( 7.250000000000001776, 14.49999999999999822, 23.00000000000000000 ) ) ;
#681 = CARTESIAN_POINT ( 'NONE',  ( -6.250000000000000000, 0.0000000000000000000, 0.1999999999999999278 ) ) ;
#682 = EDGE_CURVE ( 'NONE', #1127, #125, #881, .T. ) ;
#683 = FILL_AREA_STYLE_COLOUR ( '', #1164 ) ;
#684 = UNCERTAINTY_MEASURE_WITH_UNIT (LENGTH_MEASURE( 1.000000000000000082E-05 ), #1110, 'distance_accuracy_value', 'NONE');
#685 = PRODUCT_CONTEXT ( 'NONE', #1062, 'mechanical' ) ;
#686 = SURFACE_STYLE_FILL_AREA ( #365 ) ;
#687 = SURFACE_STYLE_FILL_AREA ( #228 ) ;
#688 = FILL_AREA_STYLE ('',( #229 ) ) ;
#689 =( NAMED_UNIT ( * ) PLANE_ANGLE_UNIT ( ) SI_UNIT ( $, .RADIAN. ) );
#690 = CARTESIAN_POINT ( 'NONE',  ( 0.0000000000000000000, 0.0000000000000000000, 24.89999999999999858 ) ) ;
#691 = ORIENTED_EDGE ( 'NONE', *, *, #372, .F. ) ;
#692 = EDGE_CURVE ( 'NONE', #569, #1078, #1023, .T. ) ;
#693 = SURFACE_STYLE_USAGE ( .BOTH. , #1169 ) ;
#694 = FACE_OUTER_BOUND ( 'NONE', #749, .T. ) ;
#695 = PRESENTATION_LAYER_ASSIGNMENT (  '', '', ( #934 ) ) ;
#696 = UNCERTAINTY_MEASURE_WITH_UNIT (LENGTH_MEASURE( 1.000000000000000082E-05 ), #397, 'distance_accuracy_value', 'NONE');
#697 = MECHANICAL_DESIGN_GEOMETRIC_PRESENTATION_REPRESENTATION (  '', ( #843 ), #1323 ) ;
#698 = CIRCLE ( 'NONE', #628, 7.250000000000000000 ) ;
#699 = CARTESIAN_POINT ( 'NONE',  ( -6.050000000000002487, 12.09999999999999609, 2.710505431213761085E-17 ) ) ;
#700 = DIRECTION ( 'NONE',  ( 0.0000000000000000000, -1.000000000000000000, 0.0000000000000000000 ) ) ;
#701 = PRODUCT_DEFINITION_FORMATION_WITH_SPECIFIED_SOURCE ( 'ANY', '', #421, .NOT_KNOWN. ) ;
#702 = CARTESIAN_POINT ( 'NONE',  ( -7.250000000000000000, 8.878689293818310074E-16, 23.00000000000000000 ) ) ;
#703 = ORIENTED_EDGE ( 'NONE', *, *, #742, .F. ) ;
#704 =( NAMED_UNIT ( * ) SI_UNIT ( $, .STERADIAN. ) SOLID_ANGLE_UNIT ( ) );
#705 =( NAMED_UNIT ( * ) PLANE_ANGLE_UNIT ( ) SI_UNIT ( $, .RADIAN. ) );
#706 = UNCERTAINTY_MEASURE_WITH_UNIT (LENGTH_MEASURE( 1.000000000000000082E-05 ), #1001, 'distance_accuracy_value', 'NONE');
#707 = CARTESIAN_POINT ( 'NONE',  ( 6.167157287525378173, 12.33431457505075990, 5.583609737426019729E-18 ) ) ;
#708 = CARTESIAN_POINT ( 'NONE',  ( -6.249999999999999112, -7.654042494670956620E-16, 0.2000000000000000111 ) ) ;
#709 = EDGE_CURVE ( 'NONE', #976, #461, #332, .T. ) ;
#710 = DIRECTION ( 'NONE',  ( 0.0000000000000000000, 0.0000000000000000000, 1.000000000000000000 ) ) ;
#711 = CARTESIAN_POINT ( 'NONE',  ( -6.250000000000000000, 7.654042494670957606E-16, 24.00000000000000000 ) ) ;
#712 = PRESENTATION_LAYER_ASSIGNMENT (  '', '', ( #1319 ) ) ;
#713 = VECTOR ( 'NONE', #1018, 1000.000000000000000 ) ;
#714 = CARTESIAN_POINT ( 'NONE',  ( 0.0000000000000000000, 0.0000000000000000000, 1.199999999999999956 ) ) ;
#715 = FILL_AREA_STYLE ('',( #1176 ) ) ;
#716 = MECHANICAL_DESIGN_GEOMETRIC_PRESENTATION_REPRESENTATION (  '', ( #1263 ), #185 ) ;
#717 = STYLED_ITEM ( 'NONE', ( #1133 ), #1275 ) ;
#718 = PRESENTATION_STYLE_ASSIGNMENT (( #141 ) ) ;
#719 = COLOUR_RGB ( '',0.2196078431372548989, 0.4313725490196078649, 1.000000000000000000 ) ;
#720 =( LENGTH_UNIT ( ) NAMED_UNIT ( * ) SI_UNIT ( .MILLI., .METRE. ) );
#721 = STYLED_ITEM ( 'NONE', ( #1148 ), #1082 ) ;
#722 = UNCERTAINTY_MEASURE_WITH_UNIT (LENGTH_MEASURE( 1.000000000000000082E-05 ), #559, 'distance_accuracy_value', 'NONE');
#723 = PRODUCT_DEFINITION_FORMATION_WITH_SPECIFIED_SOURCE ( 'ANY', '', #26, .NOT_KNOWN. ) ;
#724 = PRESENTATION_STYLE_ASSIGNMENT (( #488 ) ) ;
#725 = DIRECTION ( 'NONE',  ( 0.0000000000000000000, 0.0000000000000000000, 1.000000000000000000 ) ) ;
#726 = SHAPE_REPRESENTATION ( 'Cono', ( #610 ), #1 ) ;
#727 = FILL_AREA_STYLE ('',( #1100 ) ) ;
#728 = CARTESIAN_POINT ( 'NONE',  ( 0.0000000000000000000, 0.0000000000000000000, 1.000000000000000000 ) ) ;
#729 = PRESENTATION_STYLE_ASSIGNMENT (( #261 ) ) ;
#730 = CARTESIAN_POINT ( 'NONE',  ( 6.250000000000000000, 12.50000000000000000, 24.00000000000000355 ) ) ;
#731 = EDGE_CURVE ( 'NONE', #1145, #451, #787, .T. ) ;
#732 = CARTESIAN_POINT ( 'NONE',  ( 1.600000000000000089, 0.0000000000000000000, 25.39999999999999858 ) ) ;
#733 =( NAMED_UNIT ( * ) SI_UNIT ( $, .STERADIAN. ) SOLID_ANGLE_UNIT ( ) );
#734 =( NAMED_UNIT ( * ) PLANE_ANGLE_UNIT ( ) SI_UNIT ( $, .RADIAN. ) );
#735 = CARTESIAN_POINT ( 'NONE',  ( -6.167157287525379061, -7.552589432006230293E-16, 5.583609737426018188E-18 ) ) ;
#736 = SHAPE_REPRESENTATION ( 'Fillet002', ( #610 ), #848 ) ;
#737 = PRODUCT_DEFINITION_CONTEXT ( 'detailed design', #1448, 'design' ) ;
#738 = ORIENTED_EDGE ( 'NONE', *, *, #731, .F. ) ;
#739 = STYLED_ITEM ( 'NONE', ( #908 ), #503 ) ;
#740 = MECHANICAL_DESIGN_GEOMETRIC_PRESENTATION_REPRESENTATION (  '', ( #138 ), #116 ) ;
#741 = CARTESIAN_POINT ( 'NONE',  ( 0.0000000000000000000, 0.0000000000000000000, 0.0000000000000000000 ) ) ;
#742 = EDGE_CURVE ( 'NONE', #451, #1415, #238, .T. ) ;
#743 = PRESENTATION_LAYER_ASSIGNMENT (  '', '', ( #432 ) ) ;
#744 = CARTESIAN_POINT ( 'NONE',  ( -2.100000000000000089, 2.571758278209441957E-16, 24.89999999999999858 ) ) ;
#745 = CIRCLE ( 'NONE', #1214, 6.250000000022737368 ) ;
#746 = DIRECTION ( 'NONE',  ( 1.000000000000000000, 0.0000000000000000000, 0.0000000000000000000 ) ) ;
#747 = PLANE ( 'NONE',  #437 ) ;
#748 = ADVANCED_BREP_SHAPE_REPRESENTATION ( '', ( #1275, #610 ), #848 ) ;
#749 = EDGE_LOOP ( 'NONE', ( #1201, #668, #1107, #1032 ) ) ;
#750 = DIRECTION ( 'NONE',  ( 1.000000000000000000, 0.0000000000000000000, 0.0000000000000000000 ) ) ;
#751 = SURFACE_STYLE_FILL_AREA ( #1405 ) ;
#752 =( NAMED_UNIT ( * ) SI_UNIT ( $, .STERADIAN. ) SOLID_ANGLE_UNIT ( ) );
#753 = CARTESIAN_POINT ( 'NONE',  ( -2.100000000000000089, 2.571758278209441957E-16, 23.40000000000000213 ) ) ;
#754 = CARTESIAN_POINT ( 'NONE',  ( -7.250000000000000000, -8.878689293818310074E-16, 1.199999999999999956 ) ) ;
#755 = PRODUCT_DEFINITION_SHAPE ( 'NONE', 'NONE',  #969 ) ;
#756 = CARTESIAN_POINT ( 'NONE',  ( -2.100000000000000533, -4.199999999999999289, 24.90000000000000213 ) ) ;
#757 = CARTESIAN_POINT ( 'NONE',  ( -7.250000000000000888, -8.878689293818313032E-16, 0.6142135623730948790 ) ) ;
#758 = DIRECTION ( 'NONE',  ( -1.224646799147353207E-16, -1.000000000000000000, 0.0000000000000000000 ) ) ;
#759 = CARTESIAN_POINT ( 'NONE',  ( -6.250000000000000000, -7.654042494670957606E-16, 0.1999999999999998723 ) ) ;
#760 = EDGE_CURVE ( 'NONE', #103, #1122, #1277, .T. ) ;
#761 =( NAMED_UNIT ( * ) SI_UNIT ( $, .STERADIAN. ) SOLID_ANGLE_UNIT ( ) );
#762 = ORIENTED_EDGE ( 'NONE', *, *, #709, .T. ) ;
#763 = FACE_OUTER_BOUND ( 'NONE', #1417, .T. ) ;
#764 =( NAMED_UNIT ( * ) SI_UNIT ( $, .STERADIAN. ) SOLID_ANGLE_UNIT ( ) );
#765 = CARTESIAN_POINT ( 'NONE',  ( 1.892893218813452849, 0.0000000000000000000, 25.39999999999999858 ) ) ;
#766 = CARTESIAN_POINT ( 'NONE',  ( -7.250000000000000000, 8.878689293818310074E-16, 19.00000000000000000 ) ) ;
#767 = COLOUR_RGB ( '',0.8000000000000000444, 0.8000000000000000444, 0.8000000000000000444 ) ;
#768 =( NAMED_UNIT ( * ) SI_UNIT ( $, .STERADIAN. ) SOLID_ANGLE_UNIT ( ) );
#769 =( GEOMETRIC_REPRESENTATION_CONTEXT ( 3 ) GLOBAL_UNCERTAINTY_ASSIGNED_CONTEXT ( ( #425 ) ) GLOBAL_UNIT_ASSIGNED_CONTEXT ( ( #1388, #1374, #247 ) ) REPRESENTATION_CONTEXT ( 'NONE', 'WORKASPACE' ) );
#770 = ORIENTED_EDGE ( 'NONE', *, *, #893, .T. ) ;
#771 = PRODUCT_RELATED_PRODUCT_CATEGORY ( 'part', '', ( #150 ) ) ;
#772 = UNCERTAINTY_MEASURE_WITH_UNIT (LENGTH_MEASURE( 1.000000000000000082E-05 ), #327, 'distance_accuracy_value', 'NONE');
#773 = AXIS2_PLACEMENT_3D ( 'NONE', #483, #127, #1262 ) ;
#774 = SURFACE_STYLE_FILL_AREA ( #811 ) ;
#775 = DIRECTION ( 'NONE',  ( -1.000000000000000000, 0.0000000000000000000, 0.0000000000000000000 ) ) ;
#776 = MANIFOLD_SOLID_BREP ( 'Imported1', #68 ) ;
#777 =( LENGTH_UNIT ( ) NAMED_UNIT ( * ) SI_UNIT ( .MILLI., .METRE. ) );
#778 = CARTESIAN_POINT ( 'NONE',  ( -6.250000000022737368, 0.0000000000000000000, 23.99999999999380407 ) ) ;
#779 = DIRECTION ( 'NONE',  ( 1.000000000000000000, 0.0000000000000000000, -0.0000000000000000000 ) ) ;
#780 = ORIENTED_EDGE ( 'NONE', *, *, #467, .F. ) ;
#781 = DIRECTION ( 'NONE',  ( -1.224646799147353207E-16, -1.000000000000000000, 0.0000000000000000000 ) ) ;
#782 = SHAPE_DEFINITION_REPRESENTATION ( #653, #736 ) ;
#783 = EDGE_CURVE ( 'NONE', #103, #1078, #1124, .T. ) ;
#784 = SURFACE_STYLE_USAGE ( .BOTH. , #321 ) ;
#785 =( NAMED_UNIT ( * ) SI_UNIT ( $, .STERADIAN. ) SOLID_ANGLE_UNIT ( ) );
#786 = CARTESIAN_POINT ( 'NONE',  ( 6.250000000000000000, 0.0000000000000000000, 23.00000000000000000 ) ) ;
#787 =( BOUNDED_CURVE ( )  B_SPLINE_CURVE ( 3, ( #732, #156, #622, #400 ),
 .UNSPECIFIED., .F., .F. ) 
 B_SPLINE_CURVE_WITH_KNOTS ( ( 4, 4 ),
 ( 0.0000000000000000000, 0.5000000000000000000 ),
 .UNSPECIFIED. ) 
 CURVE ( )  GEOMETRIC_REPRESENTATION_ITEM ( )  RATIONAL_B_SPLINE_CURVE ( ( 1.000000000000000000, 0.3333333333333333703, 0.3333333333333333703, 1.000000000000000000 ) ) 
 REPRESENTATION_ITEM ( '' )  );
#788 = SURFACE_STYLE_USAGE ( .BOTH. , #324 ) ;
#789 = UNCERTAINTY_MEASURE_WITH_UNIT (LENGTH_MEASURE( 1.000000000000000082E-05 ), #43, 'distance_accuracy_value', 'NONE');
#790 = PLANE ( 'NONE',  #1459 ) ;
#791 = MANIFOLD_SOLID_BREP ( 'Imported1', #605 ) ;
#792 = ADVANCED_FACE ( 'NONE', ( #1058 ), #108, .T. ) ;
#793 = SHAPE_REPRESENTATION_RELATIONSHIP ( 'NONE' , 'NONE' ,  #1376, #1082 ) ;
#794 = MANIFOLD_SOLID_BREP ( 'Imported1', #1147 ) ;
#795 = FILL_AREA_STYLE ('',( #683 ) ) ;
#796 = CIRCLE ( 'NONE', #463, 1.000000000000000000 ) ;
#797 = ORIENTED_EDGE ( 'NONE', *, *, #372, .T. ) ;
#798 =( BOUNDED_SURFACE ( )  B_SPLINE_SURFACE ( 3, 3, ( 
 ( #759, #1307, #58, #193 ),
 ( #174, #535, #409, #871 ),
 ( #1199, #544, #1316, #295 ),
 ( #754, #646, #1469, #110 ) ),
 .UNSPECIFIED., .F., .F., .T. ) 
 B_SPLINE_SURFACE_WITH_KNOTS ( ( 4, 4 ),
 ( 4, 4 ),
 ( 0.0000000000000000000, 1.000000000000000000 ),
 ( 0.0000000000000000000, 1.000000000000000000 ),
 .UNSPECIFIED. ) 
 GEOMETRIC_REPRESENTATION_ITEM ( )  RATIONAL_B_SPLINE_SURFACE ( (
 ( 1.000000000000000000, 0.3333333333333334259, 0.3333333333333334259, 1.000000000000000000),
 ( 0.8047378541243649375, 0.2682459513747884050, 0.2682459513747884050, 0.8047378541243649375),
 ( 0.8047378541243649375, 0.2682459513747884050, 0.2682459513747884050, 0.8047378541243649375),
 ( 1.000000000000000000, 0.3333333333333334259, 0.3333333333333334259, 1.000000000000000000) ) ) 
 REPRESENTATION_ITEM ( '' )  SURFACE ( )  );
#799 = AXIS2_PLACEMENT_3D ( 'NONE', #820, #1368, #1270 ) ;
#800 =( NAMED_UNIT ( * ) PLANE_ANGLE_UNIT ( ) SI_UNIT ( $, .RADIAN. ) );
#801 = ORIENTED_EDGE ( 'NONE', *, *, #809, .F. ) ;
#802 = PRODUCT_CONTEXT ( 'NONE', #1211, 'mechanical' ) ;
#803 = MECHANICAL_DESIGN_GEOMETRIC_PRESENTATION_REPRESENTATION (  '', ( #394 ), #285 ) ;
#804 = AXIS2_PLACEMENT_3D ( 'NONE', #741, #1108, #538 ) ;
#805 =( NAMED_UNIT ( * ) PLANE_ANGLE_UNIT ( ) SI_UNIT ( $, .RADIAN. ) );
#806 = PRODUCT_DEFINITION ( 'UNKNOWN', '', #1359, #398 ) ;
#807 = FILL_AREA_STYLE ('',( #1341 ) ) ;
#808 =( NAMED_UNIT ( * ) SI_UNIT ( $, .STERADIAN. ) SOLID_ANGLE_UNIT ( ) );
#809 = EDGE_CURVE ( 'NONE', #904, #300, #1456, .T. ) ;
#810 =( LENGTH_UNIT ( ) NAMED_UNIT ( * ) SI_UNIT ( .MILLI., .METRE. ) );
#811 = FILL_AREA_STYLE ('',( #344 ) ) ;
#812 = ORIENTED_EDGE ( 'NONE', *, *, #600, .F. ) ;
#813 = PRODUCT_CONTEXT ( 'NONE', #1420, 'mechanical' ) ;
#814 = FACE_OUTER_BOUND ( 'NONE', #1410, .T. ) ;
#815 = ORIENTED_EDGE ( 'NONE', *, *, #1084, .F. ) ;
#816 =( NAMED_UNIT ( * ) SI_UNIT ( $, .STERADIAN. ) SOLID_ANGLE_UNIT ( ) );
#817 = ORIENTED_EDGE ( 'NONE', *, *, #692, .F. ) ;
#818 = APPLICATION_PROTOCOL_DEFINITION ( 'draft international standard', 'automotive_design', 1998, #1310 ) ;
#819 = CARTESIAN_POINT ( 'NONE',  ( 0.0000000000000000000, 0.0000000000000000000, 1.000000000000000000 ) ) ;
#820 = CARTESIAN_POINT ( 'NONE',  ( 0.0000000000000000000, 0.0000000000000000000, 24.00000000000000000 ) ) ;
#821 = CARTESIAN_POINT ( 'NONE',  ( -7.250000000000001776, -14.49999999999999645, 23.58578643762690419 ) ) ;
#822 = STYLED_ITEM ( 'NONE', ( #1422 ), #794 ) ;
#823 = UNCERTAINTY_MEASURE_WITH_UNIT (LENGTH_MEASURE( 1.000000000000000082E-05 ), #998, 'distance_accuracy_value', 'NONE');
#824 = CIRCLE ( 'NONE', #163, 2.100000000000000089 ) ;
#825 = COLOUR_RGB ( '',0.0000000000000000000, 0.0000000000000000000, 0.0000000000000000000 ) ;
#826 = DIRECTION ( 'NONE',  ( 0.0000000000000000000, 0.0000000000000000000, 1.000000000000000000 ) ) ;
#827 = PRESENTATION_LAYER_ASSIGNMENT (  '', '', ( #721 ) ) ;
#828 = ADVANCED_BREP_SHAPE_REPRESENTATION ( '', ( #791, #610 ), #1 ) ;
#829 = FILL_AREA_STYLE_COLOUR ( '', #281 ) ;
#830 = CARTESIAN_POINT ( 'NONE',  ( 0.0000000000000000000, 0.0000000000000000000, 23.99999999999380407 ) ) ;
#831 = ADVANCED_FACE ( 'NONE', ( #987 ), #798, .T. ) ;
#832 = DIRECTION ( 'NONE',  ( 0.0000000000000000000, 0.0000000000000000000, 1.000000000000000000 ) ) ;
#833 =( NAMED_UNIT ( * ) PLANE_ANGLE_UNIT ( ) SI_UNIT ( $, .RADIAN. ) );
#834 = CARTESIAN_POINT ( 'NONE',  ( -6.250000000000002665, -12.49999999999999822, 24.00000000000000000 ) ) ;
#835 =( BOUNDED_CURVE ( )  B_SPLINE_CURVE ( 3, ( #102, #1450, #1468, #681 ),
 .UNSPECIFIED., .F., .F. ) 
 B_SPLINE_CURVE_WITH_KNOTS ( ( 4, 4 ),
 ( 0.0000000000000000000, 0.5000000000000000000 ),
 .UNSPECIFIED. ) 
 CURVE ( )  GEOMETRIC_REPRESENTATION_ITEM ( )  RATIONAL_B_SPLINE_CURVE ( ( 1.000000000000000000, 0.3333333333333333703, 0.3333333333333333703, 1.000000000000000000 ) ) 
 REPRESENTATION_ITEM ( '' )  );
#836 = PLANE ( 'NONE',  #91 ) ;
#837 =( LENGTH_UNIT ( ) NAMED_UNIT ( * ) SI_UNIT ( .MILLI., .METRE. ) );
#838 = FILL_AREA_STYLE ('',( #1284 ) ) ;
#839 = AXIS2_PLACEMENT_3D ( 'NONE', #1315, #880, #672 ) ;
#840 = CARTESIAN_POINT ( 'NONE',  ( 0.0000000000000000000, 0.0000000000000000000, 0.0000000000000000000 ) ) ;
#841 =( GEOMETRIC_REPRESENTATION_CONTEXT ( 3 ) GLOBAL_UNCERTAINTY_ASSIGNED_CONTEXT ( ( #577 ) ) GLOBAL_UNIT_ASSIGNED_CONTEXT ( ( #146, #277, #271 ) ) REPRESENTATION_CONTEXT ( 'NONE', 'WORKASPACE' ) );
#842 = COLOUR_RGB ( '',0.2000000000000000111, 1.000000000000000000, 0.4705882352941176405 ) ;
#843 = STYLED_ITEM ( 'NONE', ( #260 ), #24 ) ;
#844 =( LENGTH_UNIT ( ) NAMED_UNIT ( * ) SI_UNIT ( .MILLI., .METRE. ) );
#845 = FILL_AREA_STYLE ('',( #1378 ) ) ;
#846 = CARTESIAN_POINT ( 'NONE',  ( 6.249999999999999112, 0.0000000000000000000, 0.2000000000000000111 ) ) ;
#847 =( LENGTH_UNIT ( ) NAMED_UNIT ( * ) SI_UNIT ( .MILLI., .METRE. ) );
#848 =( GEOMETRIC_REPRESENTATION_CONTEXT ( 3 ) GLOBAL_UNCERTAINTY_ASSIGNED_CONTEXT ( ( #1225 ) ) GLOBAL_UNIT_ASSIGNED_CONTEXT ( ( #837, #1402, #33 ) ) REPRESENTATION_CONTEXT ( 'NONE', 'WORKASPACE' ) );
#849 = EDGE_CURVE ( 'NONE', #569, #461, #886, .T. ) ;
#850 = ADVANCED_FACE ( 'NONE', ( #381 ), #1158, .T. ) ;
#851 = SURFACE_STYLE_FILL_AREA ( #1398 ) ;
#852 = ORIENTED_EDGE ( 'NONE', *, *, #809, .T. ) ;
#853 = DIRECTION ( 'NONE',  ( 0.9928201254013451216, 1.215853988701831165E-16, -0.1196168825795813212 ) ) ;
#854 = CARTESIAN_POINT ( 'NONE',  ( -6.835786437626905077, -8.371423980494677449E-16, 0.1999999999999997335 ) ) ;
#855 = CARTESIAN_POINT ( 'NONE',  ( 1.600000000000000089, 0.0000000000000000000, 24.89999999999999858 ) ) ;
#856 = DIRECTION ( 'NONE',  ( -0.0000000000000000000, -0.0000000000000000000, -1.000000000000000000 ) ) ;
#857 = EDGE_LOOP ( 'NONE', ( #1243, #1435 ) ) ;
#858 = CARTESIAN_POINT ( 'NONE',  ( 2.099999999999999201, -4.200000000000000178, 24.90000000000000213 ) ) ;
#859 = CARTESIAN_POINT ( 'NONE',  ( -7.250000000000000000, -8.878689293818310074E-16, 1.199999999999999956 ) ) ;
#860 = CARTESIAN_POINT ( 'NONE',  ( 6.250000000000000000, 0.0000000000000000000, 0.0000000000000000000 ) ) ;
#861 = FILL_AREA_STYLE ('',( #307 ) ) ;
#862 = STYLED_ITEM ( 'NONE', ( #665 ), #414 ) ;
#863 = EDGE_LOOP ( 'NONE', ( #436, #284, #762, #1481 ) ) ;
#864 = CARTESIAN_POINT ( 'NONE',  ( 0.0000000000000000000, 0.0000000000000000000, 23.00000000000000000 ) ) ;
#865 = AXIS2_PLACEMENT_3D ( 'NONE', #85, #303, #1113 ) ;
#866 = COLOUR_RGB ( '',0.8000000000000000444, 0.8000000000000000444, 0.8000000000000000444 ) ;
#867 = DIRECTION ( 'NONE',  ( 0.0000000000000000000, 0.0000000000000000000, 1.000000000000000000 ) ) ;
#868 = SURFACE_SIDE_STYLE ('',( #1288 ) ) ;
#869 = MECHANICAL_DESIGN_GEOMETRIC_PRESENTATION_REPRESENTATION (  '', ( #593 ), #570 ) ;
#870 = PRESENTATION_LAYER_ASSIGNMENT (  '', '', ( #594 ) ) ;
#871 = CARTESIAN_POINT ( 'NONE',  ( 6.835786437626905077, 1.674284796098935884E-15, 0.1999999999999997335 ) ) ;
#872 = MECHANICAL_DESIGN_GEOMETRIC_PRESENTATION_REPRESENTATION (  '', ( #892 ), #1104 ) ;
#873 = EDGE_LOOP ( 'NONE', ( #31, #930, #1087, #549 ) ) ;
#874 = SURFACE_STYLE_USAGE ( .BOTH. , #641 ) ;
#875 = CARTESIAN_POINT ( 'NONE',  ( 7.250000000000000888, 0.0000000000000000000, 0.6142135623730948790 ) ) ;
#876 = ORIENTED_EDGE ( 'NONE', *, *, #682, .T. ) ;
#877 = CARTESIAN_POINT ( 'NONE',  ( 6.250000000000000000, 0.0000000000000000000, 24.00000000000000000 ) ) ;
#878 = DIRECTION ( 'NONE',  ( 1.000000000000000000, 0.0000000000000000000, 0.0000000000000000000 ) ) ;
#879 = EDGE_CURVE ( 'NONE', #434, #904, #1462, .T. ) ;
#880 = DIRECTION ( 'NONE',  ( 0.0000000000000000000, 0.0000000000000000000, 1.000000000000000000 ) ) ;
#881 = CIRCLE ( 'NONE', #952, 7.250000000000000000 ) ;
#882 = CARTESIAN_POINT ( 'NONE',  ( 0.0000000000000000000, 0.0000000000000000000, 23.40000000000000213 ) ) ;
#883 = PRESENTATION_LAYER_ASSIGNMENT (  '', '', ( #822 ) ) ;
#884 = MECHANICAL_DESIGN_GEOMETRIC_PRESENTATION_REPRESENTATION (  '', ( #41 ), #390 ) ;
#885 = MECHANICAL_DESIGN_GEOMETRIC_PRESENTATION_REPRESENTATION (  '', ( #543 ), #1264 ) ;
#886 = LINE ( 'NONE', #1119, #1028 ) ;
#887 =( BOUNDED_CURVE ( )  B_SPLINE_CURVE ( 3, ( #274, #298, #38, #639 ),
 .UNSPECIFIED., .F., .F. ) 
 B_SPLINE_CURVE_WITH_KNOTS ( ( 4, 4 ),
 ( 0.5000000000000000000, 1.000000000000000000 ),
 .UNSPECIFIED. ) 
 CURVE ( )  GEOMETRIC_REPRESENTATION_ITEM ( )  RATIONAL_B_SPLINE_CURVE ( ( 1.000000000000000000, 0.3333333333333333703, 0.3333333333333333703, 1.000000000000000000 ) ) 
 REPRESENTATION_ITEM ( '' )  );
#888 = MECHANICAL_DESIGN_GEOMETRIC_PRESENTATION_REPRESENTATION (  '', ( #217 ), #1304 ) ;
#889 = UNCERTAINTY_MEASURE_WITH_UNIT (LENGTH_MEASURE( 1.000000000000000082E-05 ), #313, 'distance_accuracy_value', 'NONE');
#890 = DIRECTION ( 'NONE',  ( 0.0000000000000000000, 0.0000000000000000000, 1.000000000000000000 ) ) ;
#891 = ORIENTED_EDGE ( 'NONE', *, *, #131, .T. ) ;
#892 = STYLED_ITEM ( 'NONE', ( #960 ), #850 ) ;
#893 = EDGE_CURVE ( 'NONE', #98, #125, #1237, .T. ) ;
#894 = UNCERTAINTY_MEASURE_WITH_UNIT (LENGTH_MEASURE( 1.000000000000000082E-05 ), #1285, 'distance_accuracy_value', 'NONE');
#895 = ORIENTED_EDGE ( 'NONE', *, *, #97, .T. ) ;
#896 = FILL_AREA_STYLE ('',( #440 ) ) ;
#897 = FILL_AREA_STYLE ('',( #599 ) ) ;
#898 = DIRECTION ( 'NONE',  ( 1.000000000000000000, 0.0000000000000000000, 0.0000000000000000000 ) ) ;
#899 = FACE_OUTER_BOUND ( 'NONE', #1067, .T. ) ;
#900 = SHAPE_DEFINITION_REPRESENTATION ( #954, #430 ) ;
#901 = FACE_OUTER_BOUND ( 'NONE', #863, .T. ) ;
#902 = FACE_OUTER_BOUND ( 'NONE', #857, .T. ) ;
#903 = CYLINDRICAL_SURFACE ( 'NONE', #45, 7.250000000000000000 ) ;
#904 = VERTEX_POINT ( 'NONE', #778 ) ;
#905 = UNCERTAINTY_MEASURE_WITH_UNIT (LENGTH_MEASURE( 1.000000000000000082E-05 ), #252, 'distance_accuracy_value', 'NONE');
#906 = PRESENTATION_STYLE_ASSIGNMENT (( #205 ) ) ;
#907 = EDGE_LOOP ( 'NONE', ( #237, #1121, #965, #691 ) ) ;
#908 = PRESENTATION_STYLE_ASSIGNMENT (( #94 ) ) ;
#909 = ADVANCED_FACE ( 'NONE', ( #902 ), #322, .F. ) ;
#910 = FACE_OUTER_BOUND ( 'NONE', #590, .T. ) ;
#911 = PRESENTATION_LAYER_ASSIGNMENT (  '', '', ( #1298 ) ) ;
#912 = COLOUR_RGB ( '',0.2196078431372548989, 0.4313725490196078649, 1.000000000000000000 ) ;
#913 = EDGE_LOOP ( 'NONE', ( #584, #1136, #876, #195 ) ) ;
#914 = EDGE_LOOP ( 'NONE', ( #342, #393, #770, #1484 ) ) ;
#915 =( GEOMETRIC_REPRESENTATION_CONTEXT ( 3 ) GLOBAL_UNCERTAINTY_ASSIGNED_CONTEXT ( ( #196 ) ) GLOBAL_UNIT_ASSIGNED_CONTEXT ( ( #563, #105, #236 ) ) REPRESENTATION_CONTEXT ( 'NONE', 'WORKASPACE' ) );
#916 = CIRCLE ( 'NONE', #574, 2.100000000000000089 ) ;
#917 = CARTESIAN_POINT ( 'NONE',  ( -6.250000000000001776, 12.49999999999999822, 0.1999999999999999833 ) ) ;
#918 =( NAMED_UNIT ( * ) SI_UNIT ( $, .STERADIAN. ) SOLID_ANGLE_UNIT ( ) );
#919 = APPLICATION_CONTEXT ( 'automotive_design' ) ;
#920 = EDGE_CURVE ( 'NONE', #180, #125, #1207, .T. ) ;
#921 = PRESENTATION_STYLE_ASSIGNMENT (( #234 ) ) ;
#922 = FILL_AREA_STYLE ('',( #1030 ) ) ;
#923 = ORIENTED_EDGE ( 'NONE', *, *, #1372, .F. ) ;
#924 = APPLICATION_PROTOCOL_DEFINITION ( 'draft international standard', 'automotive_design', 1998, #1048 ) ;
#925 =( NAMED_UNIT ( * ) SI_UNIT ( $, .STERADIAN. ) SOLID_ANGLE_UNIT ( ) );
#926 = SURFACE_SIDE_STYLE ('',( #249 ) ) ;
#927 = PRODUCT_RELATED_PRODUCT_CATEGORY ( 'part', '', ( #421 ) ) ;
#928 =( NAMED_UNIT ( * ) SI_UNIT ( $, .STERADIAN. ) SOLID_ANGLE_UNIT ( ) );
#929 = CARTESIAN_POINT ( 'NONE',  ( -6.835786437626907741, -13.67157287525380838, 24.00000000000000000 ) ) ;
#930 = ORIENTED_EDGE ( 'NONE', *, *, #1194, .T. ) ;
#931 = CARTESIAN_POINT ( 'NONE',  ( 0.0000000000000000000, 0.0000000000000000000, 0.0000000000000000000 ) ) ;
#932 = CARTESIAN_POINT ( 'NONE',  ( 0.0000000000000000000, 0.0000000000000000000, 23.40000000000000213 ) ) ;
#933 = DIRECTION ( 'NONE',  ( 1.000000000000000000, 0.0000000000000000000, -0.0000000000000000000 ) ) ;
#934 = STYLED_ITEM ( 'NONE', ( #1070 ), #648 ) ;
#935 =( GEOMETRIC_REPRESENTATION_CONTEXT ( 3 ) GLOBAL_UNCERTAINTY_ASSIGNED_CONTEXT ( ( #1471 ) ) GLOBAL_UNIT_ASSIGNED_CONTEXT ( ( #186, #1123, #113 ) ) REPRESENTATION_CONTEXT ( 'NONE', 'WORKASPACE' ) );
#936 = COLOUR_RGB ( '',0.2196078431372548989, 0.4313725490196078649, 1.000000000000000000 ) ;
#937 =( GEOMETRIC_REPRESENTATION_CONTEXT ( 3 ) GLOBAL_UNCERTAINTY_ASSIGNED_CONTEXT ( ( #480 ) ) GLOBAL_UNIT_ASSIGNED_CONTEXT ( ( #810, #450, #1015 ) ) REPRESENTATION_CONTEXT ( 'NONE', 'WORKASPACE' ) );
#938 = SURFACE_STYLE_FILL_AREA ( #896 ) ;
#939 = AXIS2_PLACEMENT_3D ( 'NONE', #932, #368, #235 ) ;
#940 = MECHANICAL_DESIGN_GEOMETRIC_PRESENTATION_REPRESENTATION (  '', ( #441 ), #124 ) ;
#941 = DIRECTION ( 'NONE',  ( 1.000000000000000000, 0.0000000000000000000, 0.0000000000000000000 ) ) ;
#942 = CARTESIAN_POINT ( 'NONE',  ( -7.250000000000002665, -14.49999999999999822, 23.00000000000000000 ) ) ;
#943 = PLANE ( 'NONE',  #1054 ) ;
#944 = ADVANCED_FACE ( 'NONE', ( #910 ), #1351, .F. ) ;
#945 = CARTESIAN_POINT ( 'NONE',  ( 6.249999999999999112, 1.530808498934191324E-15, 0.2000000000000000111 ) ) ;
#946 = DIRECTION ( 'NONE',  ( 1.000000000000000000, 0.0000000000000000000, 0.0000000000000000000 ) ) ;
#947 = FILL_AREA_STYLE ('',( #1154 ) ) ;
#948 = CARTESIAN_POINT ( 'NONE',  ( -7.250000000000000000, 8.878689293818310074E-16, 23.00000000000000000 ) ) ;
#949 = CARTESIAN_POINT ( 'NONE',  ( -6.250000000000000000, 7.654042494670957606E-16, 24.00000000000000000 ) ) ;
#950 = ADVANCED_FACE ( 'NONE', ( #1157 ), #242, .F. ) ;
#951 = SURFACE_SIDE_STYLE ('',( #1160 ) ) ;
#952 = AXIS2_PLACEMENT_3D ( 'NONE', #864, #53, #1063 ) ;
#953 = SURFACE_STYLE_FILL_AREA ( #353 ) ;
#954 = PRODUCT_DEFINITION_SHAPE ( 'NONE', 'NONE',  #82 ) ;
#955 = MECHANICAL_DESIGN_GEOMETRIC_PRESENTATION_REPRESENTATION (  '', ( #435 ), #609 ) ;
#956 = DIRECTION ( 'NONE',  ( 1.000000000000000000, 0.0000000000000000000, 0.0000000000000000000 ) ) ;
#957 =( NAMED_UNIT ( * ) PLANE_ANGLE_UNIT ( ) SI_UNIT ( $, .RADIAN. ) );
#958 = MECHANICAL_DESIGN_GEOMETRIC_PRESENTATION_REPRESENTATION (  '', ( #1306 ), #1152 ) ;
#959 = FACE_OUTER_BOUND ( 'NONE', #579, .T. ) ;
#960 = PRESENTATION_STYLE_ASSIGNMENT (( #520 ) ) ;
#961 = COLOUR_RGB ( '',0.8000000000000000444, 0.8000000000000000444, 0.8000000000000000444 ) ;
#962 = ADVANCED_FACE ( 'NONE', ( #373 ), #12, .T. ) ;
#963 = DIRECTION ( 'NONE',  ( -1.000000000000000000, 1.224646799147352468E-16, 0.0000000000000000000 ) ) ;
#964 = FILL_AREA_STYLE_COLOUR ( '', #825 ) ;
#965 = ORIENTED_EDGE ( 'NONE', *, *, #454, .T. ) ;
#966 = DIRECTION ( 'NONE',  ( 1.000000000000000000, 0.0000000000000000000, 0.0000000000000000000 ) ) ;
#967 = DIRECTION ( 'NONE',  ( -0.0000000000000000000, -0.0000000000000000000, -1.000000000000000000 ) ) ;
#968 = PRESENTATION_STYLE_ASSIGNMENT (( #1311 ) ) ;
#969 = PRODUCT_DEFINITION ( 'UNKNOWN', '', #723, #737 ) ;
#970 = DIRECTION ( 'NONE',  ( 0.0000000000000000000, 0.0000000000000000000, 1.000000000000000000 ) ) ;
#971 = FILL_AREA_STYLE ('',( #152 ) ) ;
#972 = APPLICATION_PROTOCOL_DEFINITION ( 'draft international standard', 'automotive_design', 1998, #1480 ) ;
#973 = CARTESIAN_POINT ( 'NONE',  ( 1.892893218813451961, -3.785786437626904810, 25.39999999999999858 ) ) ;
#974 = CARTESIAN_POINT ( 'NONE',  ( 6.250000000022737368, 7.654042494698803410E-16, 23.99999999999380407 ) ) ;
#975 = CARTESIAN_POINT ( 'NONE',  ( -6.250000000000000000, 7.654042494670957606E-16, 24.00000000000000000 ) ) ;
#976 = VERTEX_POINT ( 'NONE', #379 ) ;
#977 = COLOUR_RGB ( '',0.8000000000000000444, 0.8000000000000000444, 0.8000000000000000444 ) ;
#978 = DIRECTION ( 'NONE',  ( 1.000000000000000000, 0.0000000000000000000, -0.0000000000000000000 ) ) ;
#979 = DIRECTION ( 'NONE',  ( 0.0000000000000000000, 0.0000000000000000000, 1.000000000000000000 ) ) ;
#980 = AXIS2_PLACEMENT_3D ( 'NONE', #369, #640, #1077 ) ;
#981 =( GEOMETRIC_REPRESENTATION_CONTEXT ( 3 ) GLOBAL_UNCERTAINTY_ASSIGNED_CONTEXT ( ( #1052 ) ) GLOBAL_UNIT_ASSIGNED_CONTEXT ( ( #847, #542, #629 ) ) REPRESENTATION_CONTEXT ( 'NONE', 'WORKASPACE' ) );
#982 = PRESENTATION_STYLE_ASSIGNMENT (( #539 ) ) ;
#983 = CARTESIAN_POINT ( 'NONE',  ( -6.249999999999999112, -12.49999999999999822, 0.1999999999999998723 ) ) ;
#984 = PRESENTATION_LAYER_ASSIGNMENT (  '', '', ( #1010 ) ) ;
#985 =( NAMED_UNIT ( * ) PLANE_ANGLE_UNIT ( ) SI_UNIT ( $, .RADIAN. ) );
#986 = CARTESIAN_POINT ( 'NONE',  ( 6.049999999999999822, 0.0000000000000000000, 0.2000000000000000111 ) ) ;
#987 = FACE_OUTER_BOUND ( 'NONE', #1003, .T. ) ;
#988 = CIRCLE ( 'NONE', #1187, 6.250000000000000000 ) ;
#989 = CARTESIAN_POINT ( 'NONE',  ( 0.0000000000000000000, 0.0000000000000000000, 25.39999999999999858 ) ) ;
#990 = SURFACE_SIDE_STYLE ('',( #1227 ) ) ;
#991 = DIRECTION ( 'NONE',  ( 1.000000000000000000, 0.0000000000000000000, 0.0000000000000000000 ) ) ;
#992 =( NAMED_UNIT ( * ) PLANE_ANGLE_UNIT ( ) SI_UNIT ( $, .RADIAN. ) );
#993 = DIRECTION ( 'NONE',  ( 1.000000000000000000, 0.0000000000000000000, 0.0000000000000000000 ) ) ;
#994 = ORIENTED_EDGE ( 'NONE', *, *, #1303, .F. ) ;
#995 = UNCERTAINTY_MEASURE_WITH_UNIT (LENGTH_MEASURE( 1.000000000000000082E-05 ), #1138, 'distance_accuracy_value', 'NONE');
#996 = DIRECTION ( 'NONE',  ( 0.0000000000000000000, 0.0000000000000000000, 1.000000000000000000 ) ) ;
#997 = CARTESIAN_POINT ( 'NONE',  ( -2.100000000000000089, 2.571758278209441957E-16, 24.89999999999999858 ) ) ;
#998 =( LENGTH_UNIT ( ) NAMED_UNIT ( * ) SI_UNIT ( .MILLI., .METRE. ) );
#999 = ADVANCED_FACE ( 'NONE', ( #1060 ), #1093, .T. ) ;
#1000 = CYLINDRICAL_SURFACE ( 'NONE', #839, 7.250000000000000000 ) ;
#1001 =( LENGTH_UNIT ( ) NAMED_UNIT ( * ) SI_UNIT ( .MILLI., .METRE. ) );
#1002 = CARTESIAN_POINT ( 'NONE',  ( 0.0000000000000000000, 0.0000000000000000000, 0.2000000000000000111 ) ) ;
#1003 = EDGE_LOOP ( 'NONE', ( #286, #333, #817, #1111 ) ) ;
#1004 = VECTOR ( 'NONE', #192, 1000.000000000000000 ) ;
#1005 = APPLICATION_PROTOCOL_DEFINITION ( 'draft international standard', 'automotive_design', 1998, #1420 ) ;
#1006 = PRESENTATION_LAYER_ASSIGNMENT (  '', '', ( #1065 ) ) ;
#1007 = SURFACE_SIDE_STYLE ('',( #304 ) ) ;
#1008 = COLOUR_RGB ( '',0.0000000000000000000, 0.0000000000000000000, 0.0000000000000000000 ) ;
#1009 =( NAMED_UNIT ( * ) PLANE_ANGLE_UNIT ( ) SI_UNIT ( $, .RADIAN. ) );
#1010 = STYLED_ITEM ( 'NONE', ( #1259 ), #950 ) ;
#1011 = CONICAL_SURFACE ( 'NONE', #1461, 6.250000000022737368, 1.450892341428774657 ) ;
#1012 = ORIENTED_EDGE ( 'NONE', *, *, #36, .T. ) ;
#1013 = DIRECTION ( 'NONE',  ( 0.0000000000000000000, 0.0000000000000000000, 1.000000000000000000 ) ) ;
#1014 = PRESENTATION_STYLE_ASSIGNMENT (( #674 ) ) ;
#1015 =( NAMED_UNIT ( * ) SI_UNIT ( $, .STERADIAN. ) SOLID_ANGLE_UNIT ( ) );
#1016 = ORIENTED_EDGE ( 'NONE', *, *, #97, .F. ) ;
#1017 = CARTESIAN_POINT ( 'NONE',  ( 2.100000000000000533, 0.0000000000000000000, 25.19289321881344534 ) ) ;
#1018 = DIRECTION ( 'NONE',  ( 0.0000000000000000000, 0.0000000000000000000, 1.000000000000000000 ) ) ;
#1019 = CARTESIAN_POINT ( 'NONE',  ( 0.0000000000000000000, 0.0000000000000000000, 23.00000000000000000 ) ) ;
#1020 = UNCERTAINTY_MEASURE_WITH_UNIT (LENGTH_MEASURE( 1.000000000000000082E-05 ), #267, 'distance_accuracy_value', 'NONE');
#1021 = EDGE_LOOP ( 'NONE', ( #50, #1130 ) ) ;
#1022 = CARTESIAN_POINT ( 'NONE',  ( -6.167157287525379061, -7.552589432006230293E-16, 5.583609737426018188E-18 ) ) ;
#1023 = CIRCLE ( 'NONE', #407, 7.250000000000000000 ) ;
#1024 = PRESENTATION_STYLE_ASSIGNMENT (( #339 ) ) ;
#1025 = DIRECTION ( 'NONE',  ( 0.0000000000000000000, 0.0000000000000000000, 1.000000000000000000 ) ) ;
#1026 = AXIS2_PLACEMENT_3D ( 'NONE', #714, #979, #966 ) ;
#1027 = FILL_AREA_STYLE ('',( #1231 ) ) ;
#1028 = VECTOR ( 'NONE', #348, 1000.000000000000000 ) ;
#1029 = SURFACE_STYLE_FILL_AREA ( #1335 ) ;
#1030 = FILL_AREA_STYLE_COLOUR ( '', #489 ) ;
#1031 = AXIS2_PLACEMENT_3D ( 'NONE', #1115, #1437, #978 ) ;
#1032 = ORIENTED_EDGE ( 'NONE', *, *, #1372, .T. ) ;
#1033 = STYLED_ITEM ( 'NONE', ( #1446 ), #1269 ) ;
#1034 = ITEM_DEFINED_TRANSFORMATION ( 'NONE', 'NONE', #804,  #610 ) ;
#1035 = COLOUR_RGB ( '',0.7921568627450980005, 0.8196078431372548767, 0.9333333333333333481 ) ;
#1036 = FACE_OUTER_BOUND ( 'NONE', #1464, .T. ) ;
#1037 = PRESENTATION_LAYER_ASSIGNMENT (  '', '', ( #441 ) ) ;
#1038 = CARTESIAN_POINT ( 'NONE',  ( 6.250000000000000000, 0.0000000000000000000, 0.1999999999999999278 ) ) ;
#1039 = UNCERTAINTY_MEASURE_WITH_UNIT (LENGTH_MEASURE( 1.000000000000000082E-05 ), #172, 'distance_accuracy_value', 'NONE');
#1040 =( LENGTH_UNIT ( ) NAMED_UNIT ( * ) SI_UNIT ( .MILLI., .METRE. ) );
#1041 =( BOUNDED_SURFACE ( )  B_SPLINE_SURFACE ( 3, 3, ( 
 ( #497, #699, #248, #107 ),
 ( #1022, #130, #707, #135 ),
 ( #5, #1055, #1375, #25 ),
 ( #603, #917, #1361, #945 ) ),
 .UNSPECIFIED., .F., .F., .T. ) 
 B_SPLINE_SURFACE_WITH_KNOTS ( ( 4, 4 ),
 ( 4, 4 ),
 ( 0.0000000000000000000, 1.000000000000000000 ),
 ( 0.0000000000000000000, 1.000000000000000000 ),
 .UNSPECIFIED. ) 
 GEOMETRIC_REPRESENTATION_ITEM ( )  RATIONAL_B_SPLINE_SURFACE ( (
 ( 1.000000000000000000, 0.3333333333333334259, 0.3333333333333334259, 1.000000000000000000),
 ( 0.8047378541243649375, 0.2682459513747884050, 0.2682459513747884050, 0.8047378541243649375),
 ( 0.8047378541243649375, 0.2682459513747884050, 0.2682459513747884050, 0.8047378541243649375),
 ( 1.000000000000000000, 0.3333333333333334259, 0.3333333333333334259, 1.000000000000000000) ) ) 
 REPRESENTATION_ITEM ( '' )  SURFACE ( )  );
#1042 = PRESENTATION_STYLE_ASSIGNMENT (( #11 ) ) ;
#1043 =( NAMED_UNIT ( * ) SI_UNIT ( $, .STERADIAN. ) SOLID_ANGLE_UNIT ( ) );
#1044 = DIRECTION ( 'NONE',  ( -0.0000000000000000000, -0.0000000000000000000, -1.000000000000000000 ) ) ;
#1045 = ADVANCED_FACE ( 'NONE', ( #959 ), #616, .F. ) ;
#1046 =( LENGTH_UNIT ( ) NAMED_UNIT ( * ) SI_UNIT ( .MILLI., .METRE. ) );
#1047 = DIRECTION ( 'NONE',  ( -1.224646799147353207E-16, 1.000000000000000000, 0.0000000000000000000 ) ) ;
#1048 = APPLICATION_CONTEXT ( 'automotive_design' ) ;
#1049 = CARTESIAN_POINT ( 'NONE',  ( 6.167157287525380838, -12.33431457505075812, 5.583609737426019729E-18 ) ) ;
#1050 = CARTESIAN_POINT ( 'NONE',  ( 7.250000000000000888, -1.775737858763662015E-15, 23.58578643762689708 ) ) ;
#1051 = AXIS2_PLACEMENT_3D ( 'NONE', #96, #1025, #1478 ) ;
#1052 = UNCERTAINTY_MEASURE_WITH_UNIT (LENGTH_MEASURE( 1.000000000000000082E-05 ), #847, 'distance_accuracy_value', 'NONE');
#1053 = AXIS2_PLACEMENT_3D ( 'NONE', #728, #1178, #993 ) ;
#1054 = AXIS2_PLACEMENT_3D ( 'NONE', #1094, #269, #410 ) ;
#1055 = CARTESIAN_POINT ( 'NONE',  ( -6.250000000000002665, 12.49999999999999467, 0.08284271247461902354 ) ) ;
#1056 = DIRECTION ( 'NONE',  ( 1.000000000000000000, 0.0000000000000000000, 0.0000000000000000000 ) ) ;
#1057 = CARTESIAN_POINT ( 'NONE',  ( 0.0000000000000000000, 0.0000000000000000000, 19.00000000000000000 ) ) ;
#1058 = FACE_OUTER_BOUND ( 'NONE', #1300, .T. ) ;
#1059 = EDGE_CURVE ( 'NONE', #180, #1470, #377, .T. ) ;
#1060 = FACE_OUTER_BOUND ( 'NONE', #1095, .T. ) ;
#1061 = DIRECTION ( 'NONE',  ( 0.0000000000000000000, 0.0000000000000000000, 1.000000000000000000 ) ) ;
#1062 = APPLICATION_CONTEXT ( 'automotive_design' ) ;
#1063 = DIRECTION ( 'NONE',  ( 1.000000000000000000, 0.0000000000000000000, 0.0000000000000000000 ) ) ;
#1064 = ADVANCED_FACE ( 'NONE', ( #763 ), #1205, .T. ) ;
#1065 = STYLED_ITEM ( 'NONE', ( #551 ), #776 ) ;
#1066 = FACE_OUTER_BOUND ( 'NONE', #224, .T. ) ;
#1067 = EDGE_LOOP ( 'NONE', ( #210, #667, #1365, #524 ) ) ;
#1068 = PRODUCT_DEFINITION_SHAPE ( 'NONE', 'NONE',  #1486 ) ;
#1069 = STYLED_ITEM ( 'NONE', ( #505 ), #962 ) ;
#1070 = PRESENTATION_STYLE_ASSIGNMENT (( #501 ) ) ;
#1071 = DIRECTION ( 'NONE',  ( 1.000000000000000000, 0.0000000000000000000, 0.0000000000000000000 ) ) ;
#1072 = PRESENTATION_LAYER_ASSIGNMENT (  '', '', ( #1033 ) ) ;
#1073 = CIRCLE ( 'NONE', #939, 2.100000000000000089 ) ;
#1074 = CARTESIAN_POINT ( 'NONE',  ( 7.250000000000000000, -14.49999999999999822, 0.6142135623730948790 ) ) ;
#1075 = CARTESIAN_POINT ( 'NONE',  ( -6.250000000000000000, -7.654042494670958593E-16, 0.08284271247461902354 ) ) ;
#1076 = CARTESIAN_POINT ( 'NONE',  ( -2.100000000000000089, 2.571758278209441957E-16, 23.40000000000000213 ) ) ;
#1077 = DIRECTION ( 'NONE',  ( -1.000000000000000000, 0.0000000000000000000, 0.0000000000000000000 ) ) ;
#1078 = VERTEX_POINT ( 'NONE', #1357 ) ;
#1079 =( NAMED_UNIT ( * ) SI_UNIT ( $, .STERADIAN. ) SOLID_ANGLE_UNIT ( ) );
#1080 = CARTESIAN_POINT ( 'NONE',  ( -1.599999999999999867, 3.199999999999999734, 25.39999999999999858 ) ) ;
#1081 = APPLICATION_PROTOCOL_DEFINITION ( 'draft international standard', 'automotive_design', 1998, #919 ) ;
#1082 = ADVANCED_BREP_SHAPE_REPRESENTATION ( '', ( #794, #610 ), #2 ) ;
#1083 = CARTESIAN_POINT ( 'NONE',  ( -1.892893218813453071, -3.785786437626903922, 25.39999999999999858 ) ) ;
#1084 = EDGE_CURVE ( 'NONE', #434, #537, #20, .T. ) ;
#1085 =( NAMED_UNIT ( * ) PLANE_ANGLE_UNIT ( ) SI_UNIT ( $, .RADIAN. ) );
#1086 = EDGE_LOOP ( 'NONE', ( #923, #647 ) ) ;
#1087 = ORIENTED_EDGE ( 'NONE', *, *, #920, .T. ) ;
#1088 = DIRECTION ( 'NONE',  ( 1.000000000000000000, 0.0000000000000000000, 0.0000000000000000000 ) ) ;
#1089 = DIRECTION ( 'NONE',  ( 0.0000000000000000000, 0.0000000000000000000, 1.000000000000000000 ) ) ;
#1090 = FILL_AREA_STYLE_COLOUR ( '', #1377 ) ;
#1091 = CARTESIAN_POINT ( 'NONE',  ( 6.250000000000000000, 0.0000000000000000000, 0.1999999999999998723 ) ) ;
#1092 = CARTESIAN_POINT ( 'NONE',  ( 7.250000000000000000, 0.0000000000000000000, 19.00000000000000000 ) ) ;
#1093 =( BOUNDED_SURFACE ( )  B_SPLINE_SURFACE ( 3, 3, ( 
 ( #1091, #636, #983, #35 ),
 ( #625, #1441, #517, #854 ),
 ( #875, #1074, #48, #757 ),
 ( #1193, #530, #533, #859 ) ),
 .UNSPECIFIED., .F., .F., .T. ) 
 B_SPLINE_SURFACE_WITH_KNOTS ( ( 4, 4 ),
 ( 4, 4 ),
 ( 0.0000000000000000000, 1.000000000000000000 ),
 ( 0.0000000000000000000, 1.000000000000000000 ),
 .UNSPECIFIED. ) 
 GEOMETRIC_REPRESENTATION_ITEM ( )  RATIONAL_B_SPLINE_SURFACE ( (
 ( 1.000000000000000000, 0.3333333333333334259, 0.3333333333333334259, 1.000000000000000000),
 ( 0.8047378541243649375, 0.2682459513747884050, 0.2682459513747884050, 0.8047378541243649375),
 ( 0.8047378541243649375, 0.2682459513747884050, 0.2682459513747884050, 0.8047378541243649375),
 ( 1.000000000000000000, 0.3333333333333334259, 0.3333333333333334259, 1.000000000000000000) ) ) 
 REPRESENTATION_ITEM ( '' )  SURFACE ( )  );
#1094 = CARTESIAN_POINT ( 'NONE',  ( 0.0000000000000000000, 0.0000000000000000000, 1.000000000000000000 ) ) ;
#1095 = EDGE_LOOP ( 'NONE', ( #1134, #331, #1012, #1250 ) ) ;
#1096 = UNCERTAINTY_MEASURE_WITH_UNIT (LENGTH_MEASURE( 1.000000000000000082E-05 ), #1273, 'distance_accuracy_value', 'NONE');
#1097 = CIRCLE ( 'NONE', #1423, 0.1999999999999996503 ) ;
#1098 = STYLED_ITEM ( 'NONE', ( #469 ), #944 ) ;
#1099 = CIRCLE ( 'NONE', #42, 1.000000000000000000 ) ;
#1100 = FILL_AREA_STYLE_COLOUR ( '', #142 ) ;
#1101 = PRESENTATION_LAYER_ASSIGNMENT (  '', '', ( #217 ) ) ;
#1102 = SURFACE_SIDE_STYLE ('',( #75 ) ) ;
#1103 = PRESENTATION_STYLE_ASSIGNMENT (( #76 ) ) ;
#1104 =( GEOMETRIC_REPRESENTATION_CONTEXT ( 3 ) GLOBAL_UNCERTAINTY_ASSIGNED_CONTEXT ( ( #1039 ) ) GLOBAL_UNIT_ASSIGNED_CONTEXT ( ( #172, #664, #1325 ) ) REPRESENTATION_CONTEXT ( 'NONE', 'WORKASPACE' ) );
#1105 = SURFACE_STYLE_USAGE ( .BOTH. , #1196 ) ;
#1106 = EDGE_LOOP ( 'NONE', ( #115, #1224 ) ) ;
#1107 = ORIENTED_EDGE ( 'NONE', *, *, #849, .T. ) ;
#1108 = DIRECTION ( 'NONE',  ( 0.0000000000000000000, 0.0000000000000000000, 1.000000000000000000 ) ) ;
#1109 = ADVANCED_FACE ( 'NONE', ( #1329 ), #790, .F. ) ;
#1110 =( LENGTH_UNIT ( ) NAMED_UNIT ( * ) SI_UNIT ( .MILLI., .METRE. ) );
#1111 = ORIENTED_EDGE ( 'NONE', *, *, #36, .F. ) ;
#1112 = UNCERTAINTY_MEASURE_WITH_UNIT (LENGTH_MEASURE( 1.000000000000000082E-05 ), #218, 'distance_accuracy_value', 'NONE');
#1113 = DIRECTION ( 'NONE',  ( -1.000000000000000000, -1.224646799147352468E-16, 0.0000000000000000000 ) ) ;
#1114 = FACE_OUTER_BOUND ( 'NONE', #1447, .T. ) ;
#1115 = CARTESIAN_POINT ( 'NONE',  ( 0.0000000000000000000, 0.0000000000000000000, 0.2000000000000000111 ) ) ;
#1116 = ADVANCED_FACE ( 'NONE', ( #899 ), #223, .T. ) ;
#1117 = DIRECTION ( 'NONE',  ( 1.000000000000000000, 0.0000000000000000000, 0.0000000000000000000 ) ) ;
#1118 = SURFACE_STYLE_USAGE ( .BOTH. , #317 ) ;
#1119 = CARTESIAN_POINT ( 'NONE',  ( 7.250000000000000000, 0.0000000000000000000, 0.2000000000000000111 ) ) ;
#1120 = CARTESIAN_POINT ( 'NONE',  ( 2.100000000000000089, 0.0000000000000000000, 23.40000000000000213 ) ) ;
#1121 = ORIENTED_EDGE ( 'NONE', *, *, #87, .T. ) ;
#1122 = VERTEX_POINT ( 'NONE', #371 ) ;
#1123 =( NAMED_UNIT ( * ) PLANE_ANGLE_UNIT ( ) SI_UNIT ( $, .RADIAN. ) );
#1124 = CIRCLE ( 'NONE', #865, 1.000000000000000000 ) ;
#1125 = CARTESIAN_POINT ( 'NONE',  ( 7.250000000000000000, 0.0000000000000000000, 1.199999999999999956 ) ) ;
#1126 =( NAMED_UNIT ( * ) PLANE_ANGLE_UNIT ( ) SI_UNIT ( $, .RADIAN. ) );
#1127 = VERTEX_POINT ( 'NONE', #948 ) ;
#1128 = AXIS2_PLACEMENT_3D ( 'NONE', #1002, #890, #676 ) ;
#1129 = UNCERTAINTY_MEASURE_WITH_UNIT (LENGTH_MEASURE( 1.000000000000000082E-05 ), #1046, 'distance_accuracy_value', 'NONE');
#1130 = ORIENTED_EDGE ( 'NONE', *, *, #1218, .F. ) ;
#1131 = CARTESIAN_POINT ( 'NONE',  ( -7.249999999999999112, 14.50000000000000000, 23.00000000000000000 ) ) ;
#1132 = DIRECTION ( 'NONE',  ( 0.0000000000000000000, 0.0000000000000000000, 1.000000000000000000 ) ) ;
#1133 = PRESENTATION_STYLE_ASSIGNMENT (( #433 ) ) ;
#1134 = ORIENTED_EDGE ( 'NONE', *, *, #783, .F. ) ;
#1135 =( BOUNDED_SURFACE ( )  B_SPLINE_SURFACE ( 3, 3, ( 
 ( #16, #1168, #472, #297 ),
 ( #1419, #1083, #973, #642 ),
 ( #615, #278, #34, #47 ),
 ( #744, #756, #858, #1192 ) ),
 .UNSPECIFIED., .F., .F., .T. ) 
 B_SPLINE_SURFACE_WITH_KNOTS ( ( 4, 4 ),
 ( 4, 4 ),
 ( 0.0000000000000000000, 1.000000000000000000 ),
 ( 0.0000000000000000000, 1.000000000000000000 ),
 .UNSPECIFIED. ) 
 GEOMETRIC_REPRESENTATION_ITEM ( )  RATIONAL_B_SPLINE_SURFACE ( (
 ( 1.000000000000000000, 0.3333333333333334259, 0.3333333333333334259, 1.000000000000000000),
 ( 0.8047378541243649375, 0.2682459513747884050, 0.2682459513747884050, 0.8047378541243649375),
 ( 0.8047378541243649375, 0.2682459513747884050, 0.2682459513747884050, 0.8047378541243649375),
 ( 1.000000000000000000, 0.3333333333333334259, 0.3333333333333334259, 1.000000000000000000) ) ) 
 REPRESENTATION_ITEM ( '' )  SURFACE ( )  );
#1136 = ORIENTED_EDGE ( 'NONE', *, *, #389, .T. ) ;
#1137 =( NAMED_UNIT ( * ) PLANE_ANGLE_UNIT ( ) SI_UNIT ( $, .RADIAN. ) );
#1138 =( LENGTH_UNIT ( ) NAMED_UNIT ( * ) SI_UNIT ( .MILLI., .METRE. ) );
#1139 = SURFACE_SIDE_STYLE ('',( #687 ) ) ;
#1140 = LINE ( 'NONE', #1369, #1430 ) ;
#1141 = PLANE ( 'NONE',  #92 ) ;
#1142 = UNCERTAINTY_MEASURE_WITH_UNIT (LENGTH_MEASURE( 1.000000000000000082E-05 ), #1317, 'distance_accuracy_value', 'NONE');
#1143 =( LENGTH_UNIT ( ) NAMED_UNIT ( * ) SI_UNIT ( .MILLI., .METRE. ) );
#1144 = EDGE_CURVE ( 'NONE', #300, #904, #745, .T. ) ;
#1145 = VERTEX_POINT ( 'NONE', #13 ) ;
#1146 =( GEOMETRIC_REPRESENTATION_CONTEXT ( 3 ) GLOBAL_UNCERTAINTY_ASSIGNED_CONTEXT ( ( #1436 ) ) GLOBAL_UNIT_ASSIGNED_CONTEXT ( ( #55, #1287, #635 ) ) REPRESENTATION_CONTEXT ( 'NONE', 'WORKASPACE' ) );
#1147 = CLOSED_SHELL ( 'NONE', ( #595, #962, #1156, #1116, #1465, #909 ) ) ;
#1148 = PRESENTATION_STYLE_ASSIGNMENT (( #337 ) ) ;
#1149 =( BOUNDED_CURVE ( )  B_SPLINE_CURVE ( 3, ( #601, #1238, #470, #220 ),
 .UNSPECIFIED., .F., .T. ) 
 B_SPLINE_CURVE_WITH_KNOTS ( ( 4, 4 ),
 ( 0.0000000000000000000, 0.5000000000000000000 ),
 .UNSPECIFIED. ) 
 CURVE ( )  GEOMETRIC_REPRESENTATION_ITEM ( )  RATIONAL_B_SPLINE_CURVE ( ( 1.000000000000000000, 0.3333333333333333703, 0.3333333333333333703, 1.000000000000000000 ) ) 
 REPRESENTATION_ITEM ( '' )  );
#1150 = COLOUR_RGB ( '',0.2000000000000000111, 1.000000000000000000, 0.4705882352941176405 ) ;
#1151 = COLOUR_RGB ( '',0.8000000000000000444, 0.8000000000000000444, 0.8000000000000000444 ) ;
#1152 =( GEOMETRIC_REPRESENTATION_CONTEXT ( 3 ) GLOBAL_UNCERTAINTY_ASSIGNED_CONTEXT ( ( #696 ) ) GLOBAL_UNIT_ASSIGNED_CONTEXT ( ( #397, #1395, #1172 ) ) REPRESENTATION_CONTEXT ( 'NONE', 'WORKASPACE' ) );
#1153 = ADVANCED_FACE ( 'NONE', ( #1274 ), #264, .T. ) ;
#1154 = FILL_AREA_STYLE_COLOUR ( '', #1008 ) ;
#1155 = FILL_AREA_STYLE ('',( #1206 ) ) ;
#1156 = ADVANCED_FACE ( 'NONE', ( #508 ), #943, .T. ) ;
#1157 = FACE_OUTER_BOUND ( 'NONE', #1021, .T. ) ;
#1158 = CYLINDRICAL_SURFACE ( 'NONE', #468, 2.100000000000000089 ) ;
#1159 = SURFACE_STYLE_FILL_AREA ( #1155 ) ;
#1160 = SURFACE_STYLE_FILL_AREA ( #1279 ) ;
#1161 = AXIS2_PLACEMENT_3D ( 'NONE', #819, #725, #528 ) ;
#1162 = CARTESIAN_POINT ( 'NONE',  ( 6.249999999999997335, -12.50000000000000000, 24.00000000000000000 ) ) ;
#1163 = APPLICATION_CONTEXT ( 'automotive_design' ) ;
#1164 = COLOUR_RGB ( '',0.2000000000000000111, 1.000000000000000000, 0.4705882352941176405 ) ;
#1165 = DIRECTION ( 'NONE',  ( 1.000000000000000000, 0.0000000000000000000, 0.0000000000000000000 ) ) ;
#1166 = SURFACE_STYLE_USAGE ( .BOTH. , #512 ) ;
#1167 =( GEOMETRIC_REPRESENTATION_CONTEXT ( 3 ) GLOBAL_UNCERTAINTY_ASSIGNED_CONTEXT ( ( #894 ) ) GLOBAL_UNIT_ASSIGNED_CONTEXT ( ( #1285, #272, #704 ) ) REPRESENTATION_CONTEXT ( 'NONE', 'WORKASPACE' ) );
#1168 = CARTESIAN_POINT ( 'NONE',  ( -1.600000000000000533, -3.199999999999999289, 25.39999999999999858 ) ) ;
#1169 = SURFACE_SIDE_STYLE ('',( #257 ) ) ;
#1170 = DIRECTION ( 'NONE',  ( 0.0000000000000000000, 0.0000000000000000000, 1.000000000000000000 ) ) ;
#1171 =( NAMED_UNIT ( * ) SI_UNIT ( $, .STERADIAN. ) SOLID_ANGLE_UNIT ( ) );
#1172 =( NAMED_UNIT ( * ) SI_UNIT ( $, .STERADIAN. ) SOLID_ANGLE_UNIT ( ) );
#1173 =( BOUNDED_CURVE ( )  B_SPLINE_CURVE ( 3, ( #975, #275, #730, #283 ),
 .UNSPECIFIED., .F., .T. ) 
 B_SPLINE_CURVE_WITH_KNOTS ( ( 4, 4 ),
 ( 0.5000000000000000000, 1.000000000000000000 ),
 .UNSPECIFIED. ) 
 CURVE ( )  GEOMETRIC_REPRESENTATION_ITEM ( )  RATIONAL_B_SPLINE_CURVE ( ( 1.000000000000000000, 0.3333333333333333703, 0.3333333333333333703, 1.000000000000000000 ) ) 
 REPRESENTATION_ITEM ( '' )  );
#1174 = FILL_AREA_STYLE ('',( #164 ) ) ;
#1175 = CARTESIAN_POINT ( 'NONE',  ( -6.250000000000000000, 7.654042494670957606E-16, 24.00000000000000000 ) ) ;
#1176 = FILL_AREA_STYLE_COLOUR ( '', #245 ) ;
#1177 = CARTESIAN_POINT ( 'NONE',  ( 6.250000000000000000, 0.0000000000000000000, 0.08284271247461902354 ) ) ;
#1178 = DIRECTION ( 'NONE',  ( 0.0000000000000000000, 0.0000000000000000000, 1.000000000000000000 ) ) ;
#1179 = COLOUR_RGB ( '',0.8000000000000000444, 0.8000000000000000444, 0.8000000000000000444 ) ;
#1180 = FACE_OUTER_BOUND ( 'NONE', #78, .T. ) ;
#1181 = ORIENTED_EDGE ( 'NONE', *, *, #7, .T. ) ;
#1182 = STYLED_ITEM ( 'NONE', ( #921 ), #909 ) ;
#1183 = CLOSED_SHELL ( 'NONE', ( #792, #1269, #648, #950, #486, #614 ) ) ;
#1184 = AXIS2_PLACEMENT_3D ( 'NONE', #460, #319, #779 ) ;
#1185 = MECHANICAL_DESIGN_GEOMETRIC_PRESENTATION_REPRESENTATION (  '', ( #1033 ), #937 ) ;
#1186 = CARTESIAN_POINT ( 'NONE',  ( 6.250000000022737368, 7.654042494698803410E-16, 23.99999999999380407 ) ) ;
#1187 = AXIS2_PLACEMENT_3D ( 'NONE', #1246, #358, #1380 ) ;
#1188 = FILL_AREA_STYLE_COLOUR ( '', #1035 ) ;
#1189 =( GEOMETRIC_REPRESENTATION_CONTEXT ( 3 ) GLOBAL_UNCERTAINTY_ASSIGNED_CONTEXT ( ( #722 ) ) GLOBAL_UNIT_ASSIGNED_CONTEXT ( ( #559, #1321, #71 ) ) REPRESENTATION_CONTEXT ( 'NONE', 'WORKASPACE' ) );
#1190 = PRESENTATION_STYLE_ASSIGNMENT (( #1105 ) ) ;
#1191 = PRODUCT_CONTEXT ( 'NONE', #1480, 'mechanical' ) ;
#1192 = CARTESIAN_POINT ( 'NONE',  ( 2.100000000000000089, -5.143516556418883914E-16, 24.89999999999999858 ) ) ;
#1193 = CARTESIAN_POINT ( 'NONE',  ( 7.250000000000000000, 0.0000000000000000000, 1.199999999999999956 ) ) ;
#1194 = EDGE_CURVE ( 'NONE', #1470, #180, #1173, .T. ) ;
#1195 = DIRECTION ( 'NONE',  ( 0.0000000000000000000, 0.0000000000000000000, 1.000000000000000000 ) ) ;
#1196 = SURFACE_SIDE_STYLE ('',( #851 ) ) ;
#1197 = CARTESIAN_POINT ( 'NONE',  ( 0.0000000000000000000, 0.0000000000000000000, 0.0000000000000000000 ) ) ;
#1198 = SURFACE_STYLE_FILL_AREA ( #416 ) ;
#1199 = CARTESIAN_POINT ( 'NONE',  ( -7.250000000000000888, -8.878689293818310074E-16, 0.6142135623730948790 ) ) ;
#1200 = PRODUCT_RELATED_PRODUCT_CATEGORY ( 'part', '', ( #1426 ) ) ;
#1201 = ORIENTED_EDGE ( 'NONE', *, *, #1408, .F. ) ;
#1202 = ADVANCED_FACE ( 'NONE', ( #1180 ), #747, .T. ) ;
#1203 = AXIS2_PLACEMENT_3D ( 'NONE', #1400, #781, #9 ) ;
#1204 = UNCERTAINTY_MEASURE_WITH_UNIT (LENGTH_MEASURE( 1.000000000000000082E-05 ), #336, 'distance_accuracy_value', 'NONE');
#1205 = PLANE ( 'NONE',  #1184 ) ;
#1206 = FILL_AREA_STYLE_COLOUR ( '', #842 ) ;
#1207 = CIRCLE ( 'NONE', #140, 1.000000000000000000 ) ;
#1208 = MECHANICAL_DESIGN_GEOMETRIC_PRESENTATION_REPRESENTATION (  '', ( #258 ), #458 ) ;
#1209 = PRODUCT_DEFINITION_SHAPE ( 'NONE', 'NONE',  #1489 ) ;
#1210 = CARTESIAN_POINT ( 'NONE',  ( -2.100000000000000533, 2.571758278209441464E-16, 25.19289321881344534 ) ) ;
#1211 = APPLICATION_CONTEXT ( 'automotive_design' ) ;
#1212 = COLOUR_RGB ( '',0.8000000000000000444, 0.8000000000000000444, 0.8000000000000000444 ) ;
#1213 = SURFACE_SIDE_STYLE ('',( #1296 ) ) ;
#1214 = AXIS2_PLACEMENT_3D ( 'NONE', #830, #129, #1393 ) ;
#1215 =( NAMED_UNIT ( * ) SI_UNIT ( $, .STERADIAN. ) SOLID_ANGLE_UNIT ( ) );
#1216 = PRESENTATION_LAYER_ASSIGNMENT (  '', '', ( #394 ) ) ;
#1217 = COLOUR_RGB ( '',0.7921568627450980005, 0.8196078431372548767, 0.9333333333333333481 ) ;
#1218 = EDGE_CURVE ( 'NONE', #1473, #98, #698, .T. ) ;
#1219 = CARTESIAN_POINT ( 'NONE',  ( -6.250000000000000000, 0.0000000000000000000, 0.1999999999999999278 ) ) ;
#1220 =( NAMED_UNIT ( * ) SI_UNIT ( $, .STERADIAN. ) SOLID_ANGLE_UNIT ( ) );
#1221 = CARTESIAN_POINT ( 'NONE',  ( 2.099999999984447641, 5.112900386444599407E-16, 24.50000000000304112 ) ) ;
#1222 = SURFACE_STYLE_FILL_AREA ( #807 ) ;
#1223 = FACE_OUTER_BOUND ( 'NONE', #913, .T. ) ;
#1224 = ORIENTED_EDGE ( 'NONE', *, *, #1390, .F. ) ;
#1225 = UNCERTAINTY_MEASURE_WITH_UNIT (LENGTH_MEASURE( 1.000000000000000082E-05 ), #837, 'distance_accuracy_value', 'NONE');
#1226 = ORIENTED_EDGE ( 'NONE', *, *, #292, .F. ) ;
#1227 = SURFACE_STYLE_FILL_AREA ( #1455 ) ;
#1228 = APPLICATION_PROTOCOL_DEFINITION ( 'draft international standard', 'automotive_design', 1998, #226 ) ;
#1229 = CARTESIAN_POINT ( 'NONE',  ( 7.250000000000000000, 0.0000000000000000000, 23.00000000000000000 ) ) ;
#1230 = PRESENTATION_STYLE_ASSIGNMENT (( #784 ) ) ;
#1231 = FILL_AREA_STYLE_COLOUR ( '', #719 ) ;
#1232 = SURFACE_STYLE_USAGE ( .BOTH. , #678 ) ;
#1233 = PRESENTATION_LAYER_ASSIGNMENT (  '', '', ( #862 ) ) ;
#1234 = SHAPE_DEFINITION_REPRESENTATION ( #755, #541 ) ;
#1235 = CARTESIAN_POINT ( 'NONE',  ( -7.249999999999999112, 14.49999999999999822, 23.58578643762690419 ) ) ;
#1236 =( GEOMETRIC_REPRESENTATION_CONTEXT ( 3 ) GLOBAL_UNCERTAINTY_ASSIGNED_CONTEXT ( ( #104 ) ) GLOBAL_UNIT_ASSIGNED_CONTEXT ( ( #8, #253, #1043 ) ) REPRESENTATION_CONTEXT ( 'NONE', 'WORKASPACE' ) );
#1237 = LINE ( 'NONE', #328, #1260 ) ;
#1238 = CARTESIAN_POINT ( 'NONE',  ( 6.050000000000000711, 12.09999999999999787, 2.710505431213761085E-17 ) ) ;
#1239 = FACE_OUTER_BOUND ( 'NONE', #1086, .T. ) ;
#1240 = UNCERTAINTY_MEASURE_WITH_UNIT (LENGTH_MEASURE( 1.000000000000000082E-05 ), #149, 'distance_accuracy_value', 'NONE');
#1241 = AXIS2_PLACEMENT_3D ( 'NONE', #63, #420, #878 ) ;
#1242 = DIRECTION ( 'NONE',  ( 0.0000000000000000000, 0.0000000000000000000, 1.000000000000000000 ) ) ;
#1243 = ORIENTED_EDGE ( 'NONE', *, *, #1345, .F. ) ;
#1244 = FILL_AREA_STYLE_COLOUR ( '', #912 ) ;
#1245 = DIRECTION ( 'NONE',  ( 0.0000000000000000000, 0.0000000000000000000, 1.000000000000000000 ) ) ;
#1246 = CARTESIAN_POINT ( 'NONE',  ( 0.0000000000000000000, 0.0000000000000000000, 0.2000000000000000111 ) ) ;
#1247 = SURFACE_SIDE_STYLE ('',( #1452 ) ) ;
#1248 = ORIENTED_EDGE ( 'NONE', *, *, #117, .F. ) ;
#1249 = CARTESIAN_POINT ( 'NONE',  ( 0.0000000000000000000, 0.0000000000000000000, 23.40000000000000213 ) ) ;
#1250 = ORIENTED_EDGE ( 'NONE', *, *, #657, .F. ) ;
#1251 = SHAPE_DEFINITION_REPRESENTATION ( #40, #726 ) ;
#1252 = FILL_AREA_STYLE_COLOUR ( '', #1347 ) ;
#1253 = CARTESIAN_POINT ( 'NONE',  ( -6.049999999999999822, 0.0000000000000000000, 1.355252715606880543E-17 ) ) ;
#1254 = UNCERTAINTY_MEASURE_WITH_UNIT (LENGTH_MEASURE( 1.000000000000000082E-05 ), #1438, 'distance_accuracy_value', 'NONE');
#1255 = SURFACE_SIDE_STYLE ('',( #953 ) ) ;
#1256 = ADVANCED_FACE ( 'NONE', ( #1066 ), #1011, .T. ) ;
#1257 = CLOSED_SHELL ( 'NONE', ( #414, #1153, #850, #1109, #503, #1202 ) ) ;
#1258 = MECHANICAL_DESIGN_GEOMETRIC_PRESENTATION_REPRESENTATION (  '', ( #1065 ), #280 ) ;
#1259 = PRESENTATION_STYLE_ASSIGNMENT (( #357 ) ) ;
#1260 = VECTOR ( 'NONE', #1245, 1000.000000000000000 ) ;
#1261 = AXIS2_PLACEMENT_3D ( 'NONE', #148, #294, #651 ) ;
#1262 = DIRECTION ( 'NONE',  ( 1.000000000000000000, 0.0000000000000000000, 0.0000000000000000000 ) ) ;
#1263 = STYLED_ITEM ( 'NONE', ( #968 ), #1045 ) ;
#1264 =( GEOMETRIC_REPRESENTATION_CONTEXT ( 3 ) GLOBAL_UNCERTAINTY_ASSIGNED_CONTEXT ( ( #1129 ) ) GLOBAL_UNIT_ASSIGNED_CONTEXT ( ( #1046, #833, #403 ) ) REPRESENTATION_CONTEXT ( 'NONE', 'WORKASPACE' ) );
#1265 = CARTESIAN_POINT ( 'NONE',  ( 7.249999999999997335, -14.49999999999999822, 23.58578643762690419 ) ) ;
#1266 = MECHANICAL_DESIGN_GEOMETRIC_PRESENTATION_REPRESENTATION (  '', ( #572 ), #44 ) ;
#1267 = FILL_AREA_STYLE_COLOUR ( '', #121 ) ;
#1268 = AXIS2_PLACEMENT_3D ( 'NONE', #659, #996, #1071 ) ;
#1269 = ADVANCED_FACE ( 'NONE', ( #1223 ), #1354, .T. ) ;
#1270 = DIRECTION ( 'NONE',  ( 1.000000000000000000, 0.0000000000000000000, -0.0000000000000000000 ) ) ;
#1271 = DIRECTION ( 'NONE',  ( 0.0000000000000000000, 0.0000000000000000000, 1.000000000000000000 ) ) ;
#1272 = UNCERTAINTY_MEASURE_WITH_UNIT (LENGTH_MEASURE( 1.000000000000000082E-05 ), #1407, 'distance_accuracy_value', 'NONE');
#1273 =( LENGTH_UNIT ( ) NAMED_UNIT ( * ) SI_UNIT ( .MILLI., .METRE. ) );
#1274 = FACE_OUTER_BOUND ( 'NONE', #907, .T. ) ;
#1275 = MANIFOLD_SOLID_BREP ( 'Imported1', #1183 ) ;
#1276 = CARTESIAN_POINT ( 'NONE',  ( 1.600000000000000089, 0.0000000000000000000, 25.39999999999999858 ) ) ;
#1277 =( BOUNDED_CURVE ( )  B_SPLINE_CURVE ( 3, ( #1219, #198, #206, #1038 ),
 .UNSPECIFIED., .F., .F. ) 
 B_SPLINE_CURVE_WITH_KNOTS ( ( 4, 4 ),
 ( 0.5000000000000000000, 1.000000000000000000 ),
 .UNSPECIFIED. ) 
 CURVE ( )  GEOMETRIC_REPRESENTATION_ITEM ( )  RATIONAL_B_SPLINE_CURVE ( ( 1.000000000000000000, 0.3333333333333333703, 0.3333333333333333703, 1.000000000000000000 ) ) 
 REPRESENTATION_ITEM ( '' )  );
#1278 = DIRECTION ( 'NONE',  ( 0.0000000000000000000, 0.0000000000000000000, 1.000000000000000000 ) ) ;
#1279 = FILL_AREA_STYLE ('',( #37 ) ) ;
#1280 = PRESENTATION_LAYER_ASSIGNMENT (  '', '', ( #366 ) ) ;
#1281 = MECHANICAL_DESIGN_GEOMETRIC_PRESENTATION_REPRESENTATION (  '', ( #1098 ), #1381 ) ;
#1282 = CYLINDRICAL_SURFACE ( 'NONE', #178, 7.250000000000000000 ) ;
#1283 = FACE_OUTER_BOUND ( 'NONE', #873, .T. ) ;
#1284 = FILL_AREA_STYLE_COLOUR ( '', #1350 ) ;
#1285 =( LENGTH_UNIT ( ) NAMED_UNIT ( * ) SI_UNIT ( .MILLI., .METRE. ) );
#1286 = PRODUCT_DEFINITION_SHAPE ( 'NONE', 'NONE',  #1485 ) ;
#1287 =( NAMED_UNIT ( * ) PLANE_ANGLE_UNIT ( ) SI_UNIT ( $, .RADIAN. ) );
#1288 = SURFACE_STYLE_FILL_AREA ( #727 ) ;
#1289 = CARTESIAN_POINT ( 'NONE',  ( -6.049999999999998046, -12.09999999999999609, 2.710505431213761085E-17 ) ) ;
#1290 = LINE ( 'NONE', #860, #1301 ) ;
#1291 = DIRECTION ( 'NONE',  ( -1.000000000000000000, 0.0000000000000000000, 0.0000000000000000000 ) ) ;
#1292 = ORIENTED_EDGE ( 'NONE', *, *, #536, .F. ) ;
#1293 = DIRECTION ( 'NONE',  ( 0.0000000000000000000, 0.0000000000000000000, 1.000000000000000000 ) ) ;
#1294 = DIRECTION ( 'NONE',  ( 1.000000000000000000, 0.0000000000000000000, 0.0000000000000000000 ) ) ;
#1295 = CARTESIAN_POINT ( 'NONE',  ( 6.250000000000001776, 12.49999999999999822, 24.00000000000000000 ) ) ;
#1296 = SURFACE_STYLE_FILL_AREA ( #86 ) ;
#1297 = CIRCLE ( 'NONE', #671, 2.099999999984447641 ) ;
#1298 = STYLED_ITEM ( 'NONE', ( #473 ), #791 ) ;
#1299 = DIRECTION ( 'NONE',  ( 0.0000000000000000000, 0.0000000000000000000, 1.000000000000000000 ) ) ;
#1300 = EDGE_LOOP ( 'NONE', ( #1363, #471, #1330, #1312 ) ) ;
#1301 = VECTOR ( 'NONE', #1195, 1000.000000000000000 ) ;
#1302 = PRESENTATION_LAYER_ASSIGNMENT (  '', '', ( #41 ) ) ;
#1303 = EDGE_CURVE ( 'NONE', #453, #3, #145, .T. ) ;
#1304 =( GEOMETRIC_REPRESENTATION_CONTEXT ( 3 ) GLOBAL_UNCERTAINTY_ASSIGNED_CONTEXT ( ( #789 ) ) GLOBAL_UNIT_ASSIGNED_CONTEXT ( ( #43, #1409, #761 ) ) REPRESENTATION_CONTEXT ( 'NONE', 'WORKASPACE' ) );
#1305 = CARTESIAN_POINT ( 'NONE',  ( 0.0000000000000000000, 0.0000000000000000000, 24.89999999999999858 ) ) ;
#1306 = STYLED_ITEM ( 'NONE', ( #718 ), #1465 ) ;
#1307 = CARTESIAN_POINT ( 'NONE',  ( -6.250000000000002665, 12.49999999999999822, 0.1999999999999998723 ) ) ;
#1308 =( LENGTH_UNIT ( ) NAMED_UNIT ( * ) SI_UNIT ( .MILLI., .METRE. ) );
#1309 = VERTEX_POINT ( 'NONE', #1120 ) ;
#1310 = APPLICATION_CONTEXT ( 'automotive_design' ) ;
#1311 = SURFACE_STYLE_USAGE ( .BOTH. , #291 ) ;
#1312 = ORIENTED_EDGE ( 'NONE', *, *, #920, .F. ) ;
#1313 = CARTESIAN_POINT ( 'NONE',  ( -1.600000000000000089, 1.959434878635765230E-16, 25.39999999999999858 ) ) ;
#1314 = DIRECTION ( 'NONE',  ( 1.000000000000000000, 0.0000000000000000000, 0.0000000000000000000 ) ) ;
#1315 = CARTESIAN_POINT ( 'NONE',  ( 0.0000000000000000000, 0.0000000000000000000, 0.2000000000000000111 ) ) ;
#1316 = CARTESIAN_POINT ( 'NONE',  ( 7.249999999999997335, 14.49999999999999822, 0.6142135623730948790 ) ) ;
#1317 =( LENGTH_UNIT ( ) NAMED_UNIT ( * ) SI_UNIT ( .MILLI., .METRE. ) );
#1318 = MECHANICAL_DESIGN_GEOMETRIC_PRESENTATION_REPRESENTATION (  '', ( #739 ), #487 ) ;
#1319 = STYLED_ITEM ( 'NONE', ( #1042 ), #595 ) ;
#1320 = UNCERTAINTY_MEASURE_WITH_UNIT (LENGTH_MEASURE( 1.000000000000000082E-05 ), #120, 'distance_accuracy_value', 'NONE');
#1321 =( NAMED_UNIT ( * ) PLANE_ANGLE_UNIT ( ) SI_UNIT ( $, .RADIAN. ) );
#1322 = PRESENTATION_LAYER_ASSIGNMENT (  '', '', ( #518 ) ) ;
#1323 =( GEOMETRIC_REPRESENTATION_CONTEXT ( 3 ) GLOBAL_UNCERTAINTY_ASSIGNED_CONTEXT ( ( #133 ) ) GLOBAL_UNIT_ASSIGNED_CONTEXT ( ( #720, #478, #928 ) ) REPRESENTATION_CONTEXT ( 'NONE', 'WORKASPACE' ) );
#1324 = CARTESIAN_POINT ( 'NONE',  ( -7.250000000000000000, 8.878689293818310074E-16, 23.00000000000000000 ) ) ;
#1325 =( NAMED_UNIT ( * ) SI_UNIT ( $, .STERADIAN. ) SOLID_ANGLE_UNIT ( ) );
#1326 = SURFACE_STYLE_FILL_AREA ( #429 ) ;
#1327 = DIRECTION ( 'NONE',  ( -0.9928201254013451216, 0.0000000000000000000, -0.1196168825795813212 ) ) ;
#1328 = ORIENTED_EDGE ( 'NONE', *, *, #879, .T. ) ;
#1329 = FACE_OUTER_BOUND ( 'NONE', #1106, .T. ) ;
#1330 = ORIENTED_EDGE ( 'NONE', *, *, #1394, .F. ) ;
#1331 = SURFACE_STYLE_FILL_AREA ( #922 ) ;
#1332 = SURFACE_STYLE_FILL_AREA ( #897 ) ;
#1333 = CARTESIAN_POINT ( 'NONE',  ( 2.100000000000000089, 0.0000000000000000000, 23.40000000000000213 ) ) ;
#1334 = CARTESIAN_POINT ( 'NONE',  ( -6.250000000022737368, 0.0000000000000000000, 23.99999999999380407 ) ) ;
#1335 = FILL_AREA_STYLE ('',( #112 ) ) ;
#1336 = UNCERTAINTY_MEASURE_WITH_UNIT (LENGTH_MEASURE( 1.000000000000000082E-05 ), #232, 'distance_accuracy_value', 'NONE');
#1337 = ORIENTED_EDGE ( 'NONE', *, *, #638, .F. ) ;
#1338 = CARTESIAN_POINT ( 'NONE',  ( 1.892893218813452849, 3.785786437626904810, 25.39999999999999858 ) ) ;
#1339 = FILL_AREA_STYLE ('',( #448 ) ) ;
#1340 = DIRECTION ( 'NONE',  ( 1.000000000000000000, 0.0000000000000000000, 0.0000000000000000000 ) ) ;
#1341 = FILL_AREA_STYLE_COLOUR ( '', #675 ) ;
#1342 = CARTESIAN_POINT ( 'NONE',  ( 0.0000000000000000000, 0.0000000000000000000, 19.00000000000000000 ) ) ;
#1343 = EDGE_LOOP ( 'NONE', ( #354, #631, #797, #1181 ) ) ;
#1344 = ORIENTED_EDGE ( 'NONE', *, *, #1144, .F. ) ;
#1345 = EDGE_CURVE ( 'NONE', #583, #1358, #1149, .T. ) ;
#1346 = SURFACE_STYLE_FILL_AREA ( #1339 ) ;
#1347 = COLOUR_RGB ( '',0.8000000000000000444, 0.8000000000000000444, 0.8000000000000000444 ) ;
#1348 = CIRCLE ( 'NONE', #624, 0.1999999999999996503 ) ;
#1349 = CARTESIAN_POINT ( 'NONE',  ( 0.0000000000000000000, 0.0000000000000000000, 19.00000000000000000 ) ) ;
#1350 = COLOUR_RGB ( '',0.8000000000000000444, 0.8000000000000000444, 0.8000000000000000444 ) ;
#1351 = PLANE ( 'NONE',  #799 ) ;
#1352 = DIRECTION ( 'NONE',  ( 0.0000000000000000000, 0.0000000000000000000, 1.000000000000000000 ) ) ;
#1353 = AXIS2_PLACEMENT_3D ( 'NONE', #1342, #562, #424 ) ;
#1354 = CYLINDRICAL_SURFACE ( 'NONE', #1353, 7.250000000000000000 ) ;
#1355 = EDGE_LOOP ( 'NONE', ( #276, #557 ) ) ;
#1356 = UNCERTAINTY_MEASURE_WITH_UNIT (LENGTH_MEASURE( 1.000000000000000082E-05 ), #1308, 'distance_accuracy_value', 'NONE');
#1357 = CARTESIAN_POINT ( 'NONE',  ( -7.250000000000000000, 8.878689293818310074E-16, 1.199999999999999956 ) ) ;
#1358 = VERTEX_POINT ( 'NONE', #1253 ) ;
#1359 = PRODUCT_DEFINITION_FORMATION_WITH_SPECIFIED_SOURCE ( 'ANY', '', #545, .NOT_KNOWN. ) ;
#1360 = ITEM_DEFINED_TRANSFORMATION ( 'NONE', 'NONE', #1241,  #610 ) ;
#1361 = CARTESIAN_POINT ( 'NONE',  ( 6.249999999999996447, 12.49999999999999822, 0.1999999999999999833 ) ) ;
#1362 = CARTESIAN_POINT ( 'NONE',  ( 0.0000000000000000000, 0.0000000000000000000, 0.2000000000000000111 ) ) ;
#1363 = ORIENTED_EDGE ( 'NONE', *, *, #1059, .T. ) ;
#1364 = DIRECTION ( 'NONE',  ( -0.0000000000000000000, -0.0000000000000000000, -1.000000000000000000 ) ) ;
#1365 = ORIENTED_EDGE ( 'NONE', *, *, #117, .T. ) ;
#1366 = CONTEXT_DEPENDENT_SHAPE_REPRESENTATION ( #427, #1445 ) ;
#1367 =( NAMED_UNIT ( * ) SI_UNIT ( $, .STERADIAN. ) SOLID_ANGLE_UNIT ( ) );
#1368 = DIRECTION ( 'NONE',  ( 0.0000000000000000000, 0.0000000000000000000, 1.000000000000000000 ) ) ;
#1369 = CARTESIAN_POINT ( 'NONE',  ( -7.250000000000000000, 8.878689293818310074E-16, 0.2000000000000000111 ) ) ;
#1370 = SURFACE_STYLE_USAGE ( .BOTH. , #1392 ) ;
#1371 = CARTESIAN_POINT ( 'NONE',  ( 6.835786437626905077, -1.674284796098935884E-15, 24.00000000000000000 ) ) ;
#1372 = EDGE_CURVE ( 'NONE', #461, #976, #338, .T. ) ;
#1373 = UNCERTAINTY_MEASURE_WITH_UNIT (LENGTH_MEASURE( 1.000000000000000082E-05 ), #402, 'distance_accuracy_value', 'NONE');
#1374 =( NAMED_UNIT ( * ) PLANE_ANGLE_UNIT ( ) SI_UNIT ( $, .RADIAN. ) );
#1375 = CARTESIAN_POINT ( 'NONE',  ( 6.249999999999996447, 12.49999999999999645, 0.08284271247461902354 ) ) ;
#1376 = SHAPE_REPRESENTATION ( 'Fillet001', ( #610 ), #2 ) ;
#1377 = COLOUR_RGB ( '',0.2000000000000000111, 1.000000000000000000, 0.4705882352941176405 ) ;
#1378 = FILL_AREA_STYLE_COLOUR ( '', #1150 ) ;
#1379 = CIRCLE ( 'NONE', #1053, 6.250000000000000000 ) ;
#1380 = DIRECTION ( 'NONE',  ( 1.000000000000000000, 0.0000000000000000000, 0.0000000000000000000 ) ) ;
#1381 =( GEOMETRIC_REPRESENTATION_CONTEXT ( 3 ) GLOBAL_UNCERTAINTY_ASSIGNED_CONTEXT ( ( #706 ) ) GLOBAL_UNIT_ASSIGNED_CONTEXT ( ( #1001, #202, #673 ) ) REPRESENTATION_CONTEXT ( 'NONE', 'WORKASPACE' ) );
#1382 = CARTESIAN_POINT ( 'NONE',  ( 7.249999999999997335, -14.50000000000000000, 23.00000000000000000 ) ) ;
#1383 = SURFACE_STYLE_FILL_AREA ( #251 ) ;
#1384 = STYLED_ITEM ( 'NONE', ( #1014 ), #1442 ) ;
#1385 = CARTESIAN_POINT ( 'NONE',  ( 0.0000000000000000000, 0.0000000000000000000, 19.00000000000000000 ) ) ;
#1386 = FACE_OUTER_BOUND ( 'NONE', #654, .T. ) ;
#1387 = FILL_AREA_STYLE ('',( #829 ) ) ;
#1388 =( LENGTH_UNIT ( ) NAMED_UNIT ( * ) SI_UNIT ( .MILLI., .METRE. ) );
#1389 = CARTESIAN_POINT ( 'NONE',  ( -6.049999999999999822, -7.409113134841486521E-16, 0.2000000000000000111 ) ) ;
#1390 = EDGE_CURVE ( 'NONE', #100, #1309, #1073, .T. ) ;
#1391 = CARTESIAN_POINT ( 'NONE',  ( 6.049999999999999822, 0.0000000000000000000, 2.710505431213761085E-17 ) ) ;
#1392 = SURFACE_SIDE_STYLE ('',( #612 ) ) ;
#1393 = DIRECTION ( 'NONE',  ( -1.000000000000000000, 0.0000000000000000000, 0.0000000000000000000 ) ) ;
#1394 = EDGE_CURVE ( 'NONE', #125, #1127, #23, .T. ) ;
#1395 =( NAMED_UNIT ( * ) PLANE_ANGLE_UNIT ( ) SI_UNIT ( $, .RADIAN. ) );
#1396 = COLOUR_RGB ( '',0.2000000000000000111, 1.000000000000000000, 0.4705882352941176405 ) ;
#1397 =( GEOMETRIC_REPRESENTATION_CONTEXT ( 3 ) GLOBAL_UNCERTAINTY_ASSIGNED_CONTEXT ( ( #1240 ) ) GLOBAL_UNIT_ASSIGNED_CONTEXT ( ( #149, #128, #391 ) ) REPRESENTATION_CONTEXT ( 'NONE', 'WORKASPACE' ) );
#1398 = FILL_AREA_STYLE ('',( #964 ) ) ;
#1399 = MECHANICAL_DESIGN_GEOMETRIC_PRESENTATION_REPRESENTATION (  '', ( #594 ), #72 ) ;
#1400 = CARTESIAN_POINT ( 'NONE',  ( -1.600000000000000089, 1.959434878635765230E-16, 24.89999999999999858 ) ) ;
#1401 = MECHANICAL_DESIGN_GEOMETRIC_PRESENTATION_REPRESENTATION (  '', ( #717 ), #439 ) ;
#1402 =( NAMED_UNIT ( * ) PLANE_ANGLE_UNIT ( ) SI_UNIT ( $, .RADIAN. ) );
#1403 =( GEOMETRIC_REPRESENTATION_CONTEXT ( 3 ) GLOBAL_UNCERTAINTY_ASSIGNED_CONTEXT ( ( #1454 ) ) GLOBAL_UNIT_ASSIGNED_CONTEXT ( ( #1476, #6, #918 ) ) REPRESENTATION_CONTEXT ( 'NONE', 'WORKASPACE' ) );
#1404 = CARTESIAN_POINT ( 'NONE',  ( -6.250000000000000000, 7.654042494670957606E-16, 0.2000000000000000111 ) ) ;
#1405 = FILL_AREA_STYLE ('',( #643 ) ) ;
#1406 = DIRECTION ( 'NONE',  ( 0.0000000000000000000, 0.0000000000000000000, 1.000000000000000000 ) ) ;
#1407 =( LENGTH_UNIT ( ) NAMED_UNIT ( * ) SI_UNIT ( .MILLI., .METRE. ) );
#1408 = EDGE_CURVE ( 'NONE', #1078, #976, #1140, .T. ) ;
#1409 =( NAMED_UNIT ( * ) PLANE_ANGLE_UNIT ( ) SI_UNIT ( $, .RADIAN. ) );
#1410 = EDGE_LOOP ( 'NONE', ( #812, #891, #895, #994 ) ) ;
#1411 =( LENGTH_UNIT ( ) NAMED_UNIT ( * ) SI_UNIT ( .MILLI., .METRE. ) );
#1412 = FACE_OUTER_BOUND ( 'NONE', #914, .T. ) ;
#1413 = LINE ( 'NONE', #290, #255 ) ;
#1414 = DIRECTION ( 'NONE',  ( 1.000000000000000000, 0.0000000000000000000, 0.0000000000000000000 ) ) ;
#1415 = VERTEX_POINT ( 'NONE', #111 ) ;
#1416 = EDGE_CURVE ( 'NONE', #3, #453, #988, .T. ) ;
#1417 = EDGE_LOOP ( 'NONE', ( #815, #1292 ) ) ;
#1418 = SURFACE_SIDE_STYLE ('',( #287 ) ) ;
#1419 = CARTESIAN_POINT ( 'NONE',  ( -1.892893218813452849, 2.318125621547625644E-16, 25.39999999999999858 ) ) ;
#1420 = APPLICATION_CONTEXT ( 'automotive_design' ) ;
#1421 = SURFACE_STYLE_USAGE ( .BOTH. , #868 ) ;
#1422 = PRESENTATION_STYLE_ASSIGNMENT (( #498 ) ) ;
#1423 = AXIS2_PLACEMENT_3D ( 'NONE', #1389, #1047, #378 ) ;
#1424 = ORIENTED_EDGE ( 'NONE', *, *, #879, .F. ) ;
#1425 = CIRCLE ( 'NONE', #334, 7.250000000000000000 ) ;
#1426 = PRODUCT ( 'User Library-ER14250', 'User Library-ER14250', '', ( #405 ) ) ;
#1427 = CARTESIAN_POINT ( 'NONE',  ( 0.0000000000000000000, 0.0000000000000000000, 1.199999999999999956 ) ) ;
#1428 = CARTESIAN_POINT ( 'NONE',  ( 0.0000000000000000000, 0.0000000000000000000, 0.0000000000000000000 ) ) ;
#1429 = PRESENTATION_LAYER_ASSIGNMENT (  '', '', ( #392 ) ) ;
#1430 = VECTOR ( 'NONE', #349, 1000.000000000000000 ) ;
#1431 =( NAMED_UNIT ( * ) SI_UNIT ( $, .STERADIAN. ) SOLID_ANGLE_UNIT ( ) );
#1432 = PRESENTATION_LAYER_ASSIGNMENT (  '', '', ( #526 ) ) ;
#1433 = CARTESIAN_POINT ( 'NONE',  ( -6.250000000000000000, 7.654042494670957606E-16, 23.00000000000000000 ) ) ;
#1434 = DIRECTION ( 'NONE',  ( 1.000000000000000000, 0.0000000000000000000, -0.0000000000000000000 ) ) ;
#1435 = ORIENTED_EDGE ( 'NONE', *, *, #131, .F. ) ;
#1436 = UNCERTAINTY_MEASURE_WITH_UNIT (LENGTH_MEASURE( 1.000000000000000082E-05 ), #55, 'distance_accuracy_value', 'NONE');
#1437 = DIRECTION ( 'NONE',  ( 0.0000000000000000000, 0.0000000000000000000, 1.000000000000000000 ) ) ;
#1438 =( LENGTH_UNIT ( ) NAMED_UNIT ( * ) SI_UNIT ( .MILLI., .METRE. ) );
#1439 = DIRECTION ( 'NONE',  ( 0.0000000000000000000, 0.0000000000000000000, 1.000000000000000000 ) ) ;
#1440 = CARTESIAN_POINT ( 'NONE',  ( -2.100000000000000089, 4.200000000000000178, 25.19289321881345245 ) ) ;
#1441 = CARTESIAN_POINT ( 'NONE',  ( 6.835786437626905965, -13.67157287525380838, 0.1999999999999997335 ) ) ;
#1442 = ADVANCED_FACE ( 'NONE', ( #694 ), #903, .T. ) ;
#1443 = PRESENTATION_STYLE_ASSIGNMENT (( #159 ) ) ;
#1444 = SURFACE_STYLE_FILL_AREA ( #861 ) ;
#1445 = PRODUCT_DEFINITION_SHAPE ( 'NONE', 'NONE',  #1487 ) ;
#1446 = PRESENTATION_STYLE_ASSIGNMENT (( #341 ) ) ;
#1447 = EDGE_LOOP ( 'NONE', ( #204, #325, #621, #1016 ) ) ;
#1448 = APPLICATION_CONTEXT ( 'automotive_design' ) ;
#1449 = CARTESIAN_POINT ( 'NONE',  ( 0.0000000000000000000, 0.0000000000000000000, 24.50000000000304112 ) ) ;
#1450 = CARTESIAN_POINT ( 'NONE',  ( 6.250000000000000000, 12.50000000000000000, 0.1999999999999999001 ) ) ;
#1451 = PRODUCT_DEFINITION_CONTEXT ( 'detailed design', #19, 'design' ) ;
#1452 = SURFACE_STYLE_FILL_AREA ( #795 ) ;
#1453 = ORIENTED_EDGE ( 'NONE', *, *, #626, .F. ) ;
#1454 = UNCERTAINTY_MEASURE_WITH_UNIT (LENGTH_MEASURE( 1.000000000000000082E-05 ), #1476, 'distance_accuracy_value', 'NONE');
#1455 = FILL_AREA_STYLE ('',( #122 ) ) ;
#1456 = CIRCLE ( 'NONE', #980, 6.250000000022737368 ) ;
#1457 = CIRCLE ( 'NONE', #591, 0.5000000000000002220 ) ;
#1458 = APPLICATION_PROTOCOL_DEFINITION ( 'draft international standard', 'automotive_design', 1998, #19 ) ;
#1459 = AXIS2_PLACEMENT_3D ( 'NONE', #1249, #1242, #445 ) ;
#1460 = CARTESIAN_POINT ( 'NONE',  ( 7.250000000000000000, 14.49999999999999822, 23.58578643762690419 ) ) ;
#1461 = AXIS2_PLACEMENT_3D ( 'NONE', #419, #856, #1291 ) ;
#1462 = LINE ( 'NONE', #1334, #160 ) ;
#1463 = PRESENTATION_LAYER_ASSIGNMENT (  '', '', ( #288 ) ) ;
#1464 = EDGE_LOOP ( 'NONE', ( #345, #587 ) ) ;
#1465 = ADVANCED_FACE ( 'NONE', ( #814 ), #490, .T. ) ;
#1466 = ORIENTED_EDGE ( 'NONE', *, *, #760, .F. ) ;
#1467 =( NAMED_UNIT ( * ) SI_UNIT ( $, .STERADIAN. ) SOLID_ANGLE_UNIT ( ) );
#1468 = CARTESIAN_POINT ( 'NONE',  ( -6.250000000000002665, 12.50000000000000000, 0.1999999999999999001 ) ) ;
#1469 = CARTESIAN_POINT ( 'NONE',  ( 7.249999999999997335, 14.50000000000000000, 1.199999999999999956 ) ) ;
#1470 = VERTEX_POINT ( 'NONE', #531 ) ;
#1471 = UNCERTAINTY_MEASURE_WITH_UNIT (LENGTH_MEASURE( 1.000000000000000082E-05 ), #186, 'distance_accuracy_value', 'NONE');
#1472 = EDGE_CURVE ( 'NONE', #1309, #100, #916, .T. ) ;
#1473 = VERTEX_POINT ( 'NONE', #250 ) ;
#1474 = CONTEXT_DEPENDENT_SHAPE_REPRESENTATION ( #580, #1068 ) ;
#1475 = CARTESIAN_POINT ( 'NONE',  ( 2.100000000000000089, 4.200000000000000178, 25.19289321881345245 ) ) ;
#1476 =( LENGTH_UNIT ( ) NAMED_UNIT ( * ) SI_UNIT ( .MILLI., .METRE. ) );
#1477 = SURFACE_SIDE_STYLE ('',( #582 ) ) ;
#1478 = DIRECTION ( 'NONE',  ( 1.000000000000000000, 0.0000000000000000000, -0.0000000000000000000 ) ) ;
#1479 = ORIENTED_EDGE ( 'NONE', *, *, #208, .F. ) ;
#1480 = APPLICATION_CONTEXT ( 'automotive_design' ) ;
#1481 = ORIENTED_EDGE ( 'NONE', *, *, #849, .F. ) ;
#1482 = APPLICATION_PROTOCOL_DEFINITION ( 'draft international standard', 'automotive_design', 1998, #1062 ) ;
#1483 = SURFACE_SIDE_STYLE ('',( #938 ) ) ;
#1484 = ORIENTED_EDGE ( 'NONE', *, *, #1394, .T. ) ;
#1485 = NEXT_ASSEMBLY_USAGE_OCCURRENCE ( 'NAUO1', ' ', ' ', #350, #515, $ ) ;
#1486 = NEXT_ASSEMBLY_USAGE_OCCURRENCE ( 'NAUO2', ' ', ' ', #350, #59, $ ) ;
#1487 = NEXT_ASSEMBLY_USAGE_OCCURRENCE ( 'NAUO3', ' ', ' ', #350, #82, $ ) ;
#1488 = NEXT_ASSEMBLY_USAGE_OCCURRENCE ( 'NAUO4', ' ', ' ', #350, #806, $ ) ;
#1489 = NEXT_ASSEMBLY_USAGE_OCCURRENCE ( 'NAUO5', ' ', ' ', #350, #969, $ ) ;
ENDSEC;
END-ISO-10303-21;
